gitwavelength,r0,run_number,single_mode_power,multi_mode_power,time
1.55e-06,0.01,1,0.7134939047663406,0.07541830300786705,2025-10-13 01:10:07
1.55e-06,0.01,2,0.7003452582128035,0.11660972444016945,2025-10-13 01:10:11
1.55e-06,0.01,3,0.6933989418248313,0.07000094608207683,2025-10-13 01:10:15
1.55e-06,0.01,4,0.6848442483720326,0.13353552051042797,2025-10-13 01:10:20
1.55e-06,0.01,5,0.7132056013285837,0.09859037260669229,2025-10-13 01:10:24
1.55e-06,0.01,6,0.7424650021862519,0.07686717254884316,2025-10-13 01:10:28
1.55e-06,0.01,7,0.604112615681775,0.09478579244187478,2025-10-13 01:10:32
1.55e-06,0.01,8,0.735005673332683,0.06182407584193771,2025-10-13 01:10:37
1.55e-06,0.01,9,0.6855690516870939,0.07143819856550902,2025-10-13 01:10:41
1.55e-06,0.01,10,0.7514752283297184,0.13012284045899628,2025-10-13 01:10:45
1.55e-06,0.01,11,0.7859111836101267,0.08877915086538266,2025-10-13 01:10:49
1.55e-06,0.01,12,0.6577896033978902,0.08982781404788692,2025-10-13 01:10:54
1.55e-06,0.01,13,0.6381844686296548,0.07337074614628285,2025-10-13 01:10:58
1.55e-06,0.01,14,0.5813658361639192,0.14787676105750888,2025-10-13 01:11:02
1.55e-06,0.01,15,0.6420486652321796,0.07101301788142983,2025-10-13 01:11:07
1.55e-06,0.01,16,0.7268527216785015,0.04949155185031683,2025-10-13 01:11:11
1.55e-06,0.01,17,0.7178187166114772,0.08208558721227052,2025-10-13 01:11:15
1.55e-06,0.01,18,0.6909729725451466,0.10414487375027806,2025-10-13 01:11:20
1.55e-06,0.01,19,0.6843537933470303,0.11880977760255591,2025-10-13 01:11:24
1.55e-06,0.01,20,0.6570394319066898,0.0649402429221713,2025-10-13 01:11:28
1.55e-06,0.01,21,0.7186301292113294,0.07974388439739609,2025-10-13 01:11:32
1.55e-06,0.01,22,0.6847690248738709,0.1296609016437683,2025-10-13 01:11:37
1.55e-06,0.01,23,0.7802911905737347,0.17397039199531342,2025-10-13 01:11:41
1.55e-06,0.01,24,0.6393045288023239,0.05877498424999365,2025-10-13 01:11:45
1.55e-06,0.01,25,0.7550033752895061,0.05297513581387921,2025-10-13 01:11:49
1.55e-06,0.01,26,0.6527549881884941,0.14123181054175785,2025-10-13 01:11:54
1.55e-06,0.01,27,0.7067204043094342,0.10540371442331191,2025-10-13 01:11:58
1.55e-06,0.01,28,0.6229573653287542,0.09323983651385066,2025-10-13 01:12:02
1.55e-06,0.01,29,0.6507942506228404,0.10853967883923792,2025-10-13 01:12:07
1.55e-06,0.01,30,0.616849990961898,0.04986265676595732,2025-10-13 01:12:11
1.55e-06,0.01,31,0.6406224561541211,0.07783218950536176,2025-10-13 01:12:15
1.55e-06,0.01,32,0.5572597330772847,0.05731394288988796,2025-10-13 01:12:19
1.55e-06,0.01,33,0.6522282192312885,0.04674926487874979,2025-10-13 01:12:24
1.55e-06,0.01,34,0.6766820392729116,0.17503040878360981,2025-10-13 01:12:28
1.55e-06,0.01,35,0.6939998834379699,0.07354009516420867,2025-10-13 01:12:32
1.55e-06,0.01,36,0.6824810571616882,0.06895456789652124,2025-10-13 01:12:37
1.55e-06,0.01,37,0.729035997855661,0.08839774111390498,2025-10-13 01:12:41
1.55e-06,0.01,38,0.6807344929673586,0.1004390944513353,2025-10-13 01:12:45
1.55e-06,0.01,39,0.7161010555951459,0.10217043875700352,2025-10-13 01:12:49
1.55e-06,0.01,40,0.7017503531085029,0.03183042199923378,2025-10-13 01:12:54
1.55e-06,0.01,41,0.6772046813521764,0.037811127261022835,2025-10-13 01:12:58
1.55e-06,0.01,42,0.6876304590881662,0.08538015660555916,2025-10-13 01:13:02
1.55e-06,0.01,43,0.7463555335184997,0.09110731064285832,2025-10-13 01:13:06
1.55e-06,0.01,44,0.6243360911356932,0.11913733751517278,2025-10-13 01:13:11
1.55e-06,0.01,45,0.7266234962608221,0.08497087803250775,2025-10-13 01:13:15
1.55e-06,0.01,46,0.6946690502844848,0.07703241166996964,2025-10-13 01:13:19
1.55e-06,0.01,47,0.6698033905028383,0.07063876444073104,2025-10-13 01:13:23
1.55e-06,0.01,48,0.7440670125363416,0.10191050327327898,2025-10-13 01:13:28
1.55e-06,0.01,49,0.6866386209903902,0.08994778947715049,2025-10-13 01:13:32
1.55e-06,0.01,50,0.5695399700109077,0.07987298103317127,2025-10-13 01:13:36
1.55e-06,0.01,51,0.6395409054420432,0.12620533562407063,2025-10-13 01:13:40
1.55e-06,0.01,52,0.6899009901471502,0.11023028395834973,2025-10-13 01:13:45
1.55e-06,0.01,53,0.7272596891180668,0.12870880003620416,2025-10-13 01:13:49
1.55e-06,0.01,54,0.6858261000743253,0.05885664038312377,2025-10-13 01:13:53
1.55e-06,0.01,55,0.7307401451925907,0.10085249945338755,2025-10-13 01:13:57
1.55e-06,0.01,56,0.6576368229782295,0.057329652760841336,2025-10-13 01:14:02
1.55e-06,0.01,57,0.6117125438742946,0.05468708172546048,2025-10-13 01:14:06
1.55e-06,0.01,58,0.663226746732887,0.05865145471805867,2025-10-13 01:14:10
1.55e-06,0.01,59,0.6377047738575173,0.04024546911559396,2025-10-13 01:14:14
1.55e-06,0.01,60,0.6474027052300736,0.02346896151947257,2025-10-13 01:14:19
1.55e-06,0.01,61,0.6660771547575003,0.026973738065329236,2025-10-13 01:14:23
1.55e-06,0.01,62,0.7114701640409519,0.0445840319761285,2025-10-13 01:14:27
1.55e-06,0.01,63,0.6414269281402779,0.030264268429639495,2025-10-13 01:14:31
1.55e-06,0.01,64,0.601919337838697,0.10027136276984466,2025-10-13 01:14:36
1.55e-06,0.01,65,0.6627523127306407,0.053752888309178036,2025-10-13 01:14:40
1.55e-06,0.01,66,0.6318981845348055,0.06639198281116407,2025-10-13 01:14:44
1.55e-06,0.01,67,0.6411249712191659,0.061663674543995975,2025-10-13 01:14:48
1.55e-06,0.01,68,0.5986214233829056,0.09759068128139224,2025-10-13 01:14:53
1.55e-06,0.01,69,0.6978459585105471,0.1290314390903246,2025-10-13 01:14:57
1.55e-06,0.01,70,0.7017854230989102,0.11326818616161868,2025-10-13 01:15:01
1.55e-06,0.01,71,0.6981011524143936,0.07664994566020378,2025-10-13 01:15:05
1.55e-06,0.01,72,0.7211712640239359,0.07156915520166054,2025-10-13 01:15:10
1.55e-06,0.01,73,0.6611583185853014,0.08285816420010128,2025-10-13 01:15:14
1.55e-06,0.01,74,0.6454380090747578,0.03716298159241371,2025-10-13 01:15:18
1.55e-06,0.01,75,0.6590043510626757,0.22050632405719364,2025-10-13 01:15:22
1.55e-06,0.01,76,0.6845581502611364,0.08239370635911246,2025-10-13 01:15:27
1.55e-06,0.01,77,0.6651283141158684,0.09570391869915759,2025-10-13 01:15:31
1.55e-06,0.01,78,0.6846645251750602,0.064256224712048,2025-10-13 01:15:35
1.55e-06,0.01,79,0.6932899958589175,0.09066600835904219,2025-10-13 01:15:39
1.55e-06,0.01,80,0.6767442159349959,0.07762715960211079,2025-10-13 01:15:44
1.55e-06,0.01,81,0.6357779984505727,0.08223195344734367,2025-10-13 01:15:48
1.55e-06,0.01,82,0.6215687868070577,0.06964840990584686,2025-10-13 01:15:52
1.55e-06,0.01,83,0.7203787330442166,0.07838008782143166,2025-10-13 01:15:56
1.55e-06,0.01,84,0.6524617642944698,0.07263590180662025,2025-10-13 01:16:01
1.55e-06,0.01,85,0.6683915163097313,0.04691236694494075,2025-10-13 01:16:05
1.55e-06,0.01,86,0.7262314960439643,0.0900204868109414,2025-10-13 01:16:09
1.55e-06,0.01,87,0.7251074732156457,0.08092267994102054,2025-10-13 01:16:13
1.55e-06,0.01,88,0.6051783057979286,0.11162313808487082,2025-10-13 01:16:18
1.55e-06,0.01,89,0.6890267957391142,0.0801570051414593,2025-10-13 01:16:22
1.55e-06,0.01,90,0.6910990190725859,0.08736063898453546,2025-10-13 01:16:26
1.55e-06,0.01,91,0.760292713639012,0.10313595933328923,2025-10-13 01:16:30
1.55e-06,0.01,92,0.7068631955683841,0.1018611113260477,2025-10-13 01:16:35
1.55e-06,0.01,93,0.6753212662109943,0.062322393420809,2025-10-13 01:16:39
1.55e-06,0.01,94,0.6455441925109343,0.14898907853238633,2025-10-13 01:16:43
1.55e-06,0.01,95,0.7795753556928631,0.1667581058589351,2025-10-13 01:16:48
1.55e-06,0.01,96,0.7580271726297148,0.10998527340521995,2025-10-13 01:16:52
1.55e-06,0.01,97,0.6212990809862958,0.08799555200886543,2025-10-13 01:16:56
1.55e-06,0.01,98,0.7050751732834762,0.14123506748736098,2025-10-13 01:17:00
1.55e-06,0.01,99,0.7652600625363574,0.10150275855118136,2025-10-13 01:17:05
1.55e-06,0.01,100,0.7458037377603135,0.06467859223538323,2025-10-13 01:17:09
1.55e-06,0.03,1,0.6744960359562697,0.040422215337421616,2025-10-13 01:17:13
1.55e-06,0.03,2,0.6266268647819893,0.09781053262041901,2025-10-13 01:17:17
1.55e-06,0.03,3,0.6604294727581228,0.0787807084639897,2025-10-13 01:17:22
1.55e-06,0.03,4,0.6905523047443372,0.048739067720695375,2025-10-13 01:17:26
1.55e-06,0.03,5,0.7540521936773834,0.08030564638583587,2025-10-13 01:17:30
1.55e-06,0.03,6,0.6666053810871657,0.13484500496910465,2025-10-13 01:17:34
1.55e-06,0.03,7,0.6590066996377402,0.05115803605633441,2025-10-13 01:17:39
1.55e-06,0.03,8,0.7048940195411064,0.15831005458610617,2025-10-13 01:17:43
1.55e-06,0.03,9,0.5899212995824872,0.08501923489942538,2025-10-13 01:17:47
1.55e-06,0.03,10,0.5870892303338422,0.08577573682939024,2025-10-13 01:17:51
1.55e-06,0.03,11,0.7429090194221004,0.20587412182722223,2025-10-13 01:17:56
1.55e-06,0.03,12,0.725075545494348,0.10659993868430583,2025-10-13 01:18:00
1.55e-06,0.03,13,0.7044535849203001,0.1353107827443692,2025-10-13 01:18:04
1.55e-06,0.03,14,0.7330568193351674,0.12160056777869681,2025-10-13 01:18:08
1.55e-06,0.03,15,0.7565693557890704,0.11377690237284138,2025-10-13 01:18:13
1.55e-06,0.03,16,0.670581527347091,0.1730349124693439,2025-10-13 01:18:17
1.55e-06,0.03,17,0.6863017559188306,0.037999907927964406,2025-10-13 01:18:21
1.55e-06,0.03,18,0.6964158382164857,0.09125792748135066,2025-10-13 01:18:26
1.55e-06,0.03,19,0.7027217357333017,0.0914326990857751,2025-10-13 01:18:30
1.55e-06,0.03,20,0.6588001566838384,0.0748236579037214,2025-10-13 01:18:34
1.55e-06,0.03,21,0.7008340533958664,0.07504114211666175,2025-10-13 01:18:38
1.55e-06,0.03,22,0.7038259084584506,0.05603720001868587,2025-10-13 01:18:43
1.55e-06,0.03,23,0.7055062103492643,0.094074578811693,2025-10-13 01:18:47
1.55e-06,0.03,24,0.6223838446970358,0.07234200673137364,2025-10-13 01:18:51
1.55e-06,0.03,25,0.6850968824177095,0.14610832109838975,2025-10-13 01:18:55
1.55e-06,0.03,26,0.6463181142567199,0.08264506642056818,2025-10-13 01:19:00
1.55e-06,0.03,27,0.6673298242933715,0.09647078583969125,2025-10-13 01:19:04
1.55e-06,0.03,28,0.587902236245044,0.14610450383177628,2025-10-13 01:19:08
1.55e-06,0.03,29,0.5727643035336093,0.0516908071247733,2025-10-13 01:19:12
1.55e-06,0.03,30,0.6452461934838366,0.06143153585970132,2025-10-13 01:19:17
1.55e-06,0.03,31,0.6833904006187035,0.1420791560690001,2025-10-13 01:19:21
1.55e-06,0.03,32,0.643375982159027,0.08492018907693075,2025-10-13 01:19:25
1.55e-06,0.03,33,0.6593960076143961,0.13862598252407976,2025-10-13 01:19:29
1.55e-06,0.03,34,0.68930297377475,0.05062733825673476,2025-10-13 01:19:34
1.55e-06,0.03,35,0.6414267382707419,0.062242269673224805,2025-10-13 01:19:38
1.55e-06,0.03,36,0.7305499871744949,0.06926228829991544,2025-10-13 01:19:42
1.55e-06,0.03,37,0.6249796915632726,0.08179420852923407,2025-10-13 01:19:46
1.55e-06,0.03,38,0.7357820125194975,0.06242312103861594,2025-10-13 01:19:51
1.55e-06,0.03,39,0.665396886943542,0.09690141938557716,2025-10-13 01:19:55
1.55e-06,0.03,40,0.6495383106316062,0.04222337712104041,2025-10-13 01:19:59
1.55e-06,0.03,41,0.6610418771348612,0.14173601513197914,2025-10-13 01:20:03
1.55e-06,0.03,42,0.6720088201224613,0.06908091912566476,2025-10-13 01:20:08
1.55e-06,0.03,43,0.5815304947378479,0.052781557909543676,2025-10-13 01:20:12
1.55e-06,0.03,44,0.7716143880791035,0.15624385502792928,2025-10-13 01:20:16
1.55e-06,0.03,45,0.757115364371163,0.16665987749324346,2025-10-13 01:20:20
1.55e-06,0.03,46,0.7151318430335691,0.04909169184872378,2025-10-13 01:20:25
1.55e-06,0.03,47,0.6316395458172421,0.11589235370290411,2025-10-13 01:20:29
1.55e-06,0.03,48,0.6772443460604696,0.0759531598076812,2025-10-13 01:20:33
1.55e-06,0.03,49,0.6315277881561536,0.0534437183696235,2025-10-13 01:20:37
1.55e-06,0.03,50,0.6264324038273665,0.03888758444751042,2025-10-13 01:20:42
1.55e-06,0.03,51,0.5860215163649178,0.07369632805516788,2025-10-13 01:20:46
1.55e-06,0.03,52,0.6899648395930421,0.09417980201302663,2025-10-13 01:20:50
1.55e-06,0.03,53,0.6441697175734915,0.09998100638194757,2025-10-13 01:20:54
1.55e-06,0.03,54,0.5554971561148642,0.08888010744448932,2025-10-13 01:20:59
1.55e-06,0.03,55,0.7209390997736418,0.1640538476336027,2025-10-13 01:21:03
1.55e-06,0.03,56,0.7493679537894166,0.05658208253806867,2025-10-13 01:21:07
1.55e-06,0.03,57,0.6414281174097393,0.10446095781823761,2025-10-13 01:21:11
1.55e-06,0.03,58,0.683328105636116,0.12105132629807053,2025-10-13 01:21:16
1.55e-06,0.03,59,0.5874558767926115,0.056027982667654554,2025-10-13 01:21:20
1.55e-06,0.03,60,0.6786496014261039,0.1123588639307645,2025-10-13 01:21:24
1.55e-06,0.03,61,0.7108771342145,0.10344153205757312,2025-10-13 01:21:28
1.55e-06,0.03,62,0.7401559632308006,0.09861315515325851,2025-10-13 01:21:33
1.55e-06,0.03,63,0.7320228538289413,0.09872525220679705,2025-10-13 01:21:37
1.55e-06,0.03,64,0.6443000609476434,0.09396377899901384,2025-10-13 01:21:41
1.55e-06,0.03,65,0.5805745772509683,0.05619683526866229,2025-10-13 01:21:46
1.55e-06,0.03,66,0.5539413336602946,0.09104377106750179,2025-10-13 01:21:50
1.55e-06,0.03,67,0.6940522329013544,0.13411625348269748,2025-10-13 01:21:54
1.55e-06,0.03,68,0.6693492864870236,0.05922424759035099,2025-10-13 01:21:58
1.55e-06,0.03,69,0.689926053359365,0.07921962857162891,2025-10-13 01:22:03
1.55e-06,0.03,70,0.7069278756813042,0.12119172176675132,2025-10-13 01:22:07
1.55e-06,0.03,71,0.6941444263011392,0.12923786747186355,2025-10-13 01:22:11
1.55e-06,0.03,72,0.6268202931203514,0.137754002917088,2025-10-13 01:22:15
1.55e-06,0.03,73,0.6705910429690942,0.07678653804349207,2025-10-13 01:22:20
1.55e-06,0.03,74,0.6794315051551938,0.0993494462088094,2025-10-13 01:22:24
1.55e-06,0.03,75,0.6906815159223739,0.0975193428769147,2025-10-13 01:22:28
1.55e-06,0.03,76,0.6806773741301995,0.09679866591321397,2025-10-13 01:22:32
1.55e-06,0.03,77,0.6109261148482498,0.04188073090042914,2025-10-13 01:22:37
1.55e-06,0.03,78,0.7343134246395017,0.12005178471845876,2025-10-13 01:22:41
1.55e-06,0.03,79,0.7172887496290419,0.07758173351295498,2025-10-13 01:22:45
1.55e-06,0.03,80,0.6870579041525632,0.08660180573873542,2025-10-13 01:22:50
1.55e-06,0.03,81,0.6891913295596238,0.046350764788361115,2025-10-13 01:22:54
1.55e-06,0.03,82,0.6669253663750341,0.09501903351697992,2025-10-13 01:22:58
1.55e-06,0.03,83,0.6637370913270063,0.16099742982711115,2025-10-13 01:23:02
1.55e-06,0.03,84,0.6668814658263427,0.06252828278950719,2025-10-13 01:23:07
1.55e-06,0.03,85,0.629822322961438,0.08210854942943357,2025-10-13 01:23:11
1.55e-06,0.03,86,0.6295282261857222,0.09984253218352153,2025-10-13 01:23:15
1.55e-06,0.03,87,0.6706609911670647,0.07346837482083561,2025-10-13 01:23:19
1.55e-06,0.03,88,0.6789184783664778,0.06255746857361276,2025-10-13 01:23:24
1.55e-06,0.03,89,0.6561242976071179,0.11244561660841407,2025-10-13 01:23:28
1.55e-06,0.03,90,0.7511325926184611,0.07006513140349911,2025-10-13 01:23:32
1.55e-06,0.03,91,0.6946794991800285,0.05420857757211809,2025-10-13 01:23:36
1.55e-06,0.03,92,0.6642620739724991,0.11443936460444737,2025-10-13 01:23:41
1.55e-06,0.03,93,0.6884649390353031,0.056512205668484895,2025-10-13 01:23:45
1.55e-06,0.03,94,0.7367677008900564,0.09006631522002323,2025-10-13 01:23:49
1.55e-06,0.03,95,0.6229793146827106,0.082430544354018,2025-10-13 01:23:53
1.55e-06,0.03,96,0.7368581934501993,0.17928806327675773,2025-10-13 01:23:58
1.55e-06,0.03,97,0.7192455374073198,0.07315789997999157,2025-10-13 01:24:02
1.55e-06,0.03,98,0.7310132703164027,0.09035645187616542,2025-10-13 01:24:06
1.55e-06,0.03,99,0.6443342759433539,0.07902385463690527,2025-10-13 01:24:10
1.55e-06,0.03,100,0.661655162123143,0.08394768842180447,2025-10-13 01:24:15
1.55e-06,0.05,1,0.7235912040768544,0.15165570481431773,2025-10-13 01:24:19
1.55e-06,0.05,2,0.6588596678804544,0.06966281759218503,2025-10-13 01:24:23
1.55e-06,0.05,3,0.7633061226611539,0.09637644421668433,2025-10-13 01:24:28
1.55e-06,0.05,4,0.7293702767068136,0.0923867712255248,2025-10-13 01:24:32
1.55e-06,0.05,5,0.7345540747762085,0.07176004531123166,2025-10-13 01:24:36
1.55e-06,0.05,6,0.6979559706812231,0.1320760802659568,2025-10-13 01:24:40
1.55e-06,0.05,7,0.6908767103734494,0.0631864673996536,2025-10-13 01:24:45
1.55e-06,0.05,8,0.6353847040873792,0.10753099754618752,2025-10-13 01:24:49
1.55e-06,0.05,9,0.5648266370756778,0.08851072731988316,2025-10-13 01:24:53
1.55e-06,0.05,10,0.7416879258722596,0.04882443341423738,2025-10-13 01:24:57
1.55e-06,0.05,11,0.7399682803700568,0.0543861547253483,2025-10-13 01:25:02
1.55e-06,0.05,12,0.664621226933362,0.05908438415015253,2025-10-13 01:25:06
1.55e-06,0.05,13,0.6717394970775961,0.08958419087728514,2025-10-13 01:25:10
1.55e-06,0.05,14,0.6156037770298606,0.06640232499121189,2025-10-13 01:25:14
1.55e-06,0.05,15,0.6326929856960636,0.11188096210573532,2025-10-13 01:25:19
1.55e-06,0.05,16,0.6496330399174195,0.04340430610237002,2025-10-13 01:25:23
1.55e-06,0.05,17,0.6270709821879666,0.10434905227390547,2025-10-13 01:25:27
1.55e-06,0.05,18,0.6996733678474676,0.039994258766091285,2025-10-13 01:25:31
1.55e-06,0.05,19,0.7115256383908523,0.10501460802438482,2025-10-13 01:25:36
1.55e-06,0.05,20,0.6792826897365295,0.11324782687350933,2025-10-13 01:25:40
1.55e-06,0.05,21,0.6707355333570657,0.10912519470001852,2025-10-13 01:25:44
1.55e-06,0.05,22,0.7112677493545924,0.13888617665278707,2025-10-13 01:25:48
1.55e-06,0.05,23,0.6546666553324,0.08753423729362785,2025-10-13 01:25:53
1.55e-06,0.05,24,0.649672953771042,0.10893961144624693,2025-10-13 01:25:57
1.55e-06,0.05,25,0.6442614222350561,0.07378221537174307,2025-10-13 01:26:01
1.55e-06,0.05,26,0.7139755986752415,0.08614112415814869,2025-10-13 01:26:06
1.55e-06,0.05,27,0.6488382948261523,0.12086053779452748,2025-10-13 01:26:10
1.55e-06,0.05,28,0.6276156014167656,0.08680776265484433,2025-10-13 01:26:14
1.55e-06,0.05,29,0.7308263146387977,0.07801635339079671,2025-10-13 01:26:18
1.55e-06,0.05,30,0.5898457368473918,0.07786856225154322,2025-10-13 01:26:23
1.55e-06,0.05,31,0.7094857599847262,0.0974917497359212,2025-10-13 01:26:27
1.55e-06,0.05,32,0.7127577852042305,0.24506289345914734,2025-10-13 01:26:31
1.55e-06,0.05,33,0.6688555736784776,0.05001962391578989,2025-10-13 01:26:35
1.55e-06,0.05,34,0.7286489759505407,0.11538591918713607,2025-10-13 01:26:40
1.55e-06,0.05,35,0.7304241685559683,0.0630045647902757,2025-10-13 01:26:44
1.55e-06,0.05,36,0.6772972914971598,0.0807743188638557,2025-10-13 01:26:48
1.55e-06,0.05,37,0.695076384875803,0.054414300450820026,2025-10-13 01:26:53
1.55e-06,0.05,38,0.679191956074708,0.14613814551042897,2025-10-13 01:26:57
1.55e-06,0.05,39,0.6945450692869808,0.1162061498219603,2025-10-13 01:27:01
1.55e-06,0.05,40,0.6969250485992,0.05739791845786202,2025-10-13 01:27:05
1.55e-06,0.05,41,0.7173552883826965,0.13122040308383257,2025-10-13 01:27:10
1.55e-06,0.05,42,0.6734671540750471,0.07195918048370217,2025-10-13 01:27:14
1.55e-06,0.05,43,0.6563640418754815,0.07269543452760985,2025-10-13 01:27:18
1.55e-06,0.05,44,0.7164548801282036,0.07102333576745573,2025-10-13 01:27:22
1.55e-06,0.05,45,0.688685546000823,0.06892590820330874,2025-10-13 01:27:27
1.55e-06,0.05,46,0.6690165425552169,0.08055958031587443,2025-10-13 01:27:31
1.55e-06,0.05,47,0.7222878057927926,0.11110225617526548,2025-10-13 01:27:35
1.55e-06,0.05,48,0.6309061305280316,0.08611321095189056,2025-10-13 01:27:40
1.55e-06,0.05,49,0.7911415872622547,0.0713421487309833,2025-10-13 01:27:44
1.55e-06,0.05,50,0.6544412055201769,0.09283638336386635,2025-10-13 01:27:48
1.55e-06,0.05,51,0.6688801760753392,0.08551061731269612,2025-10-13 01:27:52
1.55e-06,0.05,52,0.7309564424492775,0.05616066694587585,2025-10-13 01:27:57
1.55e-06,0.05,53,0.7140073769106543,0.06525097439449691,2025-10-13 01:28:01
1.55e-06,0.05,54,0.683509348282822,0.07651543980188318,2025-10-13 01:28:05
1.55e-06,0.05,55,0.6351334469419417,0.05703895570313192,2025-10-13 01:28:09
1.55e-06,0.05,56,0.6684878499828304,0.15181119146951513,2025-10-13 01:28:14
1.55e-06,0.05,57,0.6637662979583753,0.062330290847204706,2025-10-13 01:28:18
1.55e-06,0.05,58,0.724197585462336,0.08044363722727674,2025-10-13 01:28:22
1.55e-06,0.05,59,0.6949035788255516,0.06065045011214436,2025-10-13 01:28:27
1.55e-06,0.05,60,0.758045560235414,0.08609360229971807,2025-10-13 01:28:31
1.55e-06,0.05,61,0.7096350221932439,0.0985738517580889,2025-10-13 01:28:35
1.55e-06,0.05,62,0.7356720835859915,0.10210967663226525,2025-10-13 01:28:39
1.55e-06,0.05,63,0.6540893040898756,0.048889466483335475,2025-10-13 01:28:44
1.55e-06,0.05,64,0.6871859839000554,0.11401040676691526,2025-10-13 01:28:48
1.55e-06,0.05,65,0.6672603948199962,0.04924065923029688,2025-10-13 01:28:52
1.55e-06,0.05,66,0.6494909884173974,0.05834584431909181,2025-10-13 01:28:56
1.55e-06,0.05,67,0.7357310350336493,0.11796427700866181,2025-10-13 01:29:01
1.55e-06,0.05,68,0.6272058609489713,0.036912799358018694,2025-10-13 01:29:05
1.55e-06,0.05,69,0.7370649972549965,0.16536570857729513,2025-10-13 01:29:09
1.55e-06,0.05,70,0.6134192132624345,0.043600112099561696,2025-10-13 01:29:14
1.55e-06,0.05,71,0.7108898123278171,0.08355404381151034,2025-10-13 01:29:18
1.55e-06,0.05,72,0.7601207463681308,0.08448856565716666,2025-10-13 01:29:22
1.55e-06,0.05,73,0.7277179203129251,0.0314075294208998,2025-10-13 01:29:26
1.55e-06,0.05,74,0.6276606012647038,0.043387613780377775,2025-10-13 01:29:31
1.55e-06,0.05,75,0.6318350808161147,0.12626316675758292,2025-10-13 01:29:35
1.55e-06,0.05,76,0.7102727329068106,0.16926714092858208,2025-10-13 01:29:39
1.55e-06,0.05,77,0.7053901822174496,0.0775065187033615,2025-10-13 01:29:43
1.55e-06,0.05,78,0.6093644178639571,0.04360862317822842,2025-10-13 01:29:48
1.55e-06,0.05,79,0.7645419202247112,0.1262826535465513,2025-10-13 01:29:52
1.55e-06,0.05,80,0.6362343596878983,0.10906540507204182,2025-10-13 01:29:56
1.55e-06,0.05,81,0.7236530382994175,0.09144214819071103,2025-10-13 01:30:01
1.55e-06,0.05,82,0.6357808629263404,0.1212460566502685,2025-10-13 01:30:05
1.55e-06,0.05,83,0.6704051317884271,0.05261709646752111,2025-10-13 01:30:09
1.55e-06,0.05,84,0.6867987788332435,0.09751683164181835,2025-10-13 01:30:13
1.55e-06,0.05,85,0.6802607536038133,0.11006434632433731,2025-10-13 01:30:18
1.55e-06,0.05,86,0.7235306787049186,0.1209812658476784,2025-10-13 01:30:22
1.55e-06,0.05,87,0.7571406756291444,0.10842953037931644,2025-10-13 01:30:26
1.55e-06,0.05,88,0.714974583793023,0.09697916117350011,2025-10-13 01:30:31
1.55e-06,0.05,89,0.6536382026941551,0.08126957008003789,2025-10-13 01:30:35
1.55e-06,0.05,90,0.6709389955165406,0.11429006409301594,2025-10-13 01:30:39
1.55e-06,0.05,91,0.6413685076267805,0.07738711352811488,2025-10-13 01:30:43
1.55e-06,0.05,92,0.7210473717090283,0.08710938512525028,2025-10-13 01:30:48
1.55e-06,0.05,93,0.6476158276741949,0.03635703789533207,2025-10-13 01:30:52
1.55e-06,0.05,94,0.6921030174235869,0.13730694787609224,2025-10-13 01:30:56
1.55e-06,0.05,95,0.6895425646072539,0.05589100276802813,2025-10-13 01:31:00
1.55e-06,0.05,96,0.7265795474037688,0.07118602376546689,2025-10-13 01:31:05
1.55e-06,0.05,97,0.6107114305790424,0.17568163420667898,2025-10-13 01:31:09
1.55e-06,0.05,98,0.7969221042425438,0.08020182039682004,2025-10-13 01:31:13
1.55e-06,0.05,99,0.7100422159690715,0.13877057247322747,2025-10-13 01:31:18
1.55e-06,0.05,100,0.7351271127861996,0.10584386586794729,2025-10-13 01:31:22
1.55e-06,0.07,1,0.7335890552038843,0.09946031934765781,2025-10-13 01:31:26
1.55e-06,0.07,2,0.6522516878702549,0.07576877628238173,2025-10-13 01:31:30
1.55e-06,0.07,3,0.6694626285278621,0.07448183520226619,2025-10-13 01:31:35
1.55e-06,0.07,4,0.5832131245863462,0.05486732833490745,2025-10-13 01:31:39
1.55e-06,0.07,5,0.7327169421684374,0.06526307184423373,2025-10-13 01:31:43
1.55e-06,0.07,6,0.6425748821415749,0.07855197150301234,2025-10-13 01:31:48
1.55e-06,0.07,7,0.6908688481611276,0.10232138343248023,2025-10-13 01:31:52
1.55e-06,0.07,8,0.6786896021358908,0.12119349833851167,2025-10-13 01:31:56
1.55e-06,0.07,9,0.6538569481056251,0.07170950896446311,2025-10-13 01:32:00
1.55e-06,0.07,10,0.7114405670629231,0.07954427693589397,2025-10-13 01:32:05
1.55e-06,0.07,11,0.6237611718417047,0.06624217466924573,2025-10-13 01:32:09
1.55e-06,0.07,12,0.7205966330284792,0.0894068566847792,2025-10-13 01:32:13
1.55e-06,0.07,13,0.7305484735642931,0.07753852248560412,2025-10-13 01:32:17
1.55e-06,0.07,14,0.6680156230285058,0.061315194589199956,2025-10-13 01:32:22
1.55e-06,0.07,15,0.6973437282078297,0.06272800661866641,2025-10-13 01:32:26
1.55e-06,0.07,16,0.6956848219022783,0.16404927463432548,2025-10-13 01:32:30
1.55e-06,0.07,17,0.6278091425256231,0.09766583724655765,2025-10-13 01:32:35
1.55e-06,0.07,18,0.655782405623346,0.12488372995740167,2025-10-13 01:32:39
1.55e-06,0.07,19,0.7077767382141477,0.1076436059177637,2025-10-13 01:32:43
1.55e-06,0.07,20,0.6566049170765077,0.10325926378276293,2025-10-13 01:32:48
1.55e-06,0.07,21,0.6961009407844914,0.07001099670010336,2025-10-13 01:32:52
1.55e-06,0.07,22,0.6590305986664502,0.08908545198569137,2025-10-13 01:32:56
1.55e-06,0.07,23,0.6494729333882928,0.1304932941655611,2025-10-13 01:33:00
1.55e-06,0.07,24,0.6374849954822439,0.04731775447106329,2025-10-13 01:33:05
1.55e-06,0.07,25,0.7208501724720239,0.05797562659187619,2025-10-13 01:33:09
1.55e-06,0.07,26,0.7434857723410144,0.045774428492970705,2025-10-13 01:33:13
1.55e-06,0.07,27,0.6919359343808044,0.050914568379946346,2025-10-13 01:33:17
1.55e-06,0.07,28,0.7264606393520198,0.10484740896273158,2025-10-13 01:33:22
1.55e-06,0.07,29,0.6737766545586957,0.03626542475790194,2025-10-13 01:33:26
1.55e-06,0.07,30,0.6839102056609975,0.11343512457743024,2025-10-13 01:33:30
1.55e-06,0.07,31,0.7925967982323079,0.11389853708346251,2025-10-13 01:33:34
1.55e-06,0.07,32,0.6916353558658782,0.05756959863885536,2025-10-13 01:33:39
1.55e-06,0.07,33,0.7803004565318872,0.14665975869102071,2025-10-13 01:33:43
1.55e-06,0.07,34,0.6139218561000432,0.0832209788686573,2025-10-13 01:33:47
1.55e-06,0.07,35,0.7050527246066249,0.06500320750670836,2025-10-13 01:33:52
1.55e-06,0.07,36,0.717598686031997,0.06968311497394297,2025-10-13 01:33:56
1.55e-06,0.07,37,0.722971922476594,0.06638894156714197,2025-10-13 01:34:00
1.55e-06,0.07,38,0.6616458099697784,0.07903832787535182,2025-10-13 01:34:04
1.55e-06,0.07,39,0.5954501385857015,0.07394970614799426,2025-10-13 01:34:09
1.55e-06,0.07,40,0.7072832308392961,0.12368010252344243,2025-10-13 01:34:13
1.55e-06,0.07,41,0.6949730132896326,0.08465748573311138,2025-10-13 01:34:17
1.55e-06,0.07,42,0.6899724191276242,0.07921928255278218,2025-10-13 01:34:22
1.55e-06,0.07,43,0.6352577724450363,0.07337369603932442,2025-10-13 01:34:26
1.55e-06,0.07,44,0.5975417257866235,0.05628403463212996,2025-10-13 01:34:30
1.55e-06,0.07,45,0.7224617118330965,0.16691109997212217,2025-10-13 01:34:34
1.55e-06,0.07,46,0.6758787446359273,0.09500053739331757,2025-10-13 01:34:39
1.55e-06,0.07,47,0.760140155056692,0.1592682216570791,2025-10-13 01:34:43
1.55e-06,0.07,48,0.7713538531351494,0.0823688229603813,2025-10-13 01:34:47
1.55e-06,0.07,49,0.7281793278280954,0.15051238811075343,2025-10-13 01:34:52
1.55e-06,0.07,50,0.5708755707217886,0.14035552900882803,2025-10-13 01:34:56
1.55e-06,0.07,51,0.5789173279051675,0.07475223375917364,2025-10-13 01:35:00
1.55e-06,0.07,52,0.626507823000817,0.06324626942159627,2025-10-13 01:35:04
1.55e-06,0.07,53,0.57265320517607,0.13339900688716635,2025-10-13 01:35:09
1.55e-06,0.07,54,0.6899715428137299,0.09679306256920966,2025-10-13 01:35:13
1.55e-06,0.07,55,0.6361722742587952,0.09262807876501834,2025-10-13 01:35:17
1.55e-06,0.07,56,0.6873498291815828,0.0979230619138416,2025-10-13 01:35:22
1.55e-06,0.07,57,0.6835442184386193,0.10745106421909738,2025-10-13 01:35:26
1.55e-06,0.07,58,0.6652266120278041,0.08216854269256708,2025-10-13 01:35:30
1.55e-06,0.07,59,0.6823548573195202,0.13312557340261896,2025-10-13 01:35:34
1.55e-06,0.07,60,0.637808919787805,0.09226498780800628,2025-10-13 01:35:39
1.55e-06,0.07,61,0.683072170207236,0.11905955996767661,2025-10-13 01:35:43
1.55e-06,0.07,62,0.7295717943124981,0.10673550875154049,2025-10-13 01:35:47
1.55e-06,0.07,63,0.7138422124483055,0.09855910344670044,2025-10-13 01:35:51
1.55e-06,0.07,64,0.7002670183485601,0.08089262768728676,2025-10-13 01:35:56
1.55e-06,0.07,65,0.734783909575957,0.07349841710060753,2025-10-13 01:36:00
1.55e-06,0.07,66,0.6417327483730312,0.05537607748372532,2025-10-13 01:36:04
1.55e-06,0.07,67,0.6270201790131191,0.08899654878991607,2025-10-13 01:36:09
1.55e-06,0.07,68,0.7665245330590825,0.058186962821747845,2025-10-13 01:36:13
1.55e-06,0.07,69,0.6643911289085067,0.08421457154775465,2025-10-13 01:36:17
1.55e-06,0.07,70,0.6216157754700422,0.06543778299903671,2025-10-13 01:36:22
1.55e-06,0.07,71,0.6803156697712309,0.05980181499175406,2025-10-13 01:36:26
1.55e-06,0.07,72,0.8054485664340716,0.10541118857304349,2025-10-13 01:36:30
1.55e-06,0.07,73,0.6321305861801664,0.05420646241539861,2025-10-13 01:36:34
1.55e-06,0.07,74,0.6585208530489421,0.19272733673693032,2025-10-13 01:36:39
1.55e-06,0.07,75,0.739572882023999,0.08664030206441692,2025-10-13 01:36:43
1.55e-06,0.07,76,0.7120815035502029,0.047703494877990485,2025-10-13 01:36:47
1.55e-06,0.07,77,0.6487149903636875,0.041849914400698573,2025-10-13 01:36:51
1.55e-06,0.07,78,0.5678192009508649,0.08974071573625135,2025-10-13 01:36:56
1.55e-06,0.07,79,0.5787990080170892,0.11826728145843113,2025-10-13 01:37:00
1.55e-06,0.07,80,0.7161190627805363,0.10466206937981157,2025-10-13 01:37:04
1.55e-06,0.07,81,0.7140195469715226,0.13001395021303389,2025-10-13 01:37:09
1.55e-06,0.07,82,0.726079582419911,0.07967100985730415,2025-10-13 01:37:13
1.55e-06,0.07,83,0.6939020244381854,0.14982996577288316,2025-10-13 01:37:17
1.55e-06,0.07,84,0.6795081261035013,0.08833809554581096,2025-10-13 01:37:22
1.55e-06,0.07,85,0.6970559404492198,0.05279822051940842,2025-10-13 01:37:26
1.55e-06,0.07,86,0.6759054310000636,0.15320070245695785,2025-10-13 01:37:30
1.55e-06,0.07,87,0.6803035512928207,0.12710789647122792,2025-10-13 01:37:34
1.55e-06,0.07,88,0.6623728311640122,0.08127374968703807,2025-10-13 01:37:39
1.55e-06,0.07,89,0.5475931299626182,0.056253452991082906,2025-10-13 01:37:43
1.55e-06,0.07,90,0.680029917393028,0.032570869156174895,2025-10-13 01:37:47
1.55e-06,0.07,91,0.6396311876073499,0.05547995376849809,2025-10-13 01:37:51
1.55e-06,0.07,92,0.7811353084726391,0.13903190653602462,2025-10-13 01:37:56
1.55e-06,0.07,93,0.7511549494126568,0.05236388350125612,2025-10-13 01:38:00
1.55e-06,0.07,94,0.6224634862065999,0.086637362347566,2025-10-13 01:38:04
1.55e-06,0.07,95,0.6922919510829384,0.15291950014460884,2025-10-13 01:38:09
1.55e-06,0.07,96,0.6212136995988415,0.07534057963173808,2025-10-13 01:38:13
1.55e-06,0.07,97,0.7355734174977369,0.05042908085683376,2025-10-13 01:38:17
1.55e-06,0.07,98,0.7389514592529481,0.06465590459050015,2025-10-13 01:38:22
1.55e-06,0.07,99,0.7265835990270583,0.16030090799377694,2025-10-13 01:38:26
1.55e-06,0.07,100,0.7050774754987391,0.12243034179742864,2025-10-13 01:38:30
1.55e-06,0.09,1,0.6446993339943994,0.08979611258103803,2025-10-13 01:38:34
1.55e-06,0.09,2,0.7181893895648833,0.07238347589680269,2025-10-13 01:38:39
1.55e-06,0.09,3,0.7026309563548272,0.06810791296782805,2025-10-13 01:38:43
1.55e-06,0.09,4,0.6960346874619728,0.13948093300209055,2025-10-13 01:38:47
1.55e-06,0.09,5,0.7340581340585443,0.060593318102563534,2025-10-13 01:38:51
1.55e-06,0.09,6,0.6971290388380535,0.10842588271448918,2025-10-13 01:38:56
1.55e-06,0.09,7,0.7426813224631188,0.10444325088586634,2025-10-13 01:39:00
1.55e-06,0.09,8,0.6801675119646488,0.10270337868929696,2025-10-13 01:39:04
1.55e-06,0.09,9,0.6618231542593902,0.051233451484862344,2025-10-13 01:39:09
1.55e-06,0.09,10,0.6605852099737052,0.06128392057219857,2025-10-13 01:39:13
1.55e-06,0.09,11,0.7345313118432979,0.10511239232741579,2025-10-13 01:39:17
1.55e-06,0.09,12,0.6091927905035518,0.0655120817756853,2025-10-13 01:39:22
1.55e-06,0.09,13,0.7370144790173533,0.09991229218749004,2025-10-13 01:39:26
1.55e-06,0.09,14,0.7366504284969086,0.10620543205976904,2025-10-13 01:39:30
1.55e-06,0.09,15,0.6851733846813566,0.06784125751030173,2025-10-13 01:39:34
1.55e-06,0.09,16,0.5265165621042162,0.047972343396761076,2025-10-13 01:39:39
1.55e-06,0.09,17,0.6346982458932376,0.17414934052212538,2025-10-13 01:39:43
1.55e-06,0.09,18,0.7353510167247744,0.04767867963865136,2025-10-13 01:39:48
1.55e-06,0.09,19,0.6945853792730001,0.07860914723212983,2025-10-13 01:39:52
1.55e-06,0.09,20,0.6581931278777544,0.0802479980129269,2025-10-13 01:39:56
1.55e-06,0.09,21,0.7463768428912637,0.10249047248159229,2025-10-13 01:40:00
1.55e-06,0.09,22,0.7917697568029749,0.03927799606396982,2025-10-13 01:40:05
1.55e-06,0.09,23,0.6761485804976501,0.12804084411133307,2025-10-13 01:40:09
1.55e-06,0.09,24,0.722868556960648,0.05127035847392696,2025-10-13 01:40:13
1.55e-06,0.09,25,0.7151137581029086,0.0750234431570061,2025-10-13 01:40:17
1.55e-06,0.09,26,0.686763797648815,0.10853119745975205,2025-10-13 01:40:22
1.55e-06,0.09,27,0.691701572980433,0.078370683554239,2025-10-13 01:40:26
1.55e-06,0.09,28,0.6581499693683114,0.10416831667541471,2025-10-13 01:40:30
1.55e-06,0.09,29,0.6194258114377753,0.12220072450295645,2025-10-13 01:40:35
1.55e-06,0.09,30,0.7624580797101003,0.043225108443433025,2025-10-13 01:40:39
1.55e-06,0.09,31,0.6798754122837211,0.07073397705641304,2025-10-13 01:40:43
1.55e-06,0.09,32,0.645727505984614,0.07105474364559167,2025-10-13 01:40:48
1.55e-06,0.09,33,0.6629441211727609,0.1394446863397405,2025-10-13 01:40:52
1.55e-06,0.09,34,0.6929862201306568,0.09943638436408958,2025-10-13 01:40:56
1.55e-06,0.09,35,0.6298530000750263,0.0716335316137021,2025-10-13 01:41:00
1.55e-06,0.09,36,0.684025668529778,0.08366042273713827,2025-10-13 01:41:05
1.55e-06,0.09,37,0.6498246009913042,0.1037900543703438,2025-10-13 01:41:09
1.55e-06,0.09,38,0.6479530094335216,0.11537166278154251,2025-10-13 01:41:13
1.55e-06,0.09,39,0.7303883625674431,0.13377371557060036,2025-10-13 01:41:17
1.55e-06,0.09,40,0.690466257275837,0.04755936349329729,2025-10-13 01:41:22
1.55e-06,0.09,41,0.7693934236828042,0.05579154688946336,2025-10-13 01:41:26
1.55e-06,0.09,42,0.7672995750113798,0.11702709586314598,2025-10-13 01:41:30
1.55e-06,0.09,43,0.7292373241553333,0.10461075525649662,2025-10-13 01:41:35
1.55e-06,0.09,44,0.5919506567080367,0.05914822349425209,2025-10-13 01:41:39
1.55e-06,0.09,45,0.6987921856664856,0.1269779486097759,2025-10-13 01:41:43
1.55e-06,0.09,46,0.7075979759433546,0.03749440636220923,2025-10-13 01:41:48
1.55e-06,0.09,47,0.6817096561222167,0.08652309463782908,2025-10-13 01:41:52
1.55e-06,0.09,48,0.7074542312668624,0.11172861900899074,2025-10-13 01:41:56
1.55e-06,0.09,49,0.6758047051796616,0.07227881375204437,2025-10-13 01:42:01
1.55e-06,0.09,50,0.6738896400512471,0.039957994709398446,2025-10-13 01:42:05
1.55e-06,0.09,51,0.558426707628564,0.0990224605752453,2025-10-13 01:42:09
1.55e-06,0.09,52,0.7516838604045205,0.055706529271232486,2025-10-13 01:42:13
1.55e-06,0.09,53,0.6031481264871391,0.0563718583248373,2025-10-13 01:42:18
1.55e-06,0.09,54,0.7202057280655813,0.044150354674601745,2025-10-13 01:42:22
1.55e-06,0.09,55,0.7293831938169726,0.0723676883064107,2025-10-13 01:42:26
1.55e-06,0.09,56,0.7155185878643178,0.054118954299550555,2025-10-13 01:42:31
1.55e-06,0.09,57,0.631867708051149,0.08681452441537464,2025-10-13 01:42:35
1.55e-06,0.09,58,0.7083807096271324,0.13100029166171107,2025-10-13 01:42:39
1.55e-06,0.09,59,0.6392458031100963,0.11325839565725437,2025-10-13 01:42:44
1.55e-06,0.09,60,0.6697218130713448,0.05368171735035973,2025-10-13 01:42:48
1.55e-06,0.09,61,0.6563248739203302,0.08638201873755715,2025-10-13 01:42:52
1.55e-06,0.09,62,0.7057011307124146,0.1340395344794728,2025-10-13 01:42:57
1.55e-06,0.09,63,0.6705719183316468,0.0619759949229951,2025-10-13 01:43:01
1.55e-06,0.09,64,0.7281362892211094,0.06859467185222355,2025-10-13 01:43:05
1.55e-06,0.09,65,0.7204812761830308,0.07682624380238819,2025-10-13 01:43:09
1.55e-06,0.09,66,0.7559776517551727,0.05816495392933675,2025-10-13 01:43:14
1.55e-06,0.09,67,0.6606482704855967,0.06269044926218259,2025-10-13 01:43:18
1.55e-06,0.09,68,0.7521381858830113,0.06460121756450073,2025-10-13 01:43:22
1.55e-06,0.09,69,0.6332715000358559,0.0646439688647824,2025-10-13 01:43:26
1.55e-06,0.09,70,0.5972399173867735,0.03392676773806961,2025-10-13 01:43:31
1.55e-06,0.09,71,0.7302884407586103,0.07172036679286553,2025-10-13 01:43:35
1.55e-06,0.09,72,0.671486670593269,0.03719559676947643,2025-10-13 01:43:39
1.55e-06,0.09,73,0.7211007670211724,0.13951074667691762,2025-10-13 01:43:44
1.55e-06,0.09,74,0.6402071406354528,0.12861519506833186,2025-10-13 01:43:48
1.55e-06,0.09,75,0.738686146476844,0.0597398315901435,2025-10-13 01:43:52
1.55e-06,0.09,76,0.6514163996482165,0.04727830811114587,2025-10-13 01:43:57
1.55e-06,0.09,77,0.6964623412303013,0.06265342487281189,2025-10-13 01:44:01
1.55e-06,0.09,78,0.630454949688465,0.11685329879022491,2025-10-13 01:44:05
1.55e-06,0.09,79,0.6194723537368383,0.1406889321110159,2025-10-13 01:44:10
1.55e-06,0.09,80,0.7369847521596595,0.08221624769949212,2025-10-13 01:44:14
1.55e-06,0.09,81,0.7458576110207737,0.18311505263754144,2025-10-13 01:44:18
1.55e-06,0.09,82,0.678565918487895,0.06874790077397008,2025-10-13 01:44:22
1.55e-06,0.09,83,0.7881354267793228,0.2031978240941207,2025-10-13 01:44:27
1.55e-06,0.09,84,0.6749110337416849,0.05198976651908292,2025-10-13 01:44:31
1.55e-06,0.09,85,0.6523493382150819,0.08992420293659767,2025-10-13 01:44:35
1.55e-06,0.09,86,0.7118509014675337,0.10086065929888853,2025-10-13 01:44:40
1.55e-06,0.09,87,0.7483528660746673,0.06909703004825575,2025-10-13 01:44:44
1.55e-06,0.09,88,0.723093090512069,0.14527930728098837,2025-10-13 01:44:48
1.55e-06,0.09,89,0.7104391536107927,0.119673801901488,2025-10-13 01:44:52
1.55e-06,0.09,90,0.7414177633759843,0.09335375009821476,2025-10-13 01:44:57
1.55e-06,0.09,91,0.6440868415528402,0.11706331657216663,2025-10-13 01:45:01
1.55e-06,0.09,92,0.7968504329800297,0.06968617643909379,2025-10-13 01:45:05
1.55e-06,0.09,93,0.734668290575608,0.09044450552551071,2025-10-13 01:45:10
1.55e-06,0.09,94,0.7526767902145682,0.10892566716504318,2025-10-13 01:45:14
1.55e-06,0.09,95,0.6553551150028167,0.12991576075555958,2025-10-13 01:45:18
1.55e-06,0.09,96,0.6975604271635768,0.06650686364274407,2025-10-13 01:45:23
1.55e-06,0.09,97,0.7861952261935079,0.09077637643713835,2025-10-13 01:45:27
1.55e-06,0.09,98,0.7124695853171712,0.12522360605616578,2025-10-13 01:45:31
1.55e-06,0.09,99,0.7436161360722179,0.05782474951795256,2025-10-13 01:45:36
1.55e-06,0.09,100,0.6507423460064656,0.0673528912524787,2025-10-13 01:45:40
1.55e-06,0.11,1,0.6287856421586546,0.08275102952225394,2025-10-13 01:45:44
1.55e-06,0.11,2,0.6320585693965188,0.08581128702448636,2025-10-13 01:45:48
1.55e-06,0.11,3,0.5912397256105179,0.059454555498980176,2025-10-13 01:45:53
1.55e-06,0.11,4,0.7128286107313972,0.08145554028140725,2025-10-13 01:45:57
1.55e-06,0.11,5,0.6771917684850018,0.05293314373977138,2025-10-13 01:46:01
1.55e-06,0.11,6,0.668600953192598,0.08363226404407124,2025-10-13 01:46:06
1.55e-06,0.11,7,0.5757719745423752,0.04269562282784655,2025-10-13 01:46:10
1.55e-06,0.11,8,0.7029348856776194,0.0595501297237577,2025-10-13 01:46:14
1.55e-06,0.11,9,0.6487400336261245,0.14761313750123772,2025-10-13 01:46:19
1.55e-06,0.11,10,0.6271182713373126,0.07762241073642812,2025-10-13 01:46:23
1.55e-06,0.11,11,0.6357239957723071,0.09988203028684577,2025-10-13 01:46:27
1.55e-06,0.11,12,0.7153094442610856,0.13805608957483986,2025-10-13 01:46:31
1.55e-06,0.11,13,0.7551224664459802,0.09899558715179693,2025-10-13 01:46:36
1.55e-06,0.11,14,0.6758453719633462,0.07573838815233654,2025-10-13 01:46:40
1.55e-06,0.11,15,0.6865140908868571,0.06038878427098683,2025-10-13 01:46:44
1.55e-06,0.11,16,0.69130469398005,0.05445145355503787,2025-10-13 01:46:49
1.55e-06,0.11,17,0.7143669271389682,0.16855024272575375,2025-10-13 01:46:53
1.55e-06,0.11,18,0.7082541852670623,0.048420231315310425,2025-10-13 01:46:57
1.55e-06,0.11,19,0.7127498518044731,0.08778529922495601,2025-10-13 01:47:01
1.55e-06,0.11,20,0.6381228333921507,0.058888099133211545,2025-10-13 01:47:06
1.55e-06,0.11,21,0.6851052480976031,0.059314681620480966,2025-10-13 01:47:10
1.55e-06,0.11,22,0.6941528891621097,0.08908483561720774,2025-10-13 01:47:14
1.55e-06,0.11,23,0.6305336360264048,0.07077790016511289,2025-10-13 01:47:19
1.55e-06,0.11,24,0.60786270198499,0.046554645227806536,2025-10-13 01:47:23
1.55e-06,0.11,25,0.7963643172771773,0.08367299571839694,2025-10-13 01:47:27
1.55e-06,0.11,26,0.670840563549887,0.08075043663674865,2025-10-13 01:47:32
1.55e-06,0.11,27,0.6536857324989945,0.1227101852128198,2025-10-13 01:47:36
1.55e-06,0.11,28,0.6192238731317966,0.07301363649257818,2025-10-13 01:47:40
1.55e-06,0.11,29,0.6833940171603325,0.11822532979364703,2025-10-13 01:47:45
1.55e-06,0.11,30,0.6352802845560913,0.07910412569000053,2025-10-13 01:47:49
1.55e-06,0.11,31,0.6369304457848386,0.08571714276070033,2025-10-13 01:47:53
1.55e-06,0.11,32,0.6116656891680199,0.04634131010670107,2025-10-13 01:47:57
1.55e-06,0.11,33,0.5826830441534347,0.06688132473599483,2025-10-13 01:48:02
1.55e-06,0.11,34,0.8021610784479267,0.14090049151565864,2025-10-13 01:48:06
1.55e-06,0.11,35,0.5995110311978518,0.04255576996571991,2025-10-13 01:48:10
1.55e-06,0.11,36,0.6883487309706575,0.09261777494066518,2025-10-13 01:48:15
1.55e-06,0.11,37,0.6874124783892067,0.19204624460921849,2025-10-13 01:48:19
1.55e-06,0.11,38,0.69230708813936,0.08230549463156119,2025-10-13 01:48:23
1.55e-06,0.11,39,0.6312758853945142,0.12146201570773592,2025-10-13 01:48:28
1.55e-06,0.11,40,0.6982992349866798,0.14843817472572507,2025-10-13 01:48:32
1.55e-06,0.11,41,0.7059434059919245,0.10138806110111813,2025-10-13 01:48:36
1.55e-06,0.11,42,0.625466711979393,0.106198516312062,2025-10-13 01:48:40
1.55e-06,0.11,43,0.6882078613441645,0.043731042086055924,2025-10-13 01:48:45
1.55e-06,0.11,44,0.6804826219807322,0.09328422076517517,2025-10-13 01:48:49
1.55e-06,0.11,45,0.7387095694397897,0.13491824072605993,2025-10-13 01:48:53
1.55e-06,0.11,46,0.6827266608225244,0.02273130197140067,2025-10-13 01:48:58
1.55e-06,0.11,47,0.6606147310494617,0.05453910288408576,2025-10-13 01:49:02
1.55e-06,0.11,48,0.5699456867481663,0.0650207505397244,2025-10-13 01:49:06
1.55e-06,0.11,49,0.6239956093242157,0.027671114846059684,2025-10-13 01:49:11
1.55e-06,0.11,50,0.753244915145914,0.06973775429336808,2025-10-13 01:49:15
1.55e-06,0.11,51,0.674114952977412,0.05456402834457734,2025-10-13 01:49:19
1.55e-06,0.11,52,0.6438582202514173,0.11003420508951657,2025-10-13 01:49:24
1.55e-06,0.11,53,0.6483707948380524,0.08191266774859783,2025-10-13 01:49:28
1.55e-06,0.11,54,0.6594797403202435,0.10286463004515914,2025-10-13 01:49:32
1.55e-06,0.11,55,0.5768010592303747,0.025252108303857945,2025-10-13 01:49:36
1.55e-06,0.11,56,0.691918239995126,0.06316942895468235,2025-10-13 01:49:41
1.55e-06,0.11,57,0.5686794986239414,0.0894680129836793,2025-10-13 01:49:45
1.55e-06,0.11,58,0.6291866872836724,0.046629981748795075,2025-10-13 01:49:49
1.55e-06,0.11,59,0.7007969216583597,0.04232790106295025,2025-10-13 01:49:54
1.55e-06,0.11,60,0.7066239517712574,0.03178148623023288,2025-10-13 01:49:58
1.55e-06,0.11,61,0.55658420693967,0.0675777235374709,2025-10-13 01:50:02
1.55e-06,0.11,62,0.6798620377013486,0.08798888246766108,2025-10-13 01:50:07
1.55e-06,0.11,63,0.7126410547893682,0.06894646103711335,2025-10-13 01:50:11
1.55e-06,0.11,64,0.622037452044458,0.04203231962695508,2025-10-13 01:50:15
1.55e-06,0.11,65,0.6484399948113476,0.09590883264611373,2025-10-13 01:50:19
1.55e-06,0.11,66,0.6999541153978655,0.08355956463157743,2025-10-13 01:50:24
1.55e-06,0.11,67,0.6935779701079362,0.11995378875127571,2025-10-13 01:50:28
1.55e-06,0.11,68,0.665278177787022,0.07066318841304015,2025-10-13 01:50:32
1.55e-06,0.11,69,0.7104969733571895,0.13140591144967984,2025-10-13 01:50:37
1.55e-06,0.11,70,0.7270245023591015,0.02159156287986906,2025-10-13 01:50:41
1.55e-06,0.11,71,0.6324150126409496,0.09916633076455485,2025-10-13 01:50:45
1.55e-06,0.11,72,0.653256136108025,0.0775252171524163,2025-10-13 01:50:50
1.55e-06,0.11,73,0.6779002439780843,0.06695110463437548,2025-10-13 01:50:54
1.55e-06,0.11,74,0.633358586454718,0.11888811685579927,2025-10-13 01:50:58
1.55e-06,0.11,75,0.676740440974257,0.06909997019369238,2025-10-13 01:51:03
1.55e-06,0.11,76,0.6344011793024648,0.08543488934872241,2025-10-13 01:51:07
1.55e-06,0.11,77,0.7427047085307117,0.1492932513545304,2025-10-13 01:51:11
1.55e-06,0.11,78,0.7358051955282725,0.05738365447602898,2025-10-13 01:51:15
1.55e-06,0.11,79,0.6261564342164567,0.11715223997744338,2025-10-13 01:51:20
1.55e-06,0.11,80,0.6866426728476231,0.10392900607805419,2025-10-13 01:51:24
1.55e-06,0.11,81,0.6825487843029749,0.11642921196491568,2025-10-13 01:51:28
1.55e-06,0.11,82,0.7404734622062316,0.1117908735336675,2025-10-13 01:51:33
1.55e-06,0.11,83,0.6738588761789769,0.0501873276460302,2025-10-13 01:51:37
1.55e-06,0.11,84,0.6326814972225606,0.10247265157325396,2025-10-13 01:51:41
1.55e-06,0.11,85,0.7466610029373518,0.17661926831550143,2025-10-13 01:51:45
1.55e-06,0.11,86,0.6882684210651793,0.05058708309865497,2025-10-13 01:51:50
1.55e-06,0.11,87,0.7000228736899253,0.07033823380398346,2025-10-13 01:51:54
1.55e-06,0.11,88,0.7369210467598379,0.0419825484962708,2025-10-13 01:51:58
1.55e-06,0.11,89,0.7535221027494888,0.09789815605047074,2025-10-13 01:52:03
1.55e-06,0.11,90,0.7306792211655109,0.0637913276577736,2025-10-13 01:52:07
1.55e-06,0.11,91,0.6180992030772057,0.08694883933589685,2025-10-13 01:52:11
1.55e-06,0.11,92,0.6459614980077028,0.04726761570139107,2025-10-13 01:52:16
1.55e-06,0.11,93,0.6884697263288714,0.11780548161746407,2025-10-13 01:52:20
1.55e-06,0.11,94,0.7682745315064375,0.1664710805460514,2025-10-13 01:52:24
1.55e-06,0.11,95,0.6915375002796584,0.06008293027950816,2025-10-13 01:52:29
1.55e-06,0.11,96,0.7339473051618391,0.0722155406860108,2025-10-13 01:52:33
1.55e-06,0.11,97,0.6803618880718268,0.05219903315788056,2025-10-13 01:52:37
1.55e-06,0.11,98,0.6799271005832175,0.06888655035278232,2025-10-13 01:52:41
1.55e-06,0.11,99,0.6625113309495383,0.06035545295431418,2025-10-13 01:52:46
1.55e-06,0.11,100,0.6870387505481517,0.09859031812199698,2025-10-13 01:52:50
1.55e-06,0.13,1,0.7485495359393158,0.10858836144639245,2025-10-13 01:52:54
1.55e-06,0.13,2,0.6366962024043347,0.07558955962150682,2025-10-13 01:52:59
1.55e-06,0.13,3,0.7215952119934583,0.16108525713460756,2025-10-13 01:53:03
1.55e-06,0.13,4,0.7291476059450155,0.1291336459582405,2025-10-13 01:53:07
1.55e-06,0.13,5,0.5819730446796665,0.11364851280628534,2025-10-13 01:53:12
1.55e-06,0.13,6,0.620201098482579,0.13480711597109105,2025-10-13 01:53:16
1.55e-06,0.13,7,0.6934880689712569,0.10726180635744559,2025-10-13 01:53:20
1.55e-06,0.13,8,0.702760940419363,0.07813568863133848,2025-10-13 01:53:24
1.55e-06,0.13,9,0.6742847390318397,0.12635011564775184,2025-10-13 01:53:29
1.55e-06,0.13,10,0.6453706376272191,0.11942474863564752,2025-10-13 01:53:33
1.55e-06,0.13,11,0.604679037964662,0.07015217946268723,2025-10-13 01:53:37
1.55e-06,0.13,12,0.6723097910910149,0.11336354390467694,2025-10-13 01:53:42
1.55e-06,0.13,13,0.6280028627233118,0.09078129384411945,2025-10-13 01:53:46
1.55e-06,0.13,14,0.6334578773432054,0.10445574064184855,2025-10-13 01:53:50
1.55e-06,0.13,15,0.8145341622377738,0.08345850444948838,2025-10-13 01:53:55
1.55e-06,0.13,16,0.6665925644137449,0.13038227177081227,2025-10-13 01:53:59
1.55e-06,0.13,17,0.6138661608061207,0.08564745752772707,2025-10-13 01:54:03
1.55e-06,0.13,18,0.770323890506617,0.12677729229528875,2025-10-13 01:54:07
1.55e-06,0.13,19,0.6597048905193169,0.06852023832877119,2025-10-13 01:54:12
1.55e-06,0.13,20,0.7980096827648862,0.0717487821081209,2025-10-13 01:54:16
1.55e-06,0.13,21,0.6135298298399261,0.06310003295654504,2025-10-13 01:54:20
1.55e-06,0.13,22,0.782684367837018,0.12506049733099073,2025-10-13 01:54:25
1.55e-06,0.13,23,0.6776209096023144,0.09846719259469443,2025-10-13 01:54:29
1.55e-06,0.13,24,0.6879547717908445,0.08589104290696423,2025-10-13 01:54:33
1.55e-06,0.13,25,0.7290134178454997,0.06306608599842775,2025-10-13 01:54:38
1.55e-06,0.13,26,0.6493531023870982,0.059716564257535,2025-10-13 01:54:42
1.55e-06,0.13,27,0.6952176681034516,0.05251947876849609,2025-10-13 01:54:46
1.55e-06,0.13,28,0.6978202072697158,0.07881740472997788,2025-10-13 01:54:50
1.55e-06,0.13,29,0.7332994215237639,0.11640930708830607,2025-10-13 01:54:55
1.55e-06,0.13,30,0.6534784922325851,0.09312239546313078,2025-10-13 01:54:59
1.55e-06,0.13,31,0.6914661618815837,0.0975456034178645,2025-10-13 01:55:03
1.55e-06,0.13,32,0.7583844752540465,0.11851258595490013,2025-10-13 01:55:08
1.55e-06,0.13,33,0.6927799019921865,0.07690861168401383,2025-10-13 01:55:12
1.55e-06,0.13,34,0.7466913836791353,0.11182326827726102,2025-10-13 01:55:16
1.55e-06,0.13,35,0.7432477640389021,0.12050695550792037,2025-10-13 01:55:21
1.55e-06,0.13,36,0.5795306806430967,0.1077918205948193,2025-10-13 01:55:25
1.55e-06,0.13,37,0.6539026539572297,0.09153665261772753,2025-10-13 01:55:29
1.55e-06,0.13,38,0.6224966776688196,0.08531433914751729,2025-10-13 01:55:33
1.55e-06,0.13,39,0.6694234886783186,0.049540242967861414,2025-10-13 01:55:38
1.55e-06,0.13,40,0.6656617197430992,0.09999093096156021,2025-10-13 01:55:42
1.55e-06,0.13,41,0.6683116926198382,0.06017101640448274,2025-10-13 01:55:46
1.55e-06,0.13,42,0.6507386567400549,0.11352692731758324,2025-10-13 01:55:51
1.55e-06,0.13,43,0.7483162502841232,0.07440351472816821,2025-10-13 01:55:55
1.55e-06,0.13,44,0.7145401443123349,0.0827917721279033,2025-10-13 01:55:59
1.55e-06,0.13,45,0.6566627050063322,0.10752882919222095,2025-10-13 01:56:03
1.55e-06,0.13,46,0.7241833668133902,0.05861532525695493,2025-10-13 01:56:08
1.55e-06,0.13,47,0.6744044382995095,0.0885372729177562,2025-10-13 01:56:12
1.55e-06,0.13,48,0.7204802510168298,0.07733282143002353,2025-10-13 01:56:16
1.55e-06,0.13,49,0.701535690855766,0.11490848079848683,2025-10-13 01:56:21
1.55e-06,0.13,50,0.6333624081846202,0.08544934901944015,2025-10-13 01:56:25
1.55e-06,0.13,51,0.7161269328657447,0.04081129837786195,2025-10-13 01:56:29
1.55e-06,0.13,52,0.7410559493719986,0.14987409295119491,2025-10-13 01:56:34
1.55e-06,0.13,53,0.7210738713660684,0.05751634233224094,2025-10-13 01:56:38
1.55e-06,0.13,54,0.7421003458203455,0.11808753330025143,2025-10-13 01:56:42
1.55e-06,0.13,55,0.6938444657278614,0.10889940120595147,2025-10-13 01:56:47
1.55e-06,0.13,56,0.7730823514225582,0.04697081220320564,2025-10-13 01:56:51
1.55e-06,0.13,57,0.7151390833747308,0.05948667390211055,2025-10-13 01:56:55
1.55e-06,0.13,58,0.7176863697317368,0.08315992517492055,2025-10-13 01:57:00
1.55e-06,0.13,59,0.6121408730113518,0.040957844064728355,2025-10-13 01:57:04
1.55e-06,0.13,60,0.6740689278425152,0.1663828291183537,2025-10-13 01:57:08
1.55e-06,0.13,61,0.6750638819912677,0.10908220291976647,2025-10-13 01:57:13
1.55e-06,0.13,62,0.7863072412952605,0.08242956506256476,2025-10-13 01:57:17
1.55e-06,0.13,63,0.6518005165178304,0.05464011056197094,2025-10-13 01:57:21
1.55e-06,0.13,64,0.7885590460214383,0.08637721404872055,2025-10-13 01:57:25
1.55e-06,0.13,65,0.6069261467341499,0.1271526398468585,2025-10-13 01:57:30
1.55e-06,0.13,66,0.5979805414991297,0.11037387481454411,2025-10-13 01:57:34
1.55e-06,0.13,67,0.6774903255252304,0.09988145910453938,2025-10-13 01:57:38
1.55e-06,0.13,68,0.6522537329916348,0.06383591154423839,2025-10-13 01:57:43
1.55e-06,0.13,69,0.7952363774737786,0.10988838226091167,2025-10-13 01:57:47
1.55e-06,0.13,70,0.6153388999454051,0.09776686284129893,2025-10-13 01:57:51
1.55e-06,0.13,71,0.7177953847602966,0.06697691075605151,2025-10-13 01:57:56
1.55e-06,0.13,72,0.6085882754599443,0.055406216005493954,2025-10-13 01:58:00
1.55e-06,0.13,73,0.5919042686256456,0.07482056828774225,2025-10-13 01:58:04
1.55e-06,0.13,74,0.669282458985499,0.10594900412319867,2025-10-13 01:58:08
1.55e-06,0.13,75,0.7247625877416312,0.12037193002421827,2025-10-13 01:58:13
1.55e-06,0.13,76,0.6905653806984826,0.06986195401168233,2025-10-13 01:58:17
1.55e-06,0.13,77,0.676979047726874,0.17017972147388005,2025-10-13 01:58:21
1.55e-06,0.13,78,0.7722575305620718,0.08654682948897849,2025-10-13 01:58:26
1.55e-06,0.13,79,0.6694592110454651,0.06657830394038594,2025-10-13 01:58:30
1.55e-06,0.13,80,0.6996355582060063,0.0617663635560305,2025-10-13 01:58:34
1.55e-06,0.13,81,0.7302234895792222,0.12935475684460476,2025-10-13 01:58:38
1.55e-06,0.13,82,0.7492158139621382,0.07298604943113213,2025-10-13 01:58:43
1.55e-06,0.13,83,0.6810523656957954,0.14148994968178327,2025-10-13 01:58:47
1.55e-06,0.13,84,0.772646587765969,0.05250703576993667,2025-10-13 01:58:51
1.55e-06,0.13,85,0.5728117215066806,0.09117577585276618,2025-10-13 01:58:56
1.55e-06,0.13,86,0.660192596864552,0.08408208246458099,2025-10-13 01:59:00
1.55e-06,0.13,87,0.6768846519604103,0.16546988906376242,2025-10-13 01:59:04
1.55e-06,0.13,88,0.656090433397601,0.06231407092545071,2025-10-13 01:59:09
1.55e-06,0.13,89,0.7193724361489663,0.10327658828507859,2025-10-13 01:59:13
1.55e-06,0.13,90,0.6831959503986851,0.15653153371146444,2025-10-13 01:59:17
1.55e-06,0.13,91,0.6283684757387756,0.1124812865479578,2025-10-13 01:59:22
1.55e-06,0.13,92,0.6871198693112147,0.13141027685704088,2025-10-13 01:59:26
1.55e-06,0.13,93,0.7112181140947061,0.06547194196697237,2025-10-13 01:59:30
1.55e-06,0.13,94,0.645070448430371,0.06202763141507521,2025-10-13 01:59:35
1.55e-06,0.13,95,0.6934007270267727,0.06819938180912577,2025-10-13 01:59:39
1.55e-06,0.13,96,0.7135186856487371,0.08845577527274631,2025-10-13 01:59:43
1.55e-06,0.13,97,0.747252739963739,0.05042869673176138,2025-10-13 01:59:47
1.55e-06,0.13,98,0.5803741155378622,0.10589406797669784,2025-10-13 01:59:52
1.55e-06,0.13,99,0.6427690632340443,0.10835056653852042,2025-10-13 01:59:56
1.55e-06,0.13,100,0.7079270183171217,0.14747062628782168,2025-10-13 02:00:00
1.55e-06,0.15,1,0.7893495304761035,0.061275931418879784,2025-10-13 02:00:05
1.55e-06,0.15,2,0.6389624679226771,0.06574421418828502,2025-10-13 02:00:09
1.55e-06,0.15,3,0.6075504155928128,0.04204187505840527,2025-10-13 02:00:13
1.55e-06,0.15,4,0.7285983716554678,0.1040157461891774,2025-10-13 02:00:18
1.55e-06,0.15,5,0.6300385395389413,0.04274459967028756,2025-10-13 02:00:22
1.55e-06,0.15,6,0.6653212905125536,0.08127762932305409,2025-10-13 02:00:26
1.55e-06,0.15,7,0.7199138096849546,0.12897114813486696,2025-10-13 02:00:30
1.55e-06,0.15,8,0.6790791714636077,0.06336166123033644,2025-10-13 02:00:35
1.55e-06,0.15,9,0.7034677559934613,0.03496912605404326,2025-10-13 02:00:39
1.55e-06,0.15,10,0.7004478249246672,0.11413678342515093,2025-10-13 02:00:43
1.55e-06,0.15,11,0.6994346218301825,0.09450585523687156,2025-10-13 02:00:48
1.55e-06,0.15,12,0.6622036739799625,0.10104002575925775,2025-10-13 02:00:52
1.55e-06,0.15,13,0.6979193094820776,0.0840913593357535,2025-10-13 02:00:56
1.55e-06,0.15,14,0.7809162655255505,0.06295790960742342,2025-10-13 02:01:00
1.55e-06,0.15,15,0.7581251716020497,0.10463307456961862,2025-10-13 02:01:05
1.55e-06,0.15,16,0.726083463381038,0.09429784536218937,2025-10-13 02:01:09
1.55e-06,0.15,17,0.7250081397950456,0.09180694415273474,2025-10-13 02:01:13
1.55e-06,0.15,18,0.7710211829544571,0.10416673631699143,2025-10-13 02:01:18
1.55e-06,0.15,19,0.7090839757258017,0.12929595785118378,2025-10-13 02:01:22
1.55e-06,0.15,20,0.7307113285077713,0.09038626470847493,2025-10-13 02:01:26
1.55e-06,0.15,21,0.8075143546884495,0.05526831579232995,2025-10-13 02:01:31
1.55e-06,0.15,22,0.6090087670739048,0.11064458802711717,2025-10-13 02:01:35
1.55e-06,0.15,23,0.729522288523653,0.06669473476770159,2025-10-13 02:01:39
1.55e-06,0.15,24,0.7145570386247387,0.09438232417310234,2025-10-13 02:01:44
1.55e-06,0.15,25,0.7295201823046149,0.09992273001724983,2025-10-13 02:01:48
1.55e-06,0.15,26,0.6496336888775496,0.0995696255111432,2025-10-13 02:01:52
1.55e-06,0.15,27,0.7735304495634435,0.10262673811186689,2025-10-13 02:01:56
1.55e-06,0.15,28,0.5534450047544371,0.05181751013583869,2025-10-13 02:02:01
1.55e-06,0.15,29,0.758142710886245,0.1120977644514981,2025-10-13 02:02:05
1.55e-06,0.15,30,0.6376386906701038,0.06823538712418341,2025-10-13 02:02:09
1.55e-06,0.15,31,0.6478330524689049,0.13853902861501077,2025-10-13 02:02:14
1.55e-06,0.15,32,0.6494877279731069,0.10888072450237771,2025-10-13 02:02:18
1.55e-06,0.15,33,0.6964934281398212,0.09235354248803485,2025-10-13 02:02:22
1.55e-06,0.15,34,0.6479760322962613,0.08024260588920923,2025-10-13 02:02:27
1.55e-06,0.15,35,0.6509917908533429,0.038183400645795014,2025-10-13 02:02:31
1.55e-06,0.15,36,0.6912504749816535,0.04919228059079207,2025-10-13 02:02:35
1.55e-06,0.15,37,0.7280027434860032,0.04431128344799173,2025-10-13 02:02:40
1.55e-06,0.15,38,0.6014164199704416,0.08907100927542394,2025-10-13 02:02:44
1.55e-06,0.15,39,0.578027029290695,0.07389419139072523,2025-10-13 02:02:48
1.55e-06,0.15,40,0.6708522196193255,0.08014076173017609,2025-10-13 02:02:53
1.55e-06,0.15,41,0.7048175215961229,0.09557130217434834,2025-10-13 02:02:57
1.55e-06,0.15,42,0.6579586526272667,0.0979120910343412,2025-10-13 02:03:01
1.55e-06,0.15,43,0.664026437317923,0.13091026998361424,2025-10-13 02:03:06
1.55e-06,0.15,44,0.7145634459098359,0.1194387668681936,2025-10-13 02:03:10
1.55e-06,0.15,45,0.7665447127406122,0.11253044822010798,2025-10-13 02:03:14
1.55e-06,0.15,46,0.5996096297448317,0.11168149577091005,2025-10-13 02:03:19
1.55e-06,0.15,47,0.7422234992506876,0.05116777964285693,2025-10-13 02:03:23
1.55e-06,0.15,48,0.6579254992812361,0.10397666260235343,2025-10-13 02:03:27
1.55e-06,0.15,49,0.6795072809644472,0.10583648660893406,2025-10-13 02:03:31
1.55e-06,0.15,50,0.6640810397595837,0.10190763405652051,2025-10-13 02:03:36
1.55e-06,0.15,51,0.6788140863149225,0.05417442427519626,2025-10-13 02:03:40
1.55e-06,0.15,52,0.657936307083727,0.05436719736974924,2025-10-13 02:03:44
1.55e-06,0.15,53,0.6479108984015258,0.08029178889525045,2025-10-13 02:03:49
1.55e-06,0.15,54,0.6013049185467061,0.047377280563353254,2025-10-13 02:03:53
1.55e-06,0.15,55,0.7283668255367748,0.05648844728799074,2025-10-13 02:03:57
1.55e-06,0.15,56,0.714056273251023,0.13061957973245608,2025-10-13 02:04:02
1.55e-06,0.15,57,0.6669742460607361,0.07032792886640261,2025-10-13 02:04:06
1.55e-06,0.15,58,0.7091654191426351,0.09252216157119535,2025-10-13 02:04:10
1.55e-06,0.15,59,0.6893623538525505,0.15625043965320554,2025-10-13 02:04:15
1.55e-06,0.15,60,0.6878040343512248,0.08833285259994032,2025-10-13 02:04:19
1.55e-06,0.15,61,0.6385101040879759,0.11628475300882002,2025-10-13 02:04:23
1.55e-06,0.15,62,0.7628965601046378,0.04634520290128296,2025-10-13 02:04:27
1.55e-06,0.15,63,0.7970753581337847,0.11664163868690218,2025-10-13 02:04:32
1.55e-06,0.15,64,0.7546973869625071,0.16963298756698592,2025-10-13 02:04:36
1.55e-06,0.15,65,0.7439141056323757,0.06554383525347411,2025-10-13 02:04:40
1.55e-06,0.15,66,0.6954966328492739,0.13880187364504398,2025-10-13 02:04:45
1.55e-06,0.15,67,0.703557632529554,0.07834861508649361,2025-10-13 02:04:49
1.55e-06,0.15,68,0.685291280448111,0.05066414538908338,2025-10-13 02:04:53
1.55e-06,0.15,69,0.7264901268039917,0.04937032990203386,2025-10-13 02:04:57
1.55e-06,0.15,70,0.7711478050797174,0.0762949223220994,2025-10-13 02:05:02
1.55e-06,0.15,71,0.7066267959709017,0.06990751396900752,2025-10-13 02:05:06
1.55e-06,0.15,72,0.5653072100487722,0.08050185664169053,2025-10-13 02:05:10
1.55e-06,0.15,73,0.6837785437146093,0.08105548864840273,2025-10-13 02:05:15
1.55e-06,0.15,74,0.7167649248404037,0.12126264904975581,2025-10-13 02:05:19
1.55e-06,0.15,75,0.6304747857185489,0.08869990021130585,2025-10-13 02:05:23
1.55e-06,0.15,76,0.6647635609554011,0.08818521648986928,2025-10-13 02:05:28
1.55e-06,0.15,77,0.6327428859966202,0.08544453280261441,2025-10-13 02:05:32
1.55e-06,0.15,78,0.7246820861310337,0.051593825862085864,2025-10-13 02:05:36
1.55e-06,0.15,79,0.695261631066395,0.2124359600634516,2025-10-13 02:05:41
1.55e-06,0.15,80,0.6903718559087005,0.07990409214376416,2025-10-13 02:05:45
1.55e-06,0.15,81,0.7149009823868404,0.042597144769873814,2025-10-13 02:05:49
1.55e-06,0.15,82,0.69350461371544,0.08884261937150086,2025-10-13 02:05:54
1.55e-06,0.15,83,0.6849907878339955,0.07639742343325062,2025-10-13 02:05:58
1.55e-06,0.15,84,0.757357688498339,0.0826112743031976,2025-10-13 02:06:02
1.55e-06,0.15,85,0.7599060037119719,0.10391271210666693,2025-10-13 02:06:07
1.55e-06,0.15,86,0.743037081108438,0.040066608977915696,2025-10-13 02:06:11
1.55e-06,0.15,87,0.7270384056834297,0.07829031169819331,2025-10-13 02:06:15
1.55e-06,0.15,88,0.6958258638807849,0.060051642865549114,2025-10-13 02:06:20
1.55e-06,0.15,89,0.7250845501318418,0.10699083202601671,2025-10-13 02:06:24
1.55e-06,0.15,90,0.6856484650144008,0.14080285884476249,2025-10-13 02:06:28
1.55e-06,0.15,91,0.7016555300963405,0.08154350585852087,2025-10-13 02:06:32
1.55e-06,0.15,92,0.7025245365274663,0.08971083368151878,2025-10-13 02:06:37
1.55e-06,0.15,93,0.7585688083705449,0.14922792759283332,2025-10-13 02:06:41
1.55e-06,0.15,94,0.7480700715832935,0.08204702045490023,2025-10-13 02:06:45
1.55e-06,0.15,95,0.6852105312026663,0.07683214880012722,2025-10-13 02:06:50
1.55e-06,0.15,96,0.7799735857412743,0.07148000819306972,2025-10-13 02:06:54
1.55e-06,0.15,97,0.7374662472244196,0.16899531243334537,2025-10-13 02:06:58
1.55e-06,0.15,98,0.7567634280200739,0.07651638752627872,2025-10-13 02:07:03
1.55e-06,0.15,99,0.6262074944340552,0.07334795258093942,2025-10-13 02:07:07
1.55e-06,0.15,100,0.6714502985063798,0.10609509351165533,2025-10-13 02:07:11
1.55e-06,0.17,1,0.6631632145090648,0.06782059494680284,2025-10-13 02:07:16
1.55e-06,0.17,2,0.6834451670042133,0.16042941797597005,2025-10-13 02:07:20
1.55e-06,0.17,3,0.6689408598564128,0.0783068538750634,2025-10-13 02:07:24
1.55e-06,0.17,4,0.6639315988406995,0.11513649466023944,2025-10-13 02:07:29
1.55e-06,0.17,5,0.6889202924142759,0.16361804849026942,2025-10-13 02:07:33
1.55e-06,0.17,6,0.7190988445310561,0.1431354401033203,2025-10-13 02:07:37
1.55e-06,0.17,7,0.6906950073993955,0.10544644727783577,2025-10-13 02:07:42
1.55e-06,0.17,8,0.7771684923655882,0.1365253496458394,2025-10-13 02:07:46
1.55e-06,0.17,9,0.7023326240876184,0.06675294005735609,2025-10-13 02:07:51
1.55e-06,0.17,10,0.641500208397529,0.12182595831483452,2025-10-13 02:07:55
1.55e-06,0.17,11,0.8031950884790687,0.13625588838420896,2025-10-13 02:07:59
1.55e-06,0.17,12,0.681368953718417,0.13229924417634645,2025-10-13 02:08:03
1.55e-06,0.17,13,0.6635093081607215,0.045701241838295784,2025-10-13 02:08:08
1.55e-06,0.17,14,0.6603218449451501,0.12285261901361368,2025-10-13 02:08:12
1.55e-06,0.17,15,0.6300334267671212,0.05411897283990534,2025-10-13 02:08:16
1.55e-06,0.17,16,0.6842217847905406,0.1095992139861738,2025-10-13 02:08:21
1.55e-06,0.17,17,0.7138939620013695,0.07721384371074727,2025-10-13 02:08:25
1.55e-06,0.17,18,0.654857212327973,0.04666596156293833,2025-10-13 02:08:30
1.55e-06,0.17,19,0.6181982216610366,0.11546467308111372,2025-10-13 02:08:34
1.55e-06,0.17,20,0.7058879434317402,0.07336061997438603,2025-10-13 02:08:38
1.55e-06,0.17,21,0.6978904377130805,0.12674504870581635,2025-10-13 02:08:43
1.55e-06,0.17,22,0.5852739939180388,0.05607912254170427,2025-10-13 02:08:47
1.55e-06,0.17,23,0.6370950648163796,0.120860359470466,2025-10-13 02:08:51
1.55e-06,0.17,24,0.7473520841335263,0.06845264730190236,2025-10-13 02:08:55
1.55e-06,0.17,25,0.6629978251759949,0.11412092400085623,2025-10-13 02:09:00
1.55e-06,0.17,26,0.6651657167975231,0.08220511239673915,2025-10-13 02:09:04
1.55e-06,0.17,27,0.6485711874945137,0.14893841277066433,2025-10-13 02:09:08
1.55e-06,0.17,28,0.6432823241361019,0.09840707164369551,2025-10-13 02:09:13
1.55e-06,0.17,29,0.7212172188145253,0.07683616959702563,2025-10-13 02:09:17
1.55e-06,0.17,30,0.6679690483488898,0.13048252084550224,2025-10-13 02:09:21
1.55e-06,0.17,31,0.7321827966050389,0.050786412681201785,2025-10-13 02:09:26
1.55e-06,0.17,32,0.7816375370308614,0.13492227747945543,2025-10-13 02:09:30
1.55e-06,0.17,33,0.667846408350255,0.10101236051673948,2025-10-13 02:09:34
1.55e-06,0.17,34,0.6908915167985114,0.10889705620734078,2025-10-13 02:09:39
1.55e-06,0.17,35,0.6760514725636285,0.06394799336924319,2025-10-13 02:09:43
1.55e-06,0.17,36,0.6963470626694146,0.09061454951431319,2025-10-13 02:09:47
1.55e-06,0.17,37,0.7072173985924414,0.06430362649396099,2025-10-13 02:09:52
1.55e-06,0.17,38,0.7201933300400579,0.028204899362039765,2025-10-13 02:09:56
1.55e-06,0.17,39,0.7124262888025003,0.05638727654409873,2025-10-13 02:10:00
1.55e-06,0.17,40,0.6551594946871686,0.05882322105653856,2025-10-13 02:10:05
1.55e-06,0.17,41,0.7327859308109851,0.08683390086192187,2025-10-13 02:10:09
1.55e-06,0.17,42,0.6856969328745846,0.15343195766155837,2025-10-13 02:10:13
1.55e-06,0.17,43,0.6735629911690468,0.06621496027314457,2025-10-13 02:10:18
1.55e-06,0.17,44,0.698276983591682,0.05680662864615698,2025-10-13 02:10:22
1.55e-06,0.17,45,0.7258774470628111,0.11630464577200889,2025-10-13 02:10:26
1.55e-06,0.17,46,0.7127339183024369,0.09122744663561161,2025-10-13 02:10:31
1.55e-06,0.17,47,0.6338047310458756,0.11882096792217035,2025-10-13 02:10:35
1.55e-06,0.17,48,0.6986980757530793,0.10361931311092636,2025-10-13 02:10:39
1.55e-06,0.17,49,0.8036791185768377,0.09743348631967683,2025-10-13 02:10:44
1.55e-06,0.17,50,0.6688113047190157,0.12729855301901158,2025-10-13 02:10:48
1.55e-06,0.17,51,0.696025510933995,0.08467903096361822,2025-10-13 02:10:52
1.55e-06,0.17,52,0.6589308330919896,0.04726199693847106,2025-10-13 02:10:57
1.55e-06,0.17,53,0.7257156506422535,0.06673188466029055,2025-10-13 02:11:01
1.55e-06,0.17,54,0.6954944659676893,0.13202618396225244,2025-10-13 02:11:05
1.55e-06,0.17,55,0.721194044574643,0.10833778507922749,2025-10-13 02:11:10
1.55e-06,0.17,56,0.6273408820491432,0.08321520883997349,2025-10-13 02:11:14
1.55e-06,0.17,57,0.7097395947023554,0.06178518318068996,2025-10-13 02:11:18
1.55e-06,0.17,58,0.744927978938584,0.08142958555517094,2025-10-13 02:11:23
1.55e-06,0.17,59,0.69263369200295,0.11326017639132463,2025-10-13 02:11:27
1.55e-06,0.17,60,0.6252598152623933,0.07454124961132726,2025-10-13 02:11:31
1.55e-06,0.17,61,0.6505740997883481,0.061988139962708536,2025-10-13 02:11:36
1.55e-06,0.17,62,0.7729832546059363,0.08785400078841682,2025-10-13 02:11:40
1.55e-06,0.17,63,0.7171263498070799,0.08677652695205079,2025-10-13 02:11:44
1.55e-06,0.17,64,0.7184547519865189,0.09446207980849067,2025-10-13 02:11:49
1.55e-06,0.17,65,0.6128420053546495,0.042236859023175845,2025-10-13 02:11:53
1.55e-06,0.17,66,0.7059557718068801,0.062376668961243976,2025-10-13 02:11:57
1.55e-06,0.17,67,0.7531702179275277,0.17546876806308037,2025-10-13 02:12:01
1.55e-06,0.17,68,0.7775868291602507,0.14465999153147246,2025-10-13 02:12:06
1.55e-06,0.17,69,0.6781970105208329,0.11027499687236274,2025-10-13 02:12:10
1.55e-06,0.17,70,0.7841759214378314,0.17983376608509435,2025-10-13 02:12:15
1.55e-06,0.17,71,0.6321334642332894,0.08311011666620825,2025-10-13 02:12:19
1.55e-06,0.17,72,0.7136269864367354,0.12860226331270705,2025-10-13 02:12:23
1.55e-06,0.17,73,0.7051301826511426,0.15056125691415506,2025-10-13 02:12:27
1.55e-06,0.17,74,0.6581145305771405,0.12632029334981437,2025-10-13 02:12:32
1.55e-06,0.17,75,0.7070659590547737,0.1112654546380002,2025-10-13 02:12:36
1.55e-06,0.17,76,0.6640301861190814,0.06437462843010228,2025-10-13 02:12:40
1.55e-06,0.17,77,0.6568285044350625,0.1023023893162642,2025-10-13 02:12:45
1.55e-06,0.17,78,0.7295202589406011,0.08821625555176797,2025-10-13 02:12:49
1.55e-06,0.17,79,0.5938561277373827,0.08250925057117275,2025-10-13 02:12:53
1.55e-06,0.17,80,0.7098385936081715,0.10226949967763944,2025-10-13 02:12:58
1.55e-06,0.17,81,0.6607966346982346,0.05319305740324833,2025-10-13 02:13:02
1.55e-06,0.17,82,0.7593824713992651,0.18057788645006978,2025-10-13 02:13:06
1.55e-06,0.17,83,0.6395465675323435,0.06460387490762542,2025-10-13 02:13:10
1.55e-06,0.17,84,0.7585920676799914,0.07781484065243424,2025-10-13 02:13:15
1.55e-06,0.17,85,0.7500480100540104,0.1435183567245449,2025-10-13 02:13:19
1.55e-06,0.17,86,0.6885123865119002,0.1034259635473417,2025-10-13 02:13:23
1.55e-06,0.17,87,0.6950246190110638,0.06541081034326326,2025-10-13 02:13:28
1.55e-06,0.17,88,0.6953752504818309,0.11117006620382457,2025-10-13 02:13:32
1.55e-06,0.17,89,0.718157363973727,0.12336169741756148,2025-10-13 02:13:36
1.55e-06,0.17,90,0.7697016242800785,0.11744325137553284,2025-10-13 02:13:41
1.55e-06,0.17,91,0.7281101068548136,0.13063684633762673,2025-10-13 02:13:45
1.55e-06,0.17,92,0.6809772946048356,0.10024985873409564,2025-10-13 02:13:49
1.55e-06,0.17,93,0.7096697610062739,0.06599258622616685,2025-10-13 02:13:53
1.55e-06,0.17,94,0.6970312683147384,0.060009884290309706,2025-10-13 02:13:58
1.55e-06,0.17,95,0.7452321618167913,0.09399298285366423,2025-10-13 02:14:02
1.55e-06,0.17,96,0.6184345668298024,0.041277569911829695,2025-10-13 02:14:06
1.55e-06,0.17,97,0.7186584280697722,0.09203316041617075,2025-10-13 02:14:11
1.55e-06,0.17,98,0.7043132561217283,0.048947086053671894,2025-10-13 02:14:15
1.55e-06,0.17,99,0.6487765752638222,0.037309023981163196,2025-10-13 02:14:19
1.55e-06,0.17,100,0.7009643566154917,0.08237954575135734,2025-10-13 02:14:24
1.55e-06,0.19,1,0.6582182135173903,0.0711110418817025,2025-10-13 02:14:28
1.55e-06,0.19,2,0.7715275839522353,0.1149994273945247,2025-10-13 02:14:33
1.55e-06,0.19,3,0.6152952675878625,0.08701393572582894,2025-10-13 02:14:37
1.55e-06,0.19,4,0.7332349305918648,0.09741299027380626,2025-10-13 02:14:41
1.55e-06,0.19,5,0.7718473509091142,0.0737448307537716,2025-10-13 02:14:45
1.55e-06,0.19,6,0.6241789701333605,0.03147991522108138,2025-10-13 02:14:50
1.55e-06,0.19,7,0.7178078372972904,0.05005443381979579,2025-10-13 02:14:54
1.55e-06,0.19,8,0.6765846813254052,0.06000921849985539,2025-10-13 02:14:58
1.55e-06,0.19,9,0.7427018167722462,0.10119086557536337,2025-10-13 02:15:03
1.55e-06,0.19,10,0.6563762563172525,0.07258133954790544,2025-10-13 02:15:07
1.55e-06,0.19,11,0.7579117683362026,0.15052443347137845,2025-10-13 02:15:11
1.55e-06,0.19,12,0.7012764171931873,0.08306023443200004,2025-10-13 02:15:16
1.55e-06,0.19,13,0.7118027581025642,0.05468262918488917,2025-10-13 02:15:20
1.55e-06,0.19,14,0.5915041293613832,0.11102163375560921,2025-10-13 02:15:24
1.55e-06,0.19,15,0.650133761255516,0.08011759160301107,2025-10-13 02:15:29
1.55e-06,0.19,16,0.7395656034048,0.10212117381219929,2025-10-13 02:15:33
1.55e-06,0.19,17,0.700011165059726,0.08652472529959854,2025-10-13 02:15:37
1.55e-06,0.19,18,0.6596054860264885,0.11667132948605351,2025-10-13 02:15:42
1.55e-06,0.19,19,0.6394367735377389,0.08244107649974257,2025-10-13 02:15:46
1.55e-06,0.19,20,0.7603323060474,0.03641983470064142,2025-10-13 02:15:50
1.55e-06,0.19,21,0.5748078316556636,0.13124113489322756,2025-10-13 02:15:54
1.55e-06,0.19,22,0.6193534059776369,0.058909498267200815,2025-10-13 02:15:59
1.55e-06,0.19,23,0.6942590391353894,0.13259019151164933,2025-10-13 02:16:03
1.55e-06,0.19,24,0.7448580243149145,0.08275616542188945,2025-10-13 02:16:07
1.55e-06,0.19,25,0.7181974882565003,0.06664050792927972,2025-10-13 02:16:12
1.55e-06,0.19,26,0.7361663348092864,0.1624576122494524,2025-10-13 02:16:16
1.55e-06,0.19,27,0.6246226195742122,0.07834852681659008,2025-10-13 02:16:20
1.55e-06,0.19,28,0.7423044303371908,0.15337851934202246,2025-10-13 02:16:25
1.55e-06,0.19,29,0.7191887554531227,0.13200762560990176,2025-10-13 02:16:29
1.55e-06,0.19,30,0.6552049768994186,0.06877504301299768,2025-10-13 02:16:33
1.55e-06,0.19,31,0.6867445904084176,0.14462593227880186,2025-10-13 02:16:38
1.55e-06,0.19,32,0.7025646592869366,0.09075842765708203,2025-10-13 02:16:42
1.55e-06,0.19,33,0.7458020241643103,0.03453385378361044,2025-10-13 02:16:46
1.55e-06,0.19,34,0.713910272761574,0.08371662967200522,2025-10-13 02:16:51
1.55e-06,0.19,35,0.7951030229168979,0.11510441601284603,2025-10-13 02:16:55
1.55e-06,0.19,36,0.6138175735256093,0.06099507494549671,2025-10-13 02:16:59
1.55e-06,0.19,37,0.7585516723507105,0.10201486395687363,2025-10-13 02:17:04
1.55e-06,0.19,38,0.7196262809180742,0.13524493454882103,2025-10-13 02:17:08
1.55e-06,0.19,39,0.710771053506374,0.09051767536614297,2025-10-13 02:17:12
1.55e-06,0.19,40,0.7526103596640905,0.16426285485553643,2025-10-13 02:17:17
1.55e-06,0.19,41,0.6430863892057119,0.11835788322323237,2025-10-13 02:17:21
1.55e-06,0.19,42,0.6684980764267957,0.13374067744906315,2025-10-13 02:17:25
1.55e-06,0.19,43,0.6794599037122878,0.10571070719550504,2025-10-13 02:17:30
1.55e-06,0.19,44,0.6467420791833653,0.09064887631125598,2025-10-13 02:17:34
1.55e-06,0.19,45,0.6886482983417607,0.07590774577075592,2025-10-13 02:17:38
1.55e-06,0.19,46,0.6956514891091791,0.08549558485120277,2025-10-13 02:17:43
1.55e-06,0.19,47,0.6495833532269389,0.10234632000273242,2025-10-13 02:17:47
1.55e-06,0.19,48,0.7483971037424495,0.09897562803590922,2025-10-13 02:17:51
1.55e-06,0.19,49,0.7575107417473923,0.08582187585586355,2025-10-13 02:17:55
1.55e-06,0.19,50,0.7359828285954093,0.025650985104427954,2025-10-13 02:18:00
1.55e-06,0.19,51,0.6645442805684801,0.11449876836041668,2025-10-13 02:18:04
1.55e-06,0.19,52,0.6739888434918718,0.048998306626766734,2025-10-13 02:18:09
1.55e-06,0.19,53,0.6260900584573562,0.05502328305543839,2025-10-13 02:18:13
1.55e-06,0.19,54,0.6802695661910819,0.11008891897173478,2025-10-13 02:18:17
1.55e-06,0.19,55,0.7583996540183967,0.11047104050216401,2025-10-13 02:18:22
1.55e-06,0.19,56,0.722328780992739,0.14351864457784866,2025-10-13 02:18:26
1.55e-06,0.19,57,0.7413157749540354,0.10002534463132794,2025-10-13 02:18:30
1.55e-06,0.19,58,0.7431531083483829,0.0906852504465437,2025-10-13 02:18:35
1.55e-06,0.19,59,0.6850280816292533,0.11721914075480652,2025-10-13 02:18:39
1.55e-06,0.19,60,0.6824462181748852,0.05937438682860871,2025-10-13 02:18:43
1.55e-06,0.19,61,0.6742084191915302,0.05879098637888459,2025-10-13 02:18:48
1.55e-06,0.19,62,0.7434644673998168,0.07210259247597627,2025-10-13 02:18:52
1.55e-06,0.19,63,0.7177839388720273,0.10069033692056749,2025-10-13 02:18:56
1.55e-06,0.19,64,0.692493739315382,0.0954928617189488,2025-10-13 02:19:01
1.55e-06,0.19,65,0.728865783919727,0.10697421684629248,2025-10-13 02:19:05
1.55e-06,0.19,66,0.7342141462992736,0.056407985313319114,2025-10-13 02:19:09
1.55e-06,0.19,67,0.7081742987515365,0.14688507202119833,2025-10-13 02:19:14
1.55e-06,0.19,68,0.6626459805027762,0.06372325414794967,2025-10-13 02:19:18
1.55e-06,0.19,69,0.6656203854285544,0.1378648141409425,2025-10-13 02:19:22
1.55e-06,0.19,70,0.6635187822931209,0.12080201945368545,2025-10-13 02:19:26
1.55e-06,0.19,71,0.7136720191837271,0.07231842264156794,2025-10-13 02:19:31
1.55e-06,0.19,72,0.7931979559692175,0.043784255387548696,2025-10-13 02:19:35
1.55e-06,0.19,73,0.77705657614169,0.1149293691532175,2025-10-13 02:19:40
1.55e-06,0.19,74,0.7549995855774433,0.08426921694056524,2025-10-13 02:19:44
1.55e-06,0.19,75,0.7112464299767328,0.0732577185468222,2025-10-13 02:19:48
1.55e-06,0.19,76,0.7434356498707237,0.09647462919249189,2025-10-13 02:19:52
1.55e-06,0.19,77,0.6654089388121605,0.06562355914596231,2025-10-13 02:19:57
1.55e-06,0.19,78,0.6712997258835298,0.06357302885480193,2025-10-13 02:20:01
1.55e-06,0.19,79,0.7656804495626193,0.1653166527104453,2025-10-13 02:20:05
1.55e-06,0.19,80,0.7492858326802624,0.0519520660571343,2025-10-13 02:20:10
1.55e-06,0.19,81,0.6788802860787962,0.047676799793469726,2025-10-13 02:20:14
1.55e-06,0.19,82,0.6593227208899853,0.12619070712853317,2025-10-13 02:20:18
1.55e-06,0.19,83,0.6880437394779422,0.06981621914498615,2025-10-13 02:20:23
1.55e-06,0.19,84,0.6137545447732803,0.1164641269449501,2025-10-13 02:20:27
1.55e-06,0.19,85,0.6968976281628315,0.06821621494770934,2025-10-13 02:20:31
1.55e-06,0.19,86,0.6778586084389919,0.08921140676709866,2025-10-13 02:20:36
1.55e-06,0.19,87,0.6707636663238343,0.08574297693708181,2025-10-13 02:20:40
1.55e-06,0.19,88,0.6965577058577792,0.06799380639644576,2025-10-13 02:20:44
1.55e-06,0.19,89,0.6827093570433531,0.06101684402856635,2025-10-13 02:20:49
1.55e-06,0.19,90,0.732897724625804,0.1231805995516927,2025-10-13 02:20:53
1.55e-06,0.19,91,0.7263856340212415,0.12365742928867945,2025-10-13 02:20:57
1.55e-06,0.19,92,0.6883321466449681,0.06696898895738321,2025-10-13 02:21:02
1.55e-06,0.19,93,0.7867070732981133,0.09080839956341386,2025-10-13 02:21:06
1.55e-06,0.19,94,0.6001445606165418,0.0858625943926256,2025-10-13 02:21:10
1.55e-06,0.19,95,0.6310587474401462,0.05154706200670011,2025-10-13 02:21:15
1.55e-06,0.19,96,0.6643545503697685,0.06738285153930867,2025-10-13 02:21:19
1.55e-06,0.19,97,0.7506314683109154,0.055960286597328227,2025-10-13 02:21:24
1.55e-06,0.19,98,0.7641066413769831,0.06492961966290335,2025-10-13 02:21:28
1.55e-06,0.19,99,0.7267821511587633,0.10533835897840453,2025-10-13 02:21:32
1.55e-06,0.19,100,0.6878390428466493,0.08960132087265378,2025-10-13 02:21:37
1.55e-06,0.2,1,0.7271337493148661,0.22732886383488754,2025-10-13 02:21:41
1.55e-06,0.2,2,0.6056195529461402,0.06768929712400008,2025-10-13 02:21:45
1.55e-06,0.2,3,0.7206364203248227,0.1674802933256543,2025-10-13 02:21:50
1.55e-06,0.2,4,0.7668241200085254,0.08724021564719972,2025-10-13 02:21:54
1.55e-06,0.2,5,0.649750835478313,0.13855840772182368,2025-10-13 02:21:58
1.55e-06,0.2,6,0.7350657115290423,0.055105651454812866,2025-10-13 02:22:03
1.55e-06,0.2,7,0.6897962319001834,0.11196815546391874,2025-10-13 02:22:07
1.55e-06,0.2,8,0.6513612332269958,0.05263712163647964,2025-10-13 02:22:11
1.55e-06,0.2,9,0.6460626918004565,0.04303172117313425,2025-10-13 02:22:16
1.55e-06,0.2,10,0.6919379125169025,0.0892974040216917,2025-10-13 02:22:20
1.55e-06,0.2,11,0.7078716569576043,0.10755596701302715,2025-10-13 02:22:24
1.55e-06,0.2,12,0.6838019755985694,0.13875171362288638,2025-10-13 02:22:29
1.55e-06,0.2,13,0.7187454305292472,0.073224585005649,2025-10-13 02:22:33
1.55e-06,0.2,14,0.7159538621874033,0.06865549429014156,2025-10-13 02:22:37
1.55e-06,0.2,15,0.7445268308605134,0.04677498815781961,2025-10-13 02:22:42
1.55e-06,0.2,16,0.7062136133806526,0.187811767320922,2025-10-13 02:22:46
1.55e-06,0.2,17,0.6318279921792761,0.09750481359169266,2025-10-13 02:22:50
1.55e-06,0.2,18,0.718931995379276,0.11806237275245234,2025-10-13 02:22:55
1.55e-06,0.2,19,0.6773346630991225,0.11957922501458075,2025-10-13 02:22:59
1.55e-06,0.2,20,0.7240469459945071,0.0768314065599307,2025-10-13 02:23:03
1.55e-06,0.2,21,0.6213632487023992,0.09048043495897241,2025-10-13 02:23:08
1.55e-06,0.2,22,0.6536823119659234,0.06525429159107128,2025-10-13 02:23:12
1.55e-06,0.2,23,0.7357230962450526,0.037157675725188154,2025-10-13 02:23:16
1.55e-06,0.2,24,0.7235308313721914,0.04790566083197788,2025-10-13 02:23:21
1.55e-06,0.2,25,0.7900320746119706,0.08399301989596139,2025-10-13 02:23:25
1.55e-06,0.2,26,0.6678071699429311,0.12495146644979753,2025-10-13 02:23:29
1.55e-06,0.2,27,0.6639507260596238,0.06600531752034293,2025-10-13 02:23:33
1.55e-06,0.2,28,0.7704316756766749,0.12600195780691367,2025-10-13 02:23:38
1.55e-06,0.2,29,0.6442603641537606,0.05075175054473893,2025-10-13 02:23:42
1.55e-06,0.2,30,0.720969776160721,0.10018988653619831,2025-10-13 02:23:46
1.55e-06,0.2,31,0.7659821473129454,0.10115313430877403,2025-10-13 02:23:51
1.55e-06,0.2,32,0.6034727632287651,0.13373658714974873,2025-10-13 02:23:55
1.55e-06,0.2,33,0.704607629082447,0.11544723982849134,2025-10-13 02:23:59
1.55e-06,0.2,34,0.6326621294035086,0.06152000527667057,2025-10-13 02:24:04
1.55e-06,0.2,35,0.6853574100436,0.09016113237952428,2025-10-13 02:24:08
1.55e-06,0.2,36,0.7102612961560881,0.07867183607810707,2025-10-13 02:24:12
1.55e-06,0.2,37,0.6196172004835265,0.03729168845663003,2025-10-13 02:24:17
1.55e-06,0.2,38,0.6788140303656146,0.1078236027416085,2025-10-13 02:24:21
1.55e-06,0.2,39,0.6271272432399395,0.13636380932887304,2025-10-13 02:24:25
1.55e-06,0.2,40,0.6384864103906934,0.08551921203454431,2025-10-13 02:24:30
1.55e-06,0.2,41,0.6922316599243677,0.0966006330850173,2025-10-13 02:24:34
1.55e-06,0.2,42,0.7172835556839247,0.13872555045847465,2025-10-13 02:24:38
1.55e-06,0.2,43,0.6817015427876687,0.16551783433034106,2025-10-13 02:24:43
1.55e-06,0.2,44,0.6496888441877973,0.09640215667439128,2025-10-13 02:24:47
1.55e-06,0.2,45,0.5701597584078664,0.06544699545551,2025-10-13 02:24:51
1.55e-06,0.2,46,0.675804623323101,0.09811947538265978,2025-10-13 02:24:56
1.55e-06,0.2,47,0.718782124086933,0.12596318743039794,2025-10-13 02:25:00
1.55e-06,0.2,48,0.7377923985094815,0.09334389347243284,2025-10-13 02:25:04
1.55e-06,0.2,49,0.7709895379045915,0.08983640152962209,2025-10-13 02:25:09
1.55e-06,0.2,50,0.6594376290430242,0.18735646619187912,2025-10-13 02:25:13
1.55e-06,0.2,51,0.6784956454998882,0.1357769617341499,2025-10-13 02:25:18
1.55e-06,0.2,52,0.5739700679387825,0.058553316948544556,2025-10-13 02:25:22
1.55e-06,0.2,53,0.580290328507995,0.07669736305076193,2025-10-13 02:25:26
1.55e-06,0.2,54,0.6544530949247743,0.09725469802431376,2025-10-13 02:25:31
1.55e-06,0.2,55,0.6673562556114669,0.10954990529136116,2025-10-13 02:25:35
1.55e-06,0.2,56,0.6142472040117153,0.05109640950915305,2025-10-13 02:25:39
1.55e-06,0.2,57,0.6827457202235762,0.11933859180245204,2025-10-13 02:25:44
1.55e-06,0.2,58,0.6507607984442686,0.07541202675260293,2025-10-13 02:25:48
1.55e-06,0.2,59,0.7305063060802267,0.07698832534618144,2025-10-13 02:25:52
1.55e-06,0.2,60,0.6886107214015199,0.08404235079490734,2025-10-13 02:25:57
1.55e-06,0.2,61,0.7130885629567328,0.14053703781795746,2025-10-13 02:26:01
1.55e-06,0.2,62,0.7288426325040424,0.07194496746325246,2025-10-13 02:26:05
1.55e-06,0.2,63,0.6569641854937252,0.09459892763488986,2025-10-13 02:26:10
1.55e-06,0.2,64,0.7162659473638235,0.07587048207346245,2025-10-13 02:26:14
1.55e-06,0.2,65,0.5981928321618093,0.08786646595957645,2025-10-13 02:26:18
1.55e-06,0.2,66,0.7062775749278666,0.07746481769313807,2025-10-13 02:26:23
1.55e-06,0.2,67,0.7084261967993404,0.10052000511033432,2025-10-13 02:26:27
1.55e-06,0.2,68,0.7097389722717576,0.11433135810813472,2025-10-13 02:26:31
1.55e-06,0.2,69,0.729275081189912,0.062191028742410615,2025-10-13 02:26:36
1.55e-06,0.2,70,0.7500603119629424,0.04649895436454903,2025-10-13 02:26:40
1.55e-06,0.2,71,0.6938738985541145,0.05085989018138587,2025-10-13 02:26:44
1.55e-06,0.2,72,0.6186580166169572,0.08268437403152062,2025-10-13 02:26:49
1.55e-06,0.2,73,0.6553092267972903,0.04167645062344458,2025-10-13 02:26:53
1.55e-06,0.2,74,0.7062056532490496,0.08547430033468938,2025-10-13 02:26:57
1.55e-06,0.2,75,0.7766520723871856,0.08413729640885907,2025-10-13 02:27:02
1.55e-06,0.2,76,0.6598914167140054,0.05529638117332244,2025-10-13 02:27:06
1.55e-06,0.2,77,0.6620362147852936,0.12840393650241358,2025-10-13 02:27:10
1.55e-06,0.2,78,0.7213323763803261,0.09216044038390409,2025-10-13 02:27:15
1.55e-06,0.2,79,0.6860855088185872,0.10586836744127004,2025-10-13 02:27:19
1.55e-06,0.2,80,0.7459145161440277,0.06493379678556992,2025-10-13 02:27:24
1.55e-06,0.2,81,0.638990558955252,0.07835848824958784,2025-10-13 02:27:28
1.55e-06,0.2,82,0.7224899322016688,0.06490872781548522,2025-10-13 02:27:32
1.55e-06,0.2,83,0.668746109559268,0.11313381103366045,2025-10-13 02:27:37
1.55e-06,0.2,84,0.7381369478878799,0.1998087564923824,2025-10-13 02:27:41
1.55e-06,0.2,85,0.7045756007494394,0.10024908728728794,2025-10-13 02:27:45
1.55e-06,0.2,86,0.6325864537741,0.09572148508306523,2025-10-13 02:27:50
1.55e-06,0.2,87,0.7117122312884923,0.11718141624130286,2025-10-13 02:27:54
1.55e-06,0.2,88,0.7128784036423425,0.12008021242454704,2025-10-13 02:27:58
1.55e-06,0.2,89,0.7321085921858298,0.04991959691055612,2025-10-13 02:28:03
1.55e-06,0.2,90,0.7252504641237381,0.09807247349724003,2025-10-13 02:28:07
1.55e-06,0.2,91,0.7558781866200177,0.09937948749517413,2025-10-13 02:28:11
1.55e-06,0.2,92,0.7450376327852261,0.1840399946317521,2025-10-13 02:28:16
1.55e-06,0.2,93,0.7094834603399964,0.10449837459053447,2025-10-13 02:28:20
1.55e-06,0.2,94,0.7064223982799007,0.07592317575487484,2025-10-13 02:28:24
1.55e-06,0.2,95,0.711733806364327,0.043361034651835315,2025-10-13 02:28:29
1.55e-06,0.2,96,0.743015163178222,0.11122881252607507,2025-10-13 02:28:33
1.55e-06,0.2,97,0.6021495295173944,0.1189711347822141,2025-10-13 02:28:37
1.55e-06,0.2,98,0.6155232260948121,0.11556371687289452,2025-10-13 02:28:42
1.55e-06,0.2,99,0.7206069975476296,0.09970509954774545,2025-10-13 02:28:46
1.55e-06,0.2,100,0.736352886363531,0.18391863940238887,2025-10-13 02:28:51
5e-07,0.01,1,0.6854842465855709,0.09373862053565946,2025-10-13 02:29:15
5e-07,0.01,2,0.7469745760689988,0.09803186556336088,2025-10-13 02:29:39
5e-07,0.01,3,0.7201082987132716,0.08798871844543317,2025-10-13 02:30:03
5e-07,0.01,4,0.6683238988526969,0.09593111140376952,2025-10-13 02:30:28
5e-07,0.01,5,0.689255068316576,0.08351663334888415,2025-10-13 02:30:52
5e-07,0.01,6,0.7197592355248935,0.10363131589246796,2025-10-13 02:31:16
5e-07,0.01,7,0.6933999302778885,0.07074674091406458,2025-10-13 02:31:40
5e-07,0.01,8,0.6760619272992643,0.09903466220168448,2025-10-13 02:32:05
5e-07,0.01,9,0.7060198505419205,0.07436085266489151,2025-10-13 02:32:29
5e-07,0.01,10,0.6673574919325709,0.1041965373149144,2025-10-13 02:32:53
5e-07,0.01,11,0.6840457829008163,0.09879496223380366,2025-10-13 02:33:18
5e-07,0.01,12,0.7066687360023414,0.08035544231574222,2025-10-13 02:33:42
5e-07,0.01,13,0.6859433975345189,0.08210478837860151,2025-10-13 02:34:06
5e-07,0.01,14,0.7138498619473332,0.07951947462262149,2025-10-13 02:34:30
5e-07,0.01,15,0.6894210464104598,0.07766613786559537,2025-10-13 02:34:54
5e-07,0.01,16,0.6507108554562608,0.07970216045856945,2025-10-13 02:35:19
5e-07,0.01,17,0.7142075307177294,0.11707883480386391,2025-10-13 02:35:43
5e-07,0.01,18,0.7254481562581355,0.0806896689360038,2025-10-13 02:36:07
5e-07,0.01,19,0.7235570752070964,0.08331964246994575,2025-10-13 02:36:31
5e-07,0.01,20,0.694531689758924,0.0738099492038182,2025-10-13 02:36:55
5e-07,0.01,21,0.7012792523780251,0.0849963801044647,2025-10-13 02:37:20
5e-07,0.01,22,0.7022234894827764,0.09723835453255404,2025-10-13 02:37:44
5e-07,0.01,23,0.6963868588210546,0.08774232769031498,2025-10-13 02:38:08
5e-07,0.01,24,0.6985943706710966,0.07235099731689493,2025-10-13 02:38:32
5e-07,0.01,25,0.7005973801534786,0.09842177155342065,2025-10-13 02:38:57
5e-07,0.01,26,0.7168197285352573,0.0894768905397494,2025-10-13 02:39:21
5e-07,0.01,27,0.7094311557211794,0.0883038226896969,2025-10-13 02:39:45
5e-07,0.01,28,0.7066066507391475,0.08182825030719794,2025-10-13 02:40:09
5e-07,0.01,29,0.7151053114591853,0.08114535608832861,2025-10-13 02:40:34
5e-07,0.01,30,0.7027967742051621,0.08846671947309494,2025-10-13 02:40:58
5e-07,0.01,31,0.6780609306209822,0.07864274469919859,2025-10-13 02:41:22
5e-07,0.01,32,0.7067032690543368,0.1119532053536108,2025-10-13 02:41:46
5e-07,0.01,33,0.7142655255252306,0.0669712120934798,2025-10-13 02:42:11
5e-07,0.01,34,0.7185969731590995,0.118770082462232,2025-10-13 02:42:35
5e-07,0.01,35,0.7033027084454537,0.08502867583919439,2025-10-13 02:42:59
5e-07,0.01,36,0.716072201335798,0.09655193766183404,2025-10-13 02:43:23
5e-07,0.01,37,0.740266063196591,0.10518689456444696,2025-10-13 02:43:48
5e-07,0.01,38,0.712736122591759,0.10522912846891389,2025-10-13 02:44:12
5e-07,0.01,39,0.7282778007285774,0.10175256607438317,2025-10-13 02:44:36
5e-07,0.01,40,0.6997134393131567,0.09780162439728483,2025-10-13 02:45:00
5e-07,0.01,41,0.7082544815349864,0.10050265653046703,2025-10-13 02:45:24
5e-07,0.01,42,0.6863344159352176,0.07642361986521948,2025-10-13 02:45:49
5e-07,0.01,43,0.7145875843045738,0.08317839725765468,2025-10-13 02:46:13
5e-07,0.01,44,0.7221889673012036,0.08023802395612048,2025-10-13 02:46:37
5e-07,0.01,45,0.6947055411045459,0.0933506665043022,2025-10-13 02:47:01
5e-07,0.01,46,0.704364037659722,0.07892940776227522,2025-10-13 02:47:26
5e-07,0.01,47,0.7162409808808167,0.08859100969052627,2025-10-13 02:47:50
5e-07,0.01,48,0.7216523444555196,0.09994626163897885,2025-10-13 02:48:14
5e-07,0.01,49,0.7182807429287674,0.09195765319143914,2025-10-13 02:48:38
5e-07,0.01,50,0.677637976625125,0.1004505139201236,2025-10-13 02:49:02
5e-07,0.01,51,0.6973608052701981,0.09082752459705096,2025-10-13 02:49:27
5e-07,0.01,52,0.7167109163124983,0.08621510695222005,2025-10-13 02:49:51
5e-07,0.01,53,0.7081171449909702,0.07989631354812544,2025-10-13 02:50:15
5e-07,0.01,54,0.6872566500098509,0.09445368287405707,2025-10-13 02:50:39
5e-07,0.01,55,0.6844892554931548,0.08926849343894645,2025-10-13 02:51:03
5e-07,0.01,56,0.6883307643512143,0.06061398604300105,2025-10-13 02:51:27
5e-07,0.01,57,0.6964272339091834,0.07465438941193969,2025-10-13 02:51:51
5e-07,0.01,58,0.6894205568591488,0.08388572618912092,2025-10-13 02:52:16
5e-07,0.01,59,0.7087895988893527,0.10789538765882949,2025-10-13 02:52:40
5e-07,0.01,60,0.6858929351439984,0.09490197019356025,2025-10-13 02:53:04
5e-07,0.01,61,0.7025010155687532,0.07996211653197657,2025-10-13 02:53:28
5e-07,0.01,62,0.6920471944084233,0.08881740782764432,2025-10-13 02:53:52
5e-07,0.01,63,0.711408601578701,0.08951636117477771,2025-10-13 02:54:17
5e-07,0.01,64,0.700859500800717,0.08884424196362488,2025-10-13 02:54:41
5e-07,0.01,65,0.6787118489938582,0.08654982901331833,2025-10-13 02:55:05
5e-07,0.01,66,0.6580701108250354,0.0756745693707201,2025-10-13 02:55:29
5e-07,0.01,67,0.6839958805751541,0.07166450565518181,2025-10-13 02:55:53
5e-07,0.01,68,0.7105136044364404,0.09022289818400496,2025-10-13 02:56:18
5e-07,0.01,69,0.6972138361729976,0.08760029394433651,2025-10-13 02:56:42
5e-07,0.01,70,0.6762645648175885,0.09685306970895043,2025-10-13 02:57:06
5e-07,0.01,71,0.7303407144319758,0.10173376343989633,2025-10-13 02:57:30
5e-07,0.01,72,0.7136967372691274,0.0931234743441838,2025-10-13 02:57:55
5e-07,0.01,73,0.70337328435144,0.06843784818676113,2025-10-13 02:58:19
5e-07,0.01,74,0.7097893651735726,0.08830253463263077,2025-10-13 02:58:43
5e-07,0.01,75,0.6939639347179491,0.09856457671935889,2025-10-13 02:59:07
5e-07,0.01,76,0.699339164159598,0.08727638421572391,2025-10-13 02:59:31
5e-07,0.01,77,0.7005748299272363,0.09117746049315897,2025-10-13 02:59:55
5e-07,0.01,78,0.7118615056220465,0.09192893556671237,2025-10-13 03:00:20
5e-07,0.01,79,0.733691055888616,0.09342097047547064,2025-10-13 03:00:44
5e-07,0.01,80,0.7224231792250585,0.09318275128808545,2025-10-13 03:01:08
5e-07,0.01,81,0.68680336530552,0.08844371991237694,2025-10-13 03:01:32
5e-07,0.01,82,0.6991876707320911,0.08823669757096426,2025-10-13 03:01:56
5e-07,0.01,83,0.7228195079020593,0.10515961942520104,2025-10-13 03:02:20
5e-07,0.01,84,0.6848880444393249,0.104842817110477,2025-10-13 03:02:45
5e-07,0.01,85,0.7051817920267687,0.07208511330663554,2025-10-13 03:03:09
5e-07,0.01,86,0.7061152660750029,0.10038980565202346,2025-10-13 03:03:33
5e-07,0.01,87,0.7220552962206841,0.09153915130619449,2025-10-13 03:03:57
5e-07,0.01,88,0.6742371623993211,0.0892209924445075,2025-10-13 03:04:21
5e-07,0.01,89,0.6780822206277121,0.08436161642315229,2025-10-13 03:04:46
5e-07,0.01,90,0.6837581052668474,0.06518531184450908,2025-10-13 03:05:10
5e-07,0.01,91,0.7021997258488993,0.08372989604759074,2025-10-13 03:05:34
5e-07,0.01,92,0.7154146180282013,0.07849419606599473,2025-10-13 03:05:58
5e-07,0.01,93,0.683470786252877,0.09367255671423105,2025-10-13 03:06:22
5e-07,0.01,94,0.6832822712781196,0.0877569772518692,2025-10-13 03:06:46
5e-07,0.01,95,0.6768708947241755,0.0742993776350184,2025-10-13 03:07:11
5e-07,0.01,96,0.666092500729354,0.08182161100396322,2025-10-13 03:07:35
5e-07,0.01,97,0.7140515024040192,0.08163261549771296,2025-10-13 03:07:59
5e-07,0.01,98,0.7126784287157617,0.08653694171269832,2025-10-13 03:08:23
5e-07,0.01,99,0.7285051798456513,0.09870734424749299,2025-10-13 03:08:48
5e-07,0.01,100,0.6844246130395765,0.0877260381095575,2025-10-13 03:09:12
5e-07,0.03,1,0.7194203587328609,0.0902181310035304,2025-10-13 03:09:36
5e-07,0.03,2,0.6927256700646882,0.08474969663643582,2025-10-13 03:10:00
5e-07,0.03,3,0.6961766586515776,0.09529413743675294,2025-10-13 03:10:24
5e-07,0.03,4,0.7084879215604142,0.1034181254735594,2025-10-13 03:10:49
5e-07,0.03,5,0.6887098425977101,0.09845759961373957,2025-10-13 03:11:13
5e-07,0.03,6,0.7019864603834842,0.07807663375091291,2025-10-13 03:11:37
5e-07,0.03,7,0.6900370912451086,0.10070358130561662,2025-10-13 03:12:01
5e-07,0.03,8,0.693874659110413,0.10356160668841466,2025-10-13 03:12:25
5e-07,0.03,9,0.7103667206351608,0.0834022683530934,2025-10-13 03:12:49
5e-07,0.03,10,0.6864764196150425,0.08029943205274909,2025-10-13 03:13:14
5e-07,0.03,11,0.6946934468418834,0.0865307494319758,2025-10-13 03:13:38
5e-07,0.03,12,0.7422984253245801,0.07514413969383107,2025-10-13 03:14:02
5e-07,0.03,13,0.6957976424090078,0.09923829277051778,2025-10-13 03:14:26
5e-07,0.03,14,0.6990126407712456,0.09012246393754392,2025-10-13 03:14:50
5e-07,0.03,15,0.6704417799571838,0.07982494825866651,2025-10-13 03:15:15
5e-07,0.03,16,0.725606469598968,0.0886676189871308,2025-10-13 03:15:39
5e-07,0.03,17,0.7272587268726745,0.08990524521364385,2025-10-13 03:16:03
5e-07,0.03,18,0.7094794378093515,0.09547758651598558,2025-10-13 03:16:27
5e-07,0.03,19,0.7292720255954115,0.08900950527253516,2025-10-13 03:16:51
5e-07,0.03,20,0.6886539818483685,0.0721808912588358,2025-10-13 03:17:16
5e-07,0.03,21,0.6975470290472259,0.09704441321309001,2025-10-13 03:17:40
5e-07,0.03,22,0.6899121028199461,0.10258862340316238,2025-10-13 03:18:04
5e-07,0.03,23,0.6999995482261785,0.11108247865065526,2025-10-13 03:18:28
5e-07,0.03,24,0.7384117462600271,0.08692961177912613,2025-10-13 03:18:53
5e-07,0.03,25,0.6755037110127186,0.0824605304038919,2025-10-13 03:19:17
5e-07,0.03,26,0.7246318867821969,0.11178068741606241,2025-10-13 03:19:41
5e-07,0.03,27,0.6575322761886051,0.07708207660691471,2025-10-13 03:20:05
5e-07,0.03,28,0.6929852333243643,0.07830246716169388,2025-10-13 03:20:29
5e-07,0.03,29,0.7257943345440665,0.09418233725752585,2025-10-13 03:20:53
5e-07,0.03,30,0.6609895329005486,0.07287743831746898,2025-10-13 03:21:18
5e-07,0.03,31,0.6983266405413052,0.08276945487690461,2025-10-13 03:21:42
5e-07,0.03,32,0.6915728868303195,0.0902756019164017,2025-10-13 03:22:06
5e-07,0.03,33,0.7340926920794242,0.08868352555315816,2025-10-13 03:22:30
5e-07,0.03,34,0.7002650873334338,0.08994956923580787,2025-10-13 03:22:54
5e-07,0.03,35,0.7185238571551235,0.11295762062927318,2025-10-13 03:23:19
5e-07,0.03,36,0.7075112234538168,0.09297180698695831,2025-10-13 03:23:43
5e-07,0.03,37,0.7196022482064667,0.09493349741217774,2025-10-13 03:24:07
5e-07,0.03,38,0.6921325055690677,0.07744282961935829,2025-10-13 03:24:31
5e-07,0.03,39,0.7073351761254911,0.0884036906357922,2025-10-13 03:24:55
5e-07,0.03,40,0.6953769794147471,0.07750142132589881,2025-10-13 03:25:20
5e-07,0.03,41,0.7006824911255464,0.10662285165270972,2025-10-13 03:25:44
5e-07,0.03,42,0.698686159050978,0.10595118866696057,2025-10-13 03:26:08
5e-07,0.03,43,0.6992434588733221,0.10399588181154457,2025-10-13 03:26:32
5e-07,0.03,44,0.6908916448259643,0.08591758667113585,2025-10-13 03:26:56
5e-07,0.03,45,0.702723917154374,0.0974183846758262,2025-10-13 03:27:20
5e-07,0.03,46,0.7027538967032864,0.072728658826642,2025-10-13 03:27:44
5e-07,0.03,47,0.6658533606282422,0.1072036226655095,2025-10-13 03:28:09
5e-07,0.03,48,0.7161443162692094,0.0935084903093819,2025-10-13 03:28:33
5e-07,0.03,49,0.7068368227965037,0.09959592633285162,2025-10-13 03:28:57
5e-07,0.03,50,0.7195093134908082,0.07588212644907945,2025-10-13 03:29:21
5e-07,0.03,51,0.7098685305660667,0.08327698701810202,2025-10-13 03:29:46
5e-07,0.03,52,0.6977562852745356,0.082994267584356,2025-10-13 03:30:10
5e-07,0.03,53,0.6953548605937058,0.11041113680592193,2025-10-13 03:30:34
5e-07,0.03,54,0.6632356523654792,0.08191858076070781,2025-10-13 03:30:58
5e-07,0.03,55,0.7117189194754391,0.08646988323541777,2025-10-13 03:31:22
5e-07,0.03,56,0.7283126380365266,0.10312573164340481,2025-10-13 03:31:46
5e-07,0.03,57,0.6920545561173114,0.0800243843899004,2025-10-13 03:32:11
5e-07,0.03,58,0.6908977551528772,0.08979529498111583,2025-10-13 03:32:35
5e-07,0.03,59,0.6756996708069961,0.09402376188939957,2025-10-13 03:32:59
5e-07,0.03,60,0.6962318117460803,0.08065026492292629,2025-10-13 03:33:23
5e-07,0.03,61,0.6848935589888046,0.08684639136279647,2025-10-13 03:33:47
5e-07,0.03,62,0.7106675276836469,0.0891525257356762,2025-10-13 03:34:11
5e-07,0.03,63,0.6925574911013408,0.0863159958803696,2025-10-13 03:34:35
5e-07,0.03,64,0.7254130992192586,0.08805534877738522,2025-10-13 03:35:00
5e-07,0.03,65,0.6899990641779826,0.09964659110387136,2025-10-13 03:35:24
5e-07,0.03,66,0.7283387906422126,0.0841666559062131,2025-10-13 03:35:48
5e-07,0.03,67,0.7334600726378518,0.12288643484058316,2025-10-13 03:36:12
5e-07,0.03,68,0.6854838130030461,0.10927731348642325,2025-10-13 03:36:36
5e-07,0.03,69,0.693673875263725,0.09822144755512474,2025-10-13 03:37:00
5e-07,0.03,70,0.7186772634668122,0.08866812042079006,2025-10-13 03:37:24
5e-07,0.03,71,0.7011142489746658,0.10076172181542647,2025-10-13 03:37:49
5e-07,0.03,72,0.7325060269562678,0.09094433869234952,2025-10-13 03:38:13
5e-07,0.03,73,0.692895539202026,0.08251985803643817,2025-10-13 03:38:37
5e-07,0.03,74,0.7045099354183163,0.10152662556668451,2025-10-13 03:39:01
5e-07,0.03,75,0.7106883595581821,0.11279359890694275,2025-10-13 03:39:25
5e-07,0.03,76,0.7374481935414391,0.10934655309016889,2025-10-13 03:39:49
5e-07,0.03,77,0.71559630618123,0.10163495982190103,2025-10-13 03:40:13
5e-07,0.03,78,0.7317695584813371,0.10341034443500996,2025-10-13 03:40:38
5e-07,0.03,79,0.7095592888187581,0.08128113843857604,2025-10-13 03:41:02
5e-07,0.03,80,0.7443197260813122,0.08504232854145784,2025-10-13 03:41:26
5e-07,0.03,81,0.695712316312141,0.07148704269773896,2025-10-13 03:41:50
5e-07,0.03,82,0.6975193959060976,0.09484624145088892,2025-10-13 03:42:14
5e-07,0.03,83,0.6750533105501837,0.08403458733939123,2025-10-13 03:42:38
5e-07,0.03,84,0.6984306594437916,0.09623826672371491,2025-10-13 03:43:03
5e-07,0.03,85,0.6986517119824449,0.08891317160220073,2025-10-13 03:43:27
5e-07,0.03,86,0.6671781037480535,0.09433183608394785,2025-10-13 03:43:51
5e-07,0.03,87,0.6908094532905391,0.0929780027110484,2025-10-13 03:44:15
5e-07,0.03,88,0.6921880128237186,0.09578252518827249,2025-10-13 03:44:39
5e-07,0.03,89,0.6999461906126825,0.08848348596891392,2025-10-13 03:45:03
5e-07,0.03,90,0.6898552273857472,0.08492950234727918,2025-10-13 03:45:27
5e-07,0.03,91,0.6777579032593799,0.09373518653264899,2025-10-13 03:45:52
5e-07,0.03,92,0.7188881769017492,0.10342711149481479,2025-10-13 03:46:16
5e-07,0.03,93,0.6742780799188748,0.07518186452498388,2025-10-13 03:46:40
5e-07,0.03,94,0.6967087285510197,0.10141618236811893,2025-10-13 03:47:04
5e-07,0.03,95,0.6655588577825164,0.08941653976967028,2025-10-13 03:47:28
5e-07,0.03,96,0.6779206243035624,0.0904043862715673,2025-10-13 03:47:52
5e-07,0.03,97,0.7338312283611047,0.09338773405669894,2025-10-13 03:48:17
5e-07,0.03,98,0.7056851123469152,0.10269999823885223,2025-10-13 03:48:41
5e-07,0.03,99,0.6816515255561935,0.08416576172481363,2025-10-13 03:49:05
5e-07,0.03,100,0.688028986744654,0.08102291439410117,2025-10-13 03:49:29
5e-07,0.05,1,0.6859925020311083,0.09193043610982728,2025-10-13 03:49:53
5e-07,0.05,2,0.6945865420363023,0.0964766527104753,2025-10-13 03:50:17
5e-07,0.05,3,0.6795072100100409,0.08569191070628414,2025-10-13 03:50:42
5e-07,0.05,4,0.7014297226645076,0.10401077241984744,2025-10-13 03:51:06
5e-07,0.05,5,0.7085582668476713,0.09800978694430143,2025-10-13 03:51:30
5e-07,0.05,6,0.6973479269341181,0.07253097243793163,2025-10-13 03:51:54
5e-07,0.05,7,0.72057418339228,0.08363432488084503,2025-10-13 03:52:18
5e-07,0.05,8,0.7089329694158433,0.10089809425705724,2025-10-13 03:52:42
5e-07,0.05,9,0.7040398071446944,0.09541248868455668,2025-10-13 03:53:07
5e-07,0.05,10,0.7177613918429487,0.10060514246027602,2025-10-13 03:53:31
5e-07,0.05,11,0.694845439654199,0.09564432660918025,2025-10-13 03:53:55
5e-07,0.05,12,0.7078790445447272,0.0986790297334098,2025-10-13 03:54:19
5e-07,0.05,13,0.702885706614192,0.09591562436882238,2025-10-13 03:54:43
5e-07,0.05,14,0.7031246018894812,0.09921283642444849,2025-10-13 03:55:07
5e-07,0.05,15,0.6740206289041866,0.0716916500022066,2025-10-13 03:55:31
5e-07,0.05,16,0.7427842554798321,0.10432342714212478,2025-10-13 03:55:55
5e-07,0.05,17,0.7157200309159685,0.07741177734885007,2025-10-13 03:56:19
5e-07,0.05,18,0.6696840812684263,0.08317274339266993,2025-10-13 03:56:44
5e-07,0.05,19,0.6960792135486675,0.10245305585831395,2025-10-13 03:57:08
5e-07,0.05,20,0.7309179551845744,0.08366569017396724,2025-10-13 03:57:32
5e-07,0.05,21,0.7379890097134398,0.09565196849437384,2025-10-13 03:57:56
5e-07,0.05,22,0.6858919015717583,0.08963358958645358,2025-10-13 03:58:20
5e-07,0.05,23,0.7023949764651343,0.0986397735828149,2025-10-13 03:58:44
5e-07,0.05,24,0.7046100714436394,0.09691014642223787,2025-10-13 03:59:09
5e-07,0.05,25,0.6973967111484031,0.08996619835625881,2025-10-13 03:59:33
5e-07,0.05,26,0.7224049835587381,0.12379353664033083,2025-10-13 03:59:57
5e-07,0.05,27,0.6744681710829461,0.0964296499571006,2025-10-13 04:00:21
5e-07,0.05,28,0.7117612142311813,0.0734442822580008,2025-10-13 04:00:45
5e-07,0.05,29,0.7277392171609102,0.08939129535747549,2025-10-13 04:01:09
5e-07,0.05,30,0.692974171467528,0.0904276856310604,2025-10-13 04:01:34
5e-07,0.05,31,0.7072015025868675,0.11369675428158929,2025-10-13 04:01:58
5e-07,0.05,32,0.7250024619226507,0.0917703365253612,2025-10-13 04:02:22
5e-07,0.05,33,0.7378733890762027,0.0959386145505724,2025-10-13 04:02:46
5e-07,0.05,34,0.7031112129934074,0.09952270154498115,2025-10-13 04:03:10
5e-07,0.05,35,0.7462057245685318,0.10269739212425985,2025-10-13 04:03:34
5e-07,0.05,36,0.6909245179947039,0.09501843791244531,2025-10-13 04:03:58
5e-07,0.05,37,0.6869477572076418,0.08080884005971219,2025-10-13 04:04:23
5e-07,0.05,38,0.7063178454018072,0.08618635958646458,2025-10-13 04:04:47
5e-07,0.05,39,0.6949818137715321,0.08699257747384365,2025-10-13 04:05:11
5e-07,0.05,40,0.6924079412690628,0.10469232413632071,2025-10-13 04:05:35
5e-07,0.05,41,0.6971395849564935,0.08407572727675902,2025-10-13 04:05:59
5e-07,0.05,42,0.7160357397286536,0.11254750916212738,2025-10-13 04:06:23
5e-07,0.05,43,0.6987532023463061,0.07826776043227518,2025-10-13 04:06:48
5e-07,0.05,44,0.701443886848943,0.06499560297384087,2025-10-13 04:07:12
5e-07,0.05,45,0.7334432277424359,0.09046637751628067,2025-10-13 04:07:36
5e-07,0.05,46,0.7141009058294802,0.10138603136400509,2025-10-13 04:08:00
5e-07,0.05,47,0.7010433303601227,0.08990714753836579,2025-10-13 04:08:24
5e-07,0.05,48,0.728723653910582,0.09166689343319946,2025-10-13 04:08:48
5e-07,0.05,49,0.6754945168580138,0.12004861105684382,2025-10-13 04:09:12
5e-07,0.05,50,0.7150123500237466,0.08873699024805308,2025-10-13 04:09:37
5e-07,0.05,51,0.7157082062695078,0.08217404027464106,2025-10-13 04:10:01
5e-07,0.05,52,0.6851235592059395,0.10100208640479606,2025-10-13 04:10:25
5e-07,0.05,53,0.6972782392470092,0.08431420213351208,2025-10-13 04:10:49
5e-07,0.05,54,0.6973497700450982,0.09479843310576147,2025-10-13 04:11:13
5e-07,0.05,55,0.6995452621425721,0.08364276751766278,2025-10-13 04:11:37
5e-07,0.05,56,0.7173403332900676,0.08826213839327753,2025-10-13 04:12:01
5e-07,0.05,57,0.7053230580621164,0.07268487868072658,2025-10-13 04:12:25
5e-07,0.05,58,0.7041085490914826,0.11417811523879658,2025-10-13 04:12:50
5e-07,0.05,59,0.6808929310707529,0.08746575116695177,2025-10-13 04:13:14
5e-07,0.05,60,0.7353449965454195,0.07600118471091959,2025-10-13 04:13:38
5e-07,0.05,61,0.6919629108848161,0.0811797587354128,2025-10-13 04:14:02
5e-07,0.05,62,0.7239954877759128,0.08896655190230346,2025-10-13 04:14:26
5e-07,0.05,63,0.6969923532904739,0.08124432309774743,2025-10-13 04:14:51
5e-07,0.05,64,0.6997431250885205,0.07767482906336551,2025-10-13 04:15:15
5e-07,0.05,65,0.7228493517223653,0.0921059314257378,2025-10-13 04:15:39
5e-07,0.05,66,0.7398328423563306,0.08712538594429163,2025-10-13 04:16:03
5e-07,0.05,67,0.687279141942705,0.06267426053694221,2025-10-13 04:16:27
5e-07,0.05,68,0.7214285137643309,0.10026743332507622,2025-10-13 04:16:51
5e-07,0.05,69,0.7102210105952123,0.07509207992205402,2025-10-13 04:17:16
5e-07,0.05,70,0.7233847444444367,0.06571283781760187,2025-10-13 04:17:40
5e-07,0.05,71,0.6788688489247271,0.08026927992696661,2025-10-13 04:18:04
5e-07,0.05,72,0.7489996809820033,0.08815139752905217,2025-10-13 04:18:28
5e-07,0.05,73,0.7271905053454123,0.08967678130731362,2025-10-13 04:18:52
5e-07,0.05,74,0.7023882572587379,0.10792990698590138,2025-10-13 04:19:17
5e-07,0.05,75,0.7075102297054883,0.085178137393556,2025-10-13 04:19:41
5e-07,0.05,76,0.7184704560368937,0.06678637208434031,2025-10-13 04:20:05
5e-07,0.05,77,0.6996383892720272,0.08937942301973009,2025-10-13 04:20:29
5e-07,0.05,78,0.6802831608236958,0.07410026331044546,2025-10-13 04:20:53
5e-07,0.05,79,0.6877423585083987,0.05710946382899852,2025-10-13 04:21:17
5e-07,0.05,80,0.7247738571541554,0.11751435337678762,2025-10-13 04:21:42
5e-07,0.05,81,0.7051730803127939,0.09778776681561395,2025-10-13 04:22:06
5e-07,0.05,82,0.6798885686175838,0.08599578297664727,2025-10-13 04:22:30
5e-07,0.05,83,0.6958805582235953,0.1299079991640168,2025-10-13 04:22:54
5e-07,0.05,84,0.6919686230064226,0.07006801024171098,2025-10-13 04:23:18
5e-07,0.05,85,0.7096159838223459,0.07620510243134078,2025-10-13 04:23:42
5e-07,0.05,86,0.7329973215842585,0.07964197336940425,2025-10-13 04:24:06
5e-07,0.05,87,0.7116065089317654,0.09499921376028841,2025-10-13 04:24:31
5e-07,0.05,88,0.7339534671332788,0.07939668584493592,2025-10-13 04:24:55
5e-07,0.05,89,0.6618366272241025,0.08709441583159092,2025-10-13 04:25:19
5e-07,0.05,90,0.7219256271087748,0.11286788919399939,2025-10-13 04:25:43
5e-07,0.05,91,0.7315879580869771,0.0929497725967584,2025-10-13 04:26:07
5e-07,0.05,92,0.7279171024718367,0.10035621844629032,2025-10-13 04:26:32
5e-07,0.05,93,0.6759216476076451,0.07823490287885632,2025-10-13 04:26:56
5e-07,0.05,94,0.7163298943214707,0.09020593916404465,2025-10-13 04:27:20
5e-07,0.05,95,0.730289517234417,0.09690824691661025,2025-10-13 04:27:44
5e-07,0.05,96,0.7097624725449745,0.07903933271887795,2025-10-13 04:28:08
5e-07,0.05,97,0.719680471396603,0.10636131922816053,2025-10-13 04:28:32
5e-07,0.05,98,0.6716771196868082,0.08659964071519673,2025-10-13 04:28:56
5e-07,0.05,99,0.7000920493644315,0.07478896169076626,2025-10-13 04:29:21
5e-07,0.05,100,0.7353361441968382,0.10776379523961849,2025-10-13 04:29:45
5e-07,0.07,1,0.7062836471795862,0.08399999674111305,2025-10-13 04:30:09
5e-07,0.07,2,0.7210884748137505,0.09402342055348523,2025-10-13 04:30:33
5e-07,0.07,3,0.7289321571556168,0.11896261991383501,2025-10-13 04:30:58
5e-07,0.07,4,0.7019206583149402,0.08510416402191909,2025-10-13 04:31:22
5e-07,0.07,5,0.7160726140263044,0.0878131413549527,2025-10-13 04:31:46
5e-07,0.07,6,0.6734982359077947,0.09902722032292144,2025-10-13 04:32:10
5e-07,0.07,7,0.687621250473064,0.08404181267003549,2025-10-13 04:32:35
5e-07,0.07,8,0.701960361042427,0.09957426260360161,2025-10-13 04:32:59
5e-07,0.07,9,0.7087146970324957,0.07474519920337248,2025-10-13 04:33:23
5e-07,0.07,10,0.7122583085443854,0.08324533651918671,2025-10-13 04:33:47
5e-07,0.07,11,0.7299748599571141,0.0909815944515201,2025-10-13 04:34:12
5e-07,0.07,12,0.7008643894824557,0.09722487621333828,2025-10-13 04:34:36
5e-07,0.07,13,0.6890088647109103,0.09769742829152751,2025-10-13 04:35:00
5e-07,0.07,14,0.7213957661425395,0.06949535915987709,2025-10-13 04:35:24
5e-07,0.07,15,0.7014541329530913,0.09112508037655077,2025-10-13 04:35:48
5e-07,0.07,16,0.7166320667910702,0.09321980342473189,2025-10-13 04:36:13
5e-07,0.07,17,0.6761704063426635,0.09507435920490362,2025-10-13 04:36:37
5e-07,0.07,18,0.7194167079902171,0.11062767020279012,2025-10-13 04:37:01
5e-07,0.07,19,0.6949879275337534,0.081609431070305,2025-10-13 04:37:25
5e-07,0.07,20,0.7426476918474125,0.09093255528269882,2025-10-13 04:37:50
5e-07,0.07,21,0.7118829561942109,0.08103594838085493,2025-10-13 04:38:14
5e-07,0.07,22,0.7159523068571547,0.1054288959555427,2025-10-13 04:38:38
5e-07,0.07,23,0.6752612625989135,0.0962446030699964,2025-10-13 04:39:02
5e-07,0.07,24,0.7153185898170338,0.08506920832834566,2025-10-13 04:39:26
5e-07,0.07,25,0.7297411158144086,0.09121005407492523,2025-10-13 04:39:50
5e-07,0.07,26,0.7123820992016039,0.0958289770379342,2025-10-13 04:40:15
5e-07,0.07,27,0.7149475990058513,0.10049303798981842,2025-10-13 04:40:39
5e-07,0.07,28,0.7174802193784431,0.09550541491560641,2025-10-13 04:41:03
5e-07,0.07,29,0.7193692272406249,0.10154051660671023,2025-10-13 04:41:27
5e-07,0.07,30,0.7361237236438261,0.0999404314388928,2025-10-13 04:41:51
5e-07,0.07,31,0.7205233461878325,0.08898562942379692,2025-10-13 04:42:16
5e-07,0.07,32,0.6745236925154835,0.09744967014801512,2025-10-13 04:42:40
5e-07,0.07,33,0.6707499361040999,0.06998853958360929,2025-10-13 04:43:04
5e-07,0.07,34,0.7227643034556184,0.0932159303546114,2025-10-13 04:43:28
5e-07,0.07,35,0.7000357942947775,0.07997137687443687,2025-10-13 04:43:52
5e-07,0.07,36,0.7117694904033636,0.0799219728518707,2025-10-13 04:44:17
5e-07,0.07,37,0.697854830664962,0.10587383811384896,2025-10-13 04:44:41
5e-07,0.07,38,0.7419228810798466,0.0951450214618243,2025-10-13 04:45:05
5e-07,0.07,39,0.6802989569611975,0.10128346991146707,2025-10-13 04:45:29
5e-07,0.07,40,0.6964312798580228,0.09428510644866378,2025-10-13 04:45:53
5e-07,0.07,41,0.7025920666589713,0.07570774184062312,2025-10-13 04:46:17
5e-07,0.07,42,0.732230518768512,0.09033925331591301,2025-10-13 04:46:42
5e-07,0.07,43,0.720955059838257,0.09307401056045134,2025-10-13 04:47:06
5e-07,0.07,44,0.704312258256612,0.11905075461462034,2025-10-13 04:47:30
5e-07,0.07,45,0.7226650744239845,0.09205971081684114,2025-10-13 04:47:54
5e-07,0.07,46,0.688217279517564,0.10539813693644437,2025-10-13 04:48:18
5e-07,0.07,47,0.7253012415557237,0.10696594338194944,2025-10-13 04:48:43
5e-07,0.07,48,0.706420344405054,0.09080797912167844,2025-10-13 04:49:07
5e-07,0.07,49,0.6858838314564712,0.09197752862252712,2025-10-13 04:49:31
5e-07,0.07,50,0.7096948199682155,0.08658292777607243,2025-10-13 04:49:55
5e-07,0.07,51,0.7182326686654593,0.09193109427374642,2025-10-13 04:50:19
5e-07,0.07,52,0.713997410292791,0.0864573966413123,2025-10-13 04:50:44
5e-07,0.07,53,0.6925039269117728,0.0771241498742218,2025-10-13 04:51:08
5e-07,0.07,54,0.732624944310747,0.07893838732091014,2025-10-13 04:51:32
5e-07,0.07,55,0.7183118445643045,0.09357946707896597,2025-10-13 04:51:56
5e-07,0.07,56,0.70618223107218,0.07853141208430853,2025-10-13 04:52:21
5e-07,0.07,57,0.7068210780228606,0.08680030038164152,2025-10-13 04:52:45
5e-07,0.07,58,0.7162617849446096,0.08958698525150985,2025-10-13 04:53:09
5e-07,0.07,59,0.6898162536395394,0.0922096671693315,2025-10-13 04:53:33
5e-07,0.07,60,0.7074937506279568,0.09705298396983837,2025-10-13 04:53:57
5e-07,0.07,61,0.7052420914281857,0.10391293749232958,2025-10-13 04:54:22
5e-07,0.07,62,0.7201654379510133,0.0934868369145561,2025-10-13 04:54:46
5e-07,0.07,63,0.6809029767843129,0.0930270704885964,2025-10-13 04:55:10
5e-07,0.07,64,0.7092176843245263,0.09129795467693287,2025-10-13 04:55:34
5e-07,0.07,65,0.7616775031927556,0.10238659111651037,2025-10-13 04:55:59
5e-07,0.07,66,0.7145867806401405,0.10593419968203763,2025-10-13 04:56:23
5e-07,0.07,67,0.7327998167148275,0.11794819606799653,2025-10-13 04:56:47
5e-07,0.07,68,0.7285321587296699,0.09107457501564721,2025-10-13 04:57:12
5e-07,0.07,69,0.710946343587804,0.07956170787175186,2025-10-13 04:57:36
5e-07,0.07,70,0.6905776967361992,0.06866370902876785,2025-10-13 04:58:00
5e-07,0.07,71,0.6871121090564997,0.0742590369738328,2025-10-13 04:58:24
5e-07,0.07,72,0.7202941262778835,0.0708901129719558,2025-10-13 04:58:48
5e-07,0.07,73,0.6993428094558413,0.07268345885397548,2025-10-13 04:59:12
5e-07,0.07,74,0.7231009962667737,0.10660122838505658,2025-10-13 04:59:37
5e-07,0.07,75,0.7121671209452439,0.07714272110516895,2025-10-13 05:00:01
5e-07,0.07,76,0.7097217974973842,0.09915330087142962,2025-10-13 05:00:25
5e-07,0.07,77,0.6984552309162586,0.09649774524872029,2025-10-13 05:00:50
5e-07,0.07,78,0.7076798214428505,0.08018881376216863,2025-10-13 05:01:14
5e-07,0.07,79,0.7297738007896549,0.08983233616990267,2025-10-13 05:01:38
5e-07,0.07,80,0.6709851170781953,0.08966729717196541,2025-10-13 05:02:03
5e-07,0.07,81,0.7211949217358082,0.08531450558361078,2025-10-13 05:02:27
5e-07,0.07,82,0.7413169123500511,0.11025014283292806,2025-10-13 05:02:51
5e-07,0.07,83,0.7127961109022757,0.10291811677182873,2025-10-13 05:03:15
5e-07,0.07,84,0.7121831155468895,0.06854564452535736,2025-10-13 05:03:40
5e-07,0.07,85,0.7150323846422282,0.08618938918687173,2025-10-13 05:04:04
5e-07,0.07,86,0.7490523227125901,0.10335765727170117,2025-10-13 05:04:28
5e-07,0.07,87,0.7374191275889206,0.08607928934862082,2025-10-13 05:04:52
5e-07,0.07,88,0.7139288225924525,0.08632333595284522,2025-10-13 05:05:16
5e-07,0.07,89,0.7015942591769716,0.07672063847344943,2025-10-13 05:05:41
5e-07,0.07,90,0.7061280074951451,0.08463985738139851,2025-10-13 05:06:05
5e-07,0.07,91,0.7236574735538162,0.1080131019870701,2025-10-13 05:06:29
5e-07,0.07,92,0.7236143298196814,0.10500711194800119,2025-10-13 05:06:53
5e-07,0.07,93,0.752971595804572,0.08607306380154008,2025-10-13 05:07:17
5e-07,0.07,94,0.7349945017845924,0.09907190326104508,2025-10-13 05:07:42
5e-07,0.07,95,0.6864821597539996,0.08200833544209488,2025-10-13 05:08:06
5e-07,0.07,96,0.71509104330126,0.09722643007758038,2025-10-13 05:08:30
5e-07,0.07,97,0.7205568253259342,0.09293393941835362,2025-10-13 05:08:54
5e-07,0.07,98,0.7448039384867094,0.07634876394964454,2025-10-13 05:09:18
5e-07,0.07,99,0.6943992405201558,0.08301487243772017,2025-10-13 05:09:43
5e-07,0.07,100,0.7032081554574109,0.0900159418431811,2025-10-13 05:10:07
5e-07,0.09,1,0.7214053074451954,0.12143981475032915,2025-10-13 05:10:31
5e-07,0.09,2,0.7459320777869711,0.10468604650281897,2025-10-13 05:10:55
5e-07,0.09,3,0.7186906918382564,0.08380415792043355,2025-10-13 05:11:20
5e-07,0.09,4,0.7115655762163221,0.09502291113862593,2025-10-13 05:11:44
5e-07,0.09,5,0.7338581933590667,0.1043277691401767,2025-10-13 05:12:08
5e-07,0.09,6,0.7226135302723699,0.0802469858758053,2025-10-13 05:12:32
5e-07,0.09,7,0.7082035320615082,0.08213472406118663,2025-10-13 05:12:56
5e-07,0.09,8,0.7198010435504745,0.11043762149229999,2025-10-13 05:13:21
5e-07,0.09,9,0.6631703125827036,0.08797663233642068,2025-10-13 05:13:45
5e-07,0.09,10,0.7264420797269849,0.08810367192312553,2025-10-13 05:14:09
5e-07,0.09,11,0.7375904975634384,0.09495229389022616,2025-10-13 05:14:33
5e-07,0.09,12,0.7151240605174484,0.09419953076808661,2025-10-13 05:14:58
5e-07,0.09,13,0.7091165709887765,0.09930602579921517,2025-10-13 05:15:22
5e-07,0.09,14,0.7057772730963047,0.07917348090816116,2025-10-13 05:15:46
5e-07,0.09,15,0.7000474214271704,0.09417319300287803,2025-10-13 05:16:10
5e-07,0.09,16,0.7395383630537696,0.11071062938199909,2025-10-13 05:16:35
5e-07,0.09,17,0.7102212638592149,0.07501560729482859,2025-10-13 05:16:59
5e-07,0.09,18,0.7006672743356432,0.09500438699444012,2025-10-13 05:17:23
5e-07,0.09,19,0.7408623352887016,0.0873037312830542,2025-10-13 05:17:47
5e-07,0.09,20,0.7421268987303806,0.10629152218385592,2025-10-13 05:18:11
5e-07,0.09,21,0.7490019237511647,0.12108659749972113,2025-10-13 05:18:36
5e-07,0.09,22,0.7154171605214971,0.08940783344256294,2025-10-13 05:19:00
5e-07,0.09,23,0.6979459045210531,0.0954251364626317,2025-10-13 05:19:24
5e-07,0.09,24,0.7035461885013032,0.11586759081230542,2025-10-13 05:19:48
5e-07,0.09,25,0.7088858334079585,0.09261303281897522,2025-10-13 05:20:13
5e-07,0.09,26,0.7142959835717577,0.10054059674834527,2025-10-13 05:20:37
5e-07,0.09,27,0.6737345585053508,0.08589724396201821,2025-10-13 05:21:01
5e-07,0.09,28,0.7051360796740942,0.10163309567127152,2025-10-13 05:21:25
5e-07,0.09,29,0.731931351483043,0.09161840093995147,2025-10-13 05:21:49
5e-07,0.09,30,0.7418298484864918,0.11890783603050303,2025-10-13 05:22:14
5e-07,0.09,31,0.7060435784825266,0.09357628536024973,2025-10-13 05:22:38
5e-07,0.09,32,0.7264057830375457,0.1118319702231152,2025-10-13 05:23:02
5e-07,0.09,33,0.7188300654256327,0.09801711117088352,2025-10-13 05:23:26
5e-07,0.09,34,0.7266112942924305,0.08590512159104843,2025-10-13 05:23:51
5e-07,0.09,35,0.7180297358371308,0.10919793193079802,2025-10-13 05:24:15
5e-07,0.09,36,0.7491337638811827,0.08194186724213876,2025-10-13 05:24:39
5e-07,0.09,37,0.7325074638402652,0.09334993531927416,2025-10-13 05:25:03
5e-07,0.09,38,0.6833012762560877,0.08110750158382042,2025-10-13 05:25:27
5e-07,0.09,39,0.7389594083446799,0.10227354993077557,2025-10-13 05:25:52
5e-07,0.09,40,0.7238681570388952,0.0781985771067772,2025-10-13 05:26:16
5e-07,0.09,41,0.6640213945620965,0.09557987189268663,2025-10-13 05:26:40
5e-07,0.09,42,0.7167790068886969,0.09661511587648834,2025-10-13 05:27:05
5e-07,0.09,43,0.735425015515991,0.10700358967252427,2025-10-13 05:27:29
5e-07,0.09,44,0.7252688914531078,0.09826284347505272,2025-10-13 05:27:53
5e-07,0.09,45,0.7108636678070944,0.09868958113875798,2025-10-13 05:28:17
5e-07,0.09,46,0.7134983614173069,0.09029727572762525,2025-10-13 05:28:41
5e-07,0.09,47,0.7156567302352852,0.11482553081382124,2025-10-13 05:29:06
5e-07,0.09,48,0.7307410101065044,0.11088223613102896,2025-10-13 05:29:30
5e-07,0.09,49,0.7304386794740256,0.10758010334473732,2025-10-13 05:29:54
5e-07,0.09,50,0.7529649010589003,0.09656702253248572,2025-10-13 05:30:18
5e-07,0.09,51,0.7208588209481516,0.08607806097020007,2025-10-13 05:30:43
5e-07,0.09,52,0.768485731414655,0.09643864196570452,2025-10-13 05:31:07
5e-07,0.09,53,0.7134425750594641,0.08851764510023341,2025-10-13 05:31:31
5e-07,0.09,54,0.7054302158990596,0.10206735115830225,2025-10-13 05:31:55
5e-07,0.09,55,0.7353528132827618,0.08783628781055443,2025-10-13 05:32:19
5e-07,0.09,56,0.7330760728950465,0.10706548520206441,2025-10-13 05:32:43
5e-07,0.09,57,0.7215743207181062,0.09891962074707691,2025-10-13 05:33:08
5e-07,0.09,58,0.6890735875644786,0.09164453130342935,2025-10-13 05:33:32
5e-07,0.09,59,0.6862724758738903,0.09118077968417324,2025-10-13 05:33:56
5e-07,0.09,60,0.7301334898647254,0.10314512413952878,2025-10-13 05:34:20
5e-07,0.09,61,0.7026507987872773,0.0964878318723901,2025-10-13 05:34:45
5e-07,0.09,62,0.7083739089779988,0.09344326032325806,2025-10-13 05:35:09
5e-07,0.09,63,0.6981990381171224,0.09038626957417183,2025-10-13 05:35:33
5e-07,0.09,64,0.7453142298494027,0.10011786140447196,2025-10-13 05:35:57
5e-07,0.09,65,0.6965403055042908,0.09496087319805713,2025-10-13 05:36:21
5e-07,0.09,66,0.7069248406460757,0.09382937380493073,2025-10-13 05:36:46
5e-07,0.09,67,0.7451427424221267,0.11544650906941163,2025-10-13 05:37:10
5e-07,0.09,68,0.6997702658272723,0.08480515914709502,2025-10-13 05:37:34
5e-07,0.09,69,0.7305247996401374,0.133300019447344,2025-10-13 05:37:58
5e-07,0.09,70,0.7245283579813057,0.0948662209754216,2025-10-13 05:38:23
5e-07,0.09,71,0.7064273743353982,0.08538556838502433,2025-10-13 05:38:47
5e-07,0.09,72,0.7268033096625821,0.08935537649353639,2025-10-13 05:39:11
5e-07,0.09,73,0.7447432764439076,0.12963962434272555,2025-10-13 05:39:35
5e-07,0.09,74,0.7241597196889852,0.10256806716275825,2025-10-13 05:39:59
5e-07,0.09,75,0.7063380679678702,0.08922358453411772,2025-10-13 05:40:24
5e-07,0.09,76,0.7015459426465759,0.09553399949631176,2025-10-13 05:40:48
5e-07,0.09,77,0.695977665437192,0.08743119036129089,2025-10-13 05:41:12
5e-07,0.09,78,0.7278561110001736,0.10691974372204839,2025-10-13 05:41:36
5e-07,0.09,79,0.7048121527752366,0.07710480836879763,2025-10-13 05:42:01
5e-07,0.09,80,0.6957334096183727,0.1023025659219854,2025-10-13 05:42:25
5e-07,0.09,81,0.7282271960577688,0.09750575583243046,2025-10-13 05:42:49
5e-07,0.09,82,0.7130190310067352,0.07489009131042698,2025-10-13 05:43:13
5e-07,0.09,83,0.711620999258638,0.09631238224628136,2025-10-13 05:43:38
5e-07,0.09,84,0.702762605295805,0.09516640300035933,2025-10-13 05:44:02
5e-07,0.09,85,0.7174535006628491,0.09646205700986174,2025-10-13 05:44:26
5e-07,0.09,86,0.7273286594719052,0.09289802212888686,2025-10-13 05:44:51
5e-07,0.09,87,0.7165575185537763,0.08432446882184452,2025-10-13 05:45:15
5e-07,0.09,88,0.703967878093885,0.08933051745349695,2025-10-13 05:45:39
5e-07,0.09,89,0.7381174140110577,0.08307715324912825,2025-10-13 05:46:03
5e-07,0.09,90,0.7287984941591916,0.10629406493557228,2025-10-13 05:46:27
5e-07,0.09,91,0.704127663396312,0.10622462843681141,2025-10-13 05:46:51
5e-07,0.09,92,0.7510142602306106,0.10530486678712843,2025-10-13 05:47:16
5e-07,0.09,93,0.7214114562616246,0.08748435983104308,2025-10-13 05:47:40
5e-07,0.09,94,0.6882849364580291,0.11193287358641038,2025-10-13 05:48:04
5e-07,0.09,95,0.692981906100758,0.07838647989218928,2025-10-13 05:48:29
5e-07,0.09,96,0.7320101255449066,0.13954102625751114,2025-10-13 05:48:53
5e-07,0.09,97,0.7050735974160159,0.10289773332191675,2025-10-13 05:49:17
5e-07,0.09,98,0.714553926781857,0.08525058080472,2025-10-13 05:49:42
5e-07,0.09,99,0.7193085261164527,0.10215635530646641,2025-10-13 05:50:06
5e-07,0.09,100,0.7070818328229144,0.11759610548745739,2025-10-13 05:50:30
5e-07,0.11,1,0.7239626006710336,0.09729313781712927,2025-10-13 05:50:54
5e-07,0.11,2,0.7377755216735244,0.09724868941076664,2025-10-13 05:51:19
5e-07,0.11,3,0.7360965599640632,0.10305438840740974,2025-10-13 05:51:43
5e-07,0.11,4,0.7323412180288411,0.1056970686559482,2025-10-13 05:52:07
5e-07,0.11,5,0.7259019954412007,0.09314817024455002,2025-10-13 05:52:31
5e-07,0.11,6,0.7379947844618864,0.10153509897413512,2025-10-13 05:52:56
5e-07,0.11,7,0.7048584174186021,0.0869883257259565,2025-10-13 05:53:20
5e-07,0.11,8,0.739311414586209,0.10126858433385721,2025-10-13 05:53:44
5e-07,0.11,9,0.7308552452663959,0.08575511553670928,2025-10-13 05:54:08
5e-07,0.11,10,0.6836502885529223,0.06409533623165037,2025-10-13 05:54:33
5e-07,0.11,11,0.6986643597697543,0.09766698817207214,2025-10-13 05:54:57
5e-07,0.11,12,0.7109243987155789,0.08170727589262908,2025-10-13 05:55:21
5e-07,0.11,13,0.7374060017192626,0.08984808632424715,2025-10-13 05:55:45
5e-07,0.11,14,0.722298800378502,0.09685074365249037,2025-10-13 05:56:10
5e-07,0.11,15,0.7119145839905481,0.09501854058609399,2025-10-13 05:56:34
5e-07,0.11,16,0.7350952757999201,0.11934658347950948,2025-10-13 05:56:58
5e-07,0.11,17,0.7480445071615103,0.08443985374356824,2025-10-13 05:57:22
5e-07,0.11,18,0.7203647460527688,0.0996927895463041,2025-10-13 05:57:46
5e-07,0.11,19,0.7015267629573319,0.07779134808878893,2025-10-13 05:58:10
5e-07,0.11,20,0.6978546297421618,0.10259140445529083,2025-10-13 05:58:35
5e-07,0.11,21,0.715288869570745,0.07361672906461396,2025-10-13 05:58:59
5e-07,0.11,22,0.7582238128258465,0.12286897115746642,2025-10-13 05:59:23
5e-07,0.11,23,0.7360373429727602,0.10532154635903736,2025-10-13 05:59:47
5e-07,0.11,24,0.7357281558742251,0.0996138214156979,2025-10-13 06:00:12
5e-07,0.11,25,0.7062703745455963,0.0882697223721749,2025-10-13 06:00:36
5e-07,0.11,26,0.7033213678885727,0.10744922781488078,2025-10-13 06:01:00
5e-07,0.11,27,0.7434123601695677,0.11375587321993827,2025-10-13 06:01:24
5e-07,0.11,28,0.7610545690038483,0.10044702669019065,2025-10-13 06:01:49
5e-07,0.11,29,0.7140897953855738,0.11335227551979754,2025-10-13 06:02:13
5e-07,0.11,30,0.7478788987780622,0.10351534060712683,2025-10-13 06:02:37
5e-07,0.11,31,0.7595402495584584,0.10957310326640113,2025-10-13 06:03:01
5e-07,0.11,32,0.7214068569804634,0.10690290013423161,2025-10-13 06:03:26
5e-07,0.11,33,0.743664473658157,0.1251083345158951,2025-10-13 06:03:50
5e-07,0.11,34,0.7259944476658151,0.08993132153389057,2025-10-13 06:04:14
5e-07,0.11,35,0.7233270698504096,0.09466944971091046,2025-10-13 06:04:38
5e-07,0.11,36,0.7147448349222716,0.10052570490429881,2025-10-13 06:05:03
5e-07,0.11,37,0.7388701208973936,0.1140069601301078,2025-10-13 06:05:27
5e-07,0.11,38,0.6897866407185815,0.08884911746102911,2025-10-13 06:05:51
5e-07,0.11,39,0.7357946130793029,0.08666843618696751,2025-10-13 06:06:15
5e-07,0.11,40,0.7199790754760212,0.08598222584948663,2025-10-13 06:06:40
5e-07,0.11,41,0.7417218295527148,0.0961068643312996,2025-10-13 06:07:04
5e-07,0.11,42,0.7117696053267885,0.1041817724771419,2025-10-13 06:07:28
5e-07,0.11,43,0.7446953769849213,0.08552278982641444,2025-10-13 06:07:52
5e-07,0.11,44,0.723406386136471,0.11351686552386957,2025-10-13 06:08:16
5e-07,0.11,45,0.7327416786363808,0.10251117994621176,2025-10-13 06:08:41
5e-07,0.11,46,0.7305016716222613,0.0814959991448886,2025-10-13 06:09:05
5e-07,0.11,47,0.7346014368337217,0.09275288985843418,2025-10-13 06:09:29
5e-07,0.11,48,0.707954663937367,0.11651747635834013,2025-10-13 06:09:53
5e-07,0.11,49,0.7356288376958865,0.08607988051435321,2025-10-13 06:10:17
5e-07,0.11,50,0.7135074008687255,0.07779144072622535,2025-10-13 06:10:42
5e-07,0.11,51,0.6890443182112853,0.0776724272043429,2025-10-13 06:11:06
5e-07,0.11,52,0.7023340763681558,0.06777087890377727,2025-10-13 06:11:30
5e-07,0.11,53,0.6920992853497675,0.09361039525972778,2025-10-13 06:11:54
5e-07,0.11,54,0.7432790763255797,0.08226388992226506,2025-10-13 06:12:19
5e-07,0.11,55,0.7368737989301368,0.0851270825799753,2025-10-13 06:12:43
5e-07,0.11,56,0.7301342314440116,0.1035748043388749,2025-10-13 06:13:07
5e-07,0.11,57,0.7268736991682684,0.0919158869731385,2025-10-13 06:13:32
5e-07,0.11,58,0.7231693177273915,0.08645357335691875,2025-10-13 06:13:56
5e-07,0.11,59,0.7569198332558349,0.10060055867281328,2025-10-13 06:14:20
5e-07,0.11,60,0.745592880717082,0.1109036247355696,2025-10-13 06:14:44
5e-07,0.11,61,0.746670595080609,0.11377828277015026,2025-10-13 06:15:09
5e-07,0.11,62,0.7273712956968074,0.09908533677967592,2025-10-13 06:15:33
5e-07,0.11,63,0.7395007024403317,0.08322493197622859,2025-10-13 06:15:57
5e-07,0.11,64,0.743722736911882,0.1067231638015255,2025-10-13 06:16:21
5e-07,0.11,65,0.7411461947833224,0.10300125961932813,2025-10-13 06:16:46
5e-07,0.11,66,0.7284737863538902,0.08653074097237645,2025-10-13 06:17:10
5e-07,0.11,67,0.7337581491840441,0.08694403020503012,2025-10-13 06:17:34
5e-07,0.11,68,0.7252741960998464,0.10530455133823058,2025-10-13 06:17:58
5e-07,0.11,69,0.7238455286224011,0.11689729938932768,2025-10-13 06:18:23
5e-07,0.11,70,0.7432378350234459,0.10724281314576488,2025-10-13 06:18:47
5e-07,0.11,71,0.6896384030728046,0.1078507007327035,2025-10-13 06:19:11
5e-07,0.11,72,0.6996626092198511,0.082150962095966,2025-10-13 06:19:36
5e-07,0.11,73,0.715291724643722,0.10542375667110479,2025-10-13 06:20:00
5e-07,0.11,74,0.7082847447580277,0.11131302340146966,2025-10-13 06:20:24
5e-07,0.11,75,0.7360607650729212,0.08857425171482063,2025-10-13 06:20:48
5e-07,0.11,76,0.7276156445689816,0.0740151115841234,2025-10-13 06:21:12
5e-07,0.11,77,0.7426899489543849,0.11145070152632187,2025-10-13 06:21:36
5e-07,0.11,78,0.7496145982318504,0.10795879696341967,2025-10-13 06:22:01
5e-07,0.11,79,0.6721217115191778,0.07071114148936596,2025-10-13 06:22:25
5e-07,0.11,80,0.6926693518295823,0.10278345352134412,2025-10-13 06:22:49
5e-07,0.11,81,0.7017416509833675,0.09570787608167215,2025-10-13 06:23:14
5e-07,0.11,82,0.727101107430663,0.11143643222818107,2025-10-13 06:23:38
5e-07,0.11,83,0.7700251368806017,0.08097485475746594,2025-10-13 06:24:02
5e-07,0.11,84,0.7230975601475311,0.11672301393205077,2025-10-13 06:24:26
5e-07,0.11,85,0.7152144357315823,0.09277199938058053,2025-10-13 06:24:50
5e-07,0.11,86,0.7546158401132435,0.11117811361872112,2025-10-13 06:25:15
5e-07,0.11,87,0.6856331747860916,0.08735773812198032,2025-10-13 06:25:39
5e-07,0.11,88,0.7311696210677283,0.10099693924635253,2025-10-13 06:26:03
5e-07,0.11,89,0.7202212931532392,0.10260676192267128,2025-10-13 06:26:27
5e-07,0.11,90,0.6883576803962576,0.09774584312847548,2025-10-13 06:26:52
5e-07,0.11,91,0.7334758143998252,0.1037423424444345,2025-10-13 06:27:16
5e-07,0.11,92,0.7092778619086973,0.09422404042789004,2025-10-13 06:27:40
5e-07,0.11,93,0.7032948242119257,0.08433846453080247,2025-10-13 06:28:04
5e-07,0.11,94,0.7489190462408081,0.0851041390621474,2025-10-13 06:28:29
5e-07,0.11,95,0.7371909379109581,0.11519393931869426,2025-10-13 06:28:53
5e-07,0.11,96,0.7355956927983511,0.10157237467209793,2025-10-13 06:29:17
5e-07,0.11,97,0.7232502277419973,0.09684360809560509,2025-10-13 06:29:41
5e-07,0.11,98,0.7278818813385098,0.10919977353690748,2025-10-13 06:30:05
5e-07,0.11,99,0.7489599470007158,0.11533466777695879,2025-10-13 06:30:30
5e-07,0.11,100,0.7381166275250285,0.10288598839594218,2025-10-13 06:30:54
5e-07,0.13,1,0.7306241971855303,0.10842266949424338,2025-10-13 06:31:18
5e-07,0.13,2,0.7507821290593331,0.10206359585484143,2025-10-13 06:31:43
5e-07,0.13,3,0.7223018595182361,0.1152335854897204,2025-10-13 06:32:07
5e-07,0.13,4,0.7449174746814703,0.10313787621595451,2025-10-13 06:32:31
5e-07,0.13,5,0.7204024216799152,0.14293203618461423,2025-10-13 06:32:56
5e-07,0.13,6,0.7373519238135574,0.11872684863886399,2025-10-13 06:33:20
5e-07,0.13,7,0.729944251609674,0.09653942574479055,2025-10-13 06:33:44
5e-07,0.13,8,0.7273871277928032,0.10731461388046552,2025-10-13 06:34:08
5e-07,0.13,9,0.7523607104887147,0.10413584510671622,2025-10-13 06:34:32
5e-07,0.13,10,0.7721758265807006,0.09270464865013696,2025-10-13 06:34:57
5e-07,0.13,11,0.7331126868394886,0.08954915349730717,2025-10-13 06:35:21
5e-07,0.13,12,0.71384087077209,0.09361211831986868,2025-10-13 06:35:45
5e-07,0.13,13,0.7315125186632343,0.10276273542638935,2025-10-13 06:36:10
5e-07,0.13,14,0.7397298298992273,0.1358548862385594,2025-10-13 06:36:34
5e-07,0.13,15,0.6969999478682,0.0987953093241562,2025-10-13 06:36:58
5e-07,0.13,16,0.7289110136756216,0.11067733087319839,2025-10-13 06:37:23
5e-07,0.13,17,0.7469067294733296,0.10002058359398651,2025-10-13 06:37:47
5e-07,0.13,18,0.7577962932753984,0.11824694251935618,2025-10-13 06:38:11
5e-07,0.13,19,0.765581801874577,0.11383760217415023,2025-10-13 06:38:35
5e-07,0.13,20,0.7291263706175612,0.09111697108539554,2025-10-13 06:38:59
5e-07,0.13,21,0.7621083842584001,0.10051979975695914,2025-10-13 06:39:24
5e-07,0.13,22,0.7280854950037539,0.10091719728630695,2025-10-13 06:39:48
5e-07,0.13,23,0.7364517804966776,0.12508624775970323,2025-10-13 06:40:12
5e-07,0.13,24,0.749834327972926,0.11350648382874799,2025-10-13 06:40:36
5e-07,0.13,25,0.6790659480689782,0.08490437123248024,2025-10-13 06:41:00
5e-07,0.13,26,0.7268202283571372,0.09253362763598286,2025-10-13 06:41:25
5e-07,0.13,27,0.7539344202322845,0.11910898284446265,2025-10-13 06:41:49
5e-07,0.13,28,0.7582807484999255,0.10624114679650601,2025-10-13 06:42:13
5e-07,0.13,29,0.7307629760004418,0.11657041582601436,2025-10-13 06:42:37
5e-07,0.13,30,0.7640105457475534,0.12207590310645686,2025-10-13 06:43:02
5e-07,0.13,31,0.7555238000162836,0.10134698149174344,2025-10-13 06:43:26
5e-07,0.13,32,0.7134499800469574,0.09407662561931408,2025-10-13 06:43:50
5e-07,0.13,33,0.7382773435717869,0.1037695615046836,2025-10-13 06:44:14
5e-07,0.13,34,0.741531760142996,0.1158295231212665,2025-10-13 06:44:39
5e-07,0.13,35,0.7420658530850753,0.08084649634058873,2025-10-13 06:45:03
5e-07,0.13,36,0.7340498238947696,0.11041177411296316,2025-10-13 06:45:27
5e-07,0.13,37,0.7400025050630087,0.08412975688783585,2025-10-13 06:45:51
5e-07,0.13,38,0.7206540615116858,0.09085229511508859,2025-10-13 06:46:15
5e-07,0.13,39,0.7557709991923975,0.10981813540272971,2025-10-13 06:46:40
5e-07,0.13,40,0.7300498030693481,0.08892884065680753,2025-10-13 06:47:04
5e-07,0.13,41,0.7264375629802645,0.08533369071921731,2025-10-13 06:47:28
5e-07,0.13,42,0.7462089237586341,0.0952729675177609,2025-10-13 06:47:53
5e-07,0.13,43,0.7670467404124369,0.09525225708895034,2025-10-13 06:48:17
5e-07,0.13,44,0.7277140085696883,0.077151595658894,2025-10-13 06:48:41
5e-07,0.13,45,0.7066084574149155,0.076364722019576,2025-10-13 06:49:06
5e-07,0.13,46,0.7000599486674842,0.08772045213150864,2025-10-13 06:49:30
5e-07,0.13,47,0.7184659085857171,0.07386625627017691,2025-10-13 06:49:54
5e-07,0.13,48,0.7389054315542726,0.11036325491188084,2025-10-13 06:50:18
5e-07,0.13,49,0.6981377406094542,0.08114854665408691,2025-10-13 06:50:43
5e-07,0.13,50,0.7381052923836486,0.0872053551322296,2025-10-13 06:51:07
5e-07,0.13,51,0.7535574858055356,0.10542967295831068,2025-10-13 06:51:31
5e-07,0.13,52,0.7271317316716552,0.1122154814476282,2025-10-13 06:51:55
5e-07,0.13,53,0.7449944024334612,0.10498490891683851,2025-10-13 06:52:20
5e-07,0.13,54,0.7277348606503289,0.11097612544783639,2025-10-13 06:52:44
5e-07,0.13,55,0.7084020086664911,0.09355170793763938,2025-10-13 06:53:08
5e-07,0.13,56,0.7679188342936256,0.1261112923997713,2025-10-13 06:53:32
5e-07,0.13,57,0.7576540274380514,0.12490301677331485,2025-10-13 06:53:57
5e-07,0.13,58,0.7261495174575826,0.10738822417965435,2025-10-13 06:54:21
5e-07,0.13,59,0.7435369137636129,0.10614038132428956,2025-10-13 06:54:45
5e-07,0.13,60,0.712695715262703,0.12233875998899997,2025-10-13 06:55:10
5e-07,0.13,61,0.7143321061196938,0.11107167754727715,2025-10-13 06:55:34
5e-07,0.13,62,0.7167545174522177,0.10309310907872878,2025-10-13 06:55:58
5e-07,0.13,63,0.6972603838647046,0.08272709311693013,2025-10-13 06:56:22
5e-07,0.13,64,0.7543637051456149,0.10645052218800295,2025-10-13 06:56:47
5e-07,0.13,65,0.7448566957673501,0.08775320508744279,2025-10-13 06:57:11
5e-07,0.13,66,0.7400065672630398,0.08823123651955063,2025-10-13 06:57:35
5e-07,0.13,67,0.751928832964355,0.12054275288332587,2025-10-13 06:57:59
5e-07,0.13,68,0.7560159691780914,0.11751625815374474,2025-10-13 06:58:23
5e-07,0.13,69,0.6900873320999871,0.11193408562632906,2025-10-13 06:58:48
5e-07,0.13,70,0.7007357574712895,0.06767814197228911,2025-10-13 06:59:12
5e-07,0.13,71,0.73155779310475,0.11014695228478473,2025-10-13 06:59:36
5e-07,0.13,72,0.7260026662273437,0.10302615927006849,2025-10-13 07:00:00
5e-07,0.13,73,0.7650537176337168,0.11475696964182706,2025-10-13 07:00:25
5e-07,0.13,74,0.7532345948061879,0.09454417115870442,2025-10-13 07:00:49
5e-07,0.13,75,0.7200663452082401,0.10454630654178791,2025-10-13 07:01:13
5e-07,0.13,76,0.7493828429336588,0.12054922922322284,2025-10-13 07:01:37
5e-07,0.13,77,0.7362677953340847,0.1067965838881836,2025-10-13 07:02:02
5e-07,0.13,78,0.7068102919863066,0.09214895604456569,2025-10-13 07:02:26
5e-07,0.13,79,0.7328461445889076,0.09981384977899795,2025-10-13 07:02:50
5e-07,0.13,80,0.7583410895268659,0.09303318007618978,2025-10-13 07:03:15
5e-07,0.13,81,0.7292056921775352,0.08733503834847263,2025-10-13 07:03:39
5e-07,0.13,82,0.7127829291256621,0.11683436175352978,2025-10-13 07:04:03
5e-07,0.13,83,0.7442842378108478,0.10469945839073529,2025-10-13 07:04:27
5e-07,0.13,84,0.7125024785625649,0.11320069135739529,2025-10-13 07:04:51
5e-07,0.13,85,0.7533495743674368,0.10510545437109904,2025-10-13 07:05:16
5e-07,0.13,86,0.6987265981177743,0.08945126039474749,2025-10-13 07:05:40
5e-07,0.13,87,0.7571127063886407,0.10699111844225867,2025-10-13 07:06:04
5e-07,0.13,88,0.7536862228983938,0.13114533403556966,2025-10-13 07:06:28
5e-07,0.13,89,0.7247436774217582,0.09572390073406459,2025-10-13 07:06:53
5e-07,0.13,90,0.7000587533616541,0.0993168164137111,2025-10-13 07:07:17
5e-07,0.13,91,0.7587537867049816,0.12175320028759325,2025-10-13 07:07:41
5e-07,0.13,92,0.7327046358995781,0.10279266263463467,2025-10-13 07:08:05
5e-07,0.13,93,0.6890452889845816,0.09416186303867911,2025-10-13 07:08:29
5e-07,0.13,94,0.7268287722279139,0.10578817739327552,2025-10-13 07:08:54
5e-07,0.13,95,0.7053478682682649,0.059733453741043684,2025-10-13 07:09:18
5e-07,0.13,96,0.7650553083280288,0.13903113644760223,2025-10-13 07:09:42
5e-07,0.13,97,0.7632090079643297,0.11069192647394227,2025-10-13 07:10:06
5e-07,0.13,98,0.7224027660288839,0.10913141814433622,2025-10-13 07:10:30
5e-07,0.13,99,0.7057988093488098,0.084472868232823,2025-10-13 07:10:55
5e-07,0.13,100,0.7520199229297291,0.12428680818167645,2025-10-13 07:11:19
5e-07,0.15,1,0.7163621045244148,0.07805516327434407,2025-10-13 07:11:43
5e-07,0.15,2,0.7475049050967897,0.10535845058212594,2025-10-13 07:12:07
5e-07,0.15,3,0.7708958541174685,0.12194094436594896,2025-10-13 07:12:32
5e-07,0.15,4,0.7304976627690001,0.07904517760564726,2025-10-13 07:12:56
5e-07,0.15,5,0.7640154869168415,0.08037474219240162,2025-10-13 07:13:20
5e-07,0.15,6,0.7501654055228114,0.08638852166322844,2025-10-13 07:13:45
5e-07,0.15,7,0.7349491705911537,0.09153691668401986,2025-10-13 07:14:09
5e-07,0.15,8,0.7475431470733097,0.0889631302318624,2025-10-13 07:14:33
5e-07,0.15,9,0.7356089991305922,0.09606260745332706,2025-10-13 07:14:58
5e-07,0.15,10,0.7477886373512479,0.12312566190000389,2025-10-13 07:15:22
5e-07,0.15,11,0.7209809358962698,0.08950654867956846,2025-10-13 07:15:46
5e-07,0.15,12,0.7495041668935186,0.11397931565566204,2025-10-13 07:16:10
5e-07,0.15,13,0.7302477689162521,0.10271260550812332,2025-10-13 07:16:34
5e-07,0.15,14,0.7470629115984762,0.11098055291557005,2025-10-13 07:16:59
5e-07,0.15,15,0.7753287569378626,0.12858250869084953,2025-10-13 07:17:23
5e-07,0.15,16,0.7661481675550671,0.09161496337022491,2025-10-13 07:17:47
5e-07,0.15,17,0.75273365265217,0.11211293073283432,2025-10-13 07:18:11
5e-07,0.15,18,0.7448171896845062,0.10777013205908566,2025-10-13 07:18:36
5e-07,0.15,19,0.7303933434475858,0.13204070520599528,2025-10-13 07:19:00
5e-07,0.15,20,0.7300034226878584,0.08677548441347457,2025-10-13 07:19:24
5e-07,0.15,21,0.7584472741233077,0.11439061392841605,2025-10-13 07:19:49
5e-07,0.15,22,0.747667134882597,0.09693573163386157,2025-10-13 07:20:13
5e-07,0.15,23,0.7664654174576921,0.10434978805243365,2025-10-13 07:20:37
5e-07,0.15,24,0.7649137523408124,0.11414436112757131,2025-10-13 07:21:01
5e-07,0.15,25,0.755153436722022,0.11021802433388904,2025-10-13 07:21:25
5e-07,0.15,26,0.7517666772552158,0.11114566170632781,2025-10-13 07:21:50
5e-07,0.15,27,0.7238133396534867,0.08241360205706409,2025-10-13 07:22:14
5e-07,0.15,28,0.7188291331643741,0.09340058304302386,2025-10-13 07:22:38
5e-07,0.15,29,0.7569408166774286,0.09318036273388898,2025-10-13 07:23:02
5e-07,0.15,30,0.7651276439367316,0.10976996707529876,2025-10-13 07:23:27
5e-07,0.15,31,0.7951919728432573,0.12610547918529802,2025-10-13 07:23:51
5e-07,0.15,32,0.7576262212148301,0.11638894078148178,2025-10-13 07:24:15
5e-07,0.15,33,0.7471233330183746,0.11733304179029226,2025-10-13 07:24:40
5e-07,0.15,34,0.7611299098203762,0.11065522390503943,2025-10-13 07:25:04
5e-07,0.15,35,0.787756383093659,0.10959512664632944,2025-10-13 07:25:28
5e-07,0.15,36,0.7143247773236826,0.07839964951058818,2025-10-13 07:25:52
5e-07,0.15,37,0.7365012403915784,0.09491593732298834,2025-10-13 07:26:17
5e-07,0.15,38,0.7141648825578133,0.09147242117456049,2025-10-13 07:26:41
5e-07,0.15,39,0.7547735770197326,0.10760904836171958,2025-10-13 07:27:05
5e-07,0.15,40,0.7389183889256487,0.091450859258734,2025-10-13 07:27:30
5e-07,0.15,41,0.7609174024543298,0.11602823247365522,2025-10-13 07:27:54
5e-07,0.15,42,0.757813676677892,0.10316625552264717,2025-10-13 07:28:18
5e-07,0.15,43,0.7613297584676105,0.10790104621962553,2025-10-13 07:28:42
5e-07,0.15,44,0.7561398070062207,0.1181466315465924,2025-10-13 07:29:07
5e-07,0.15,45,0.7197287499203217,0.1208209667521529,2025-10-13 07:29:31
5e-07,0.15,46,0.7410463859506814,0.11325088372125497,2025-10-13 07:29:55
5e-07,0.15,47,0.7611541780713337,0.10821517938604527,2025-10-13 07:30:19
5e-07,0.15,48,0.7327714131336202,0.0993966084459965,2025-10-13 07:30:43
5e-07,0.15,49,0.7623476241531251,0.09708725771046056,2025-10-13 07:31:08
5e-07,0.15,50,0.705565522623826,0.10805006698879353,2025-10-13 07:31:32
5e-07,0.15,51,0.75820190287986,0.10844250100769547,2025-10-13 07:31:56
5e-07,0.15,52,0.7473081195430367,0.08624927046131921,2025-10-13 07:32:20
5e-07,0.15,53,0.7730856622008346,0.11473709710353948,2025-10-13 07:32:45
5e-07,0.15,54,0.7519179402133688,0.10221207001756535,2025-10-13 07:33:09
5e-07,0.15,55,0.7418795104922596,0.1530025694436781,2025-10-13 07:33:33
5e-07,0.15,56,0.7436016240436024,0.07494094296028629,2025-10-13 07:33:57
5e-07,0.15,57,0.7182180128018558,0.08861990456397549,2025-10-13 07:34:22
5e-07,0.15,58,0.7150746572490561,0.06766695934939079,2025-10-13 07:34:46
5e-07,0.15,59,0.7351079374110828,0.08833757693436944,2025-10-13 07:35:10
5e-07,0.15,60,0.7259859744991253,0.12662226199123697,2025-10-13 07:35:34
5e-07,0.15,61,0.7141498950178444,0.08049543821905662,2025-10-13 07:35:59
5e-07,0.15,62,0.7598567855100378,0.08310342612245046,2025-10-13 07:36:23
5e-07,0.15,63,0.7450746420834957,0.10344609690559688,2025-10-13 07:36:47
5e-07,0.15,64,0.7154583174139404,0.08860508650366365,2025-10-13 07:37:11
5e-07,0.15,65,0.7272908054659782,0.08748805451961199,2025-10-13 07:37:35
5e-07,0.15,66,0.7637988722294983,0.11015471014383811,2025-10-13 07:38:00
5e-07,0.15,67,0.7545825139680213,0.12102887215503494,2025-10-13 07:38:24
5e-07,0.15,68,0.719463638074579,0.09368633222362957,2025-10-13 07:38:48
5e-07,0.15,69,0.7618547479442275,0.11372194731666195,2025-10-13 07:39:12
5e-07,0.15,70,0.7165950285467758,0.10125462173136959,2025-10-13 07:39:37
5e-07,0.15,71,0.7938002784660811,0.1277833751996923,2025-10-13 07:40:01
5e-07,0.15,72,0.7559982883172129,0.1382035965002489,2025-10-13 07:40:25
5e-07,0.15,73,0.7493155651347788,0.1050579370257652,2025-10-13 07:40:49
5e-07,0.15,74,0.7536297123683535,0.11080121095185987,2025-10-13 07:41:13
5e-07,0.15,75,0.7734826702767779,0.12990370403422538,2025-10-13 07:41:38
5e-07,0.15,76,0.7818130749426339,0.12817001896044874,2025-10-13 07:42:02
5e-07,0.15,77,0.7619605714113519,0.08309422579043801,2025-10-13 07:42:26
5e-07,0.15,78,0.7431165801572038,0.08999635808757708,2025-10-13 07:42:50
5e-07,0.15,79,0.7555097348769989,0.09409397743162279,2025-10-13 07:43:15
5e-07,0.15,80,0.7650733728161461,0.08327622914633212,2025-10-13 07:43:39
5e-07,0.15,81,0.7563847940792114,0.09746389028404734,2025-10-13 07:44:03
5e-07,0.15,82,0.752290140458477,0.11080820546480362,2025-10-13 07:44:27
5e-07,0.15,83,0.772052279973108,0.10818170219343468,2025-10-13 07:44:51
5e-07,0.15,84,0.7472022092907724,0.13063006369326866,2025-10-13 07:45:16
5e-07,0.15,85,0.7587802449449403,0.1049674574529284,2025-10-13 07:45:40
5e-07,0.15,86,0.7235015431482942,0.08017616239262959,2025-10-13 07:46:04
5e-07,0.15,87,0.7253045928214372,0.11212599393194184,2025-10-13 07:46:29
5e-07,0.15,88,0.746044892122369,0.11010347971984878,2025-10-13 07:46:53
5e-07,0.15,89,0.760536306049938,0.1116177003355469,2025-10-13 07:47:17
5e-07,0.15,90,0.7386797567740478,0.11520213513793662,2025-10-13 07:47:42
5e-07,0.15,91,0.7373397228768179,0.12930277054895586,2025-10-13 07:48:06
5e-07,0.15,92,0.7471900863930384,0.11797752212354255,2025-10-13 07:48:30
5e-07,0.15,93,0.7744486833750622,0.10422259249685305,2025-10-13 07:48:54
5e-07,0.15,94,0.7454940555031495,0.10975890102687602,2025-10-13 07:49:18
5e-07,0.15,95,0.7744240238667449,0.1115553236319677,2025-10-13 07:49:43
5e-07,0.15,96,0.7691706027910811,0.12243809558849979,2025-10-13 07:50:07
5e-07,0.15,97,0.7703904531782152,0.1002038767918767,2025-10-13 07:50:31
5e-07,0.15,98,0.7655984811997522,0.11845268971414052,2025-10-13 07:50:56
5e-07,0.15,99,0.7593559799547838,0.13264508605514455,2025-10-13 07:51:20
5e-07,0.15,100,0.778270178772484,0.09795979991225583,2025-10-13 07:51:44
5e-07,0.17,1,0.7768407955279054,0.10869509833348256,2025-10-13 07:52:09
5e-07,0.17,2,0.7340022078462148,0.1255896610643575,2025-10-13 07:52:33
5e-07,0.17,3,0.7741685215658769,0.13980747626646958,2025-10-13 07:52:57
5e-07,0.17,4,0.7425937246740142,0.11902091598198015,2025-10-13 07:53:21
5e-07,0.17,5,0.7566656927177031,0.09183826312429061,2025-10-13 07:53:46
5e-07,0.17,6,0.75554825063046,0.12938500712421663,2025-10-13 07:54:10
5e-07,0.17,7,0.7496542022116722,0.11543880763374764,2025-10-13 07:54:34
5e-07,0.17,8,0.7764324045243496,0.0912381482869426,2025-10-13 07:54:59
5e-07,0.17,9,0.699226115334455,0.1281897955265818,2025-10-13 07:55:23
5e-07,0.17,10,0.7169657950728013,0.094814346896927,2025-10-13 07:55:47
5e-07,0.17,11,0.7703210136299316,0.11005800160456566,2025-10-13 07:56:12
5e-07,0.17,12,0.7642175599760732,0.13252964898726313,2025-10-13 07:56:36
5e-07,0.17,13,0.7655444923479421,0.10637298546356516,2025-10-13 07:57:00
5e-07,0.17,14,0.7525610241642874,0.13436360250708673,2025-10-13 07:57:24
5e-07,0.17,15,0.7491889589063304,0.1233664595597453,2025-10-13 07:57:49
5e-07,0.17,16,0.757048419234799,0.0957271896546353,2025-10-13 07:58:13
5e-07,0.17,17,0.7678726910556943,0.13433080678385037,2025-10-13 07:58:37
5e-07,0.17,18,0.7700090205809076,0.1082024907315706,2025-10-13 07:59:02
5e-07,0.17,19,0.7511039010862806,0.10740023028992055,2025-10-13 07:59:26
5e-07,0.17,20,0.7141999790596006,0.09415496545485723,2025-10-13 07:59:50
5e-07,0.17,21,0.7419918676521077,0.12212653518105113,2025-10-13 08:00:14
5e-07,0.17,22,0.7905709990826133,0.134428497760032,2025-10-13 08:00:39
5e-07,0.17,23,0.7405116670210383,0.12108520698344956,2025-10-13 08:01:03
5e-07,0.17,24,0.7388724553199187,0.11531773579908375,2025-10-13 08:01:27
5e-07,0.17,25,0.7590120900561885,0.09747274879502844,2025-10-13 08:01:52
5e-07,0.17,26,0.7407182032196389,0.10211066618573456,2025-10-13 08:02:16
5e-07,0.17,27,0.7980903108691352,0.1079797991598802,2025-10-13 08:02:40
5e-07,0.17,28,0.7575984239593819,0.11340730748579854,2025-10-13 08:03:05
5e-07,0.17,29,0.7624960786728237,0.09834491314167924,2025-10-13 08:03:29
5e-07,0.17,30,0.7442196100085139,0.12394681135953214,2025-10-13 08:03:53
5e-07,0.17,31,0.752245501808807,0.13890684938957906,2025-10-13 08:04:18
5e-07,0.17,32,0.7471435215001009,0.11424756106337268,2025-10-13 08:04:42
5e-07,0.17,33,0.7637870104557295,0.11064746107842453,2025-10-13 08:05:06
5e-07,0.17,34,0.761748625210787,0.11208298633078953,2025-10-13 08:05:30
5e-07,0.17,35,0.7842813475943277,0.11935686365594528,2025-10-13 08:05:55
5e-07,0.17,36,0.7752025313952703,0.1129536966686659,2025-10-13 08:06:19
5e-07,0.17,37,0.7608703410875429,0.13176003870588648,2025-10-13 08:06:43
5e-07,0.17,38,0.7493825500100729,0.11988669665972194,2025-10-13 08:07:08
5e-07,0.17,39,0.744007723051231,0.10266800385681872,2025-10-13 08:07:32
5e-07,0.17,40,0.7629294057893331,0.11858648056266732,2025-10-13 08:07:56
5e-07,0.17,41,0.7643648533647132,0.10247522688267052,2025-10-13 08:08:21
5e-07,0.17,42,0.7422490505305273,0.11821370456845139,2025-10-13 08:08:45
5e-07,0.17,43,0.7510506807791195,0.12654571601235234,2025-10-13 08:09:09
5e-07,0.17,44,0.7294895162559432,0.10480869964615915,2025-10-13 08:09:33
5e-07,0.17,45,0.7696933235857201,0.13519206108760895,2025-10-13 08:09:58
5e-07,0.17,46,0.719723167860623,0.10487973149954775,2025-10-13 08:10:22
5e-07,0.17,47,0.7818713764184083,0.11856690821839402,2025-10-13 08:10:46
5e-07,0.17,48,0.7623363783084747,0.0985339191749018,2025-10-13 08:11:10
5e-07,0.17,49,0.7272398317742705,0.11742649083514908,2025-10-13 08:11:35
5e-07,0.17,50,0.7857218941669011,0.13039290619225014,2025-10-13 08:11:59
5e-07,0.17,51,0.7620557777257528,0.0986034058674742,2025-10-13 08:12:24
5e-07,0.17,52,0.7519714339416106,0.08583720830157418,2025-10-13 08:12:48
5e-07,0.17,53,0.7369223477320862,0.12930016113673706,2025-10-13 08:13:12
5e-07,0.17,54,0.7586269386519114,0.1177850275120115,2025-10-13 08:13:36
5e-07,0.17,55,0.7532203996154373,0.0949739212132447,2025-10-13 08:14:01
5e-07,0.17,56,0.7500806639258002,0.102889880181458,2025-10-13 08:14:25
5e-07,0.17,57,0.7373592744284521,0.12215816024430379,2025-10-13 08:14:49
5e-07,0.17,58,0.7602875156503518,0.12532472839652006,2025-10-13 08:15:14
5e-07,0.17,59,0.7347420935681273,0.12349921354966953,2025-10-13 08:15:38
5e-07,0.17,60,0.7781595392477632,0.1263831231419777,2025-10-13 08:16:02
5e-07,0.17,61,0.7887769955816706,0.13783000391555156,2025-10-13 08:16:27
5e-07,0.17,62,0.7859131300867582,0.11044023376373346,2025-10-13 08:16:51
5e-07,0.17,63,0.7939379351349788,0.12826767894383306,2025-10-13 08:17:15
5e-07,0.17,64,0.755197866338819,0.12409845884940193,2025-10-13 08:17:40
5e-07,0.17,65,0.7291102190208594,0.0994844347938893,2025-10-13 08:18:04
5e-07,0.17,66,0.7525709788359083,0.09057643170619996,2025-10-13 08:18:28
5e-07,0.17,67,0.7753716122738046,0.12114417363637768,2025-10-13 08:18:52
5e-07,0.17,68,0.7445380283954883,0.13125465696399283,2025-10-13 08:19:17
5e-07,0.17,69,0.7740472590271447,0.12206978310649963,2025-10-13 08:19:41
5e-07,0.17,70,0.7326321790220514,0.12848327489696795,2025-10-13 08:20:05
5e-07,0.17,71,0.7819698627869148,0.11654482002771552,2025-10-13 08:20:29
5e-07,0.17,72,0.7596854987929307,0.12263908493902917,2025-10-13 08:20:54
5e-07,0.17,73,0.7291450421870262,0.11555648390208186,2025-10-13 08:21:18
5e-07,0.17,74,0.7578647912826033,0.1046915641561797,2025-10-13 08:21:42
5e-07,0.17,75,0.7380856514432286,0.08383240403104972,2025-10-13 08:22:07
5e-07,0.17,76,0.7763943983618338,0.09199472111216589,2025-10-13 08:22:31
5e-07,0.17,77,0.7551461868658885,0.10778598143629727,2025-10-13 08:22:55
5e-07,0.17,78,0.7362676527289385,0.13329743239347805,2025-10-13 08:23:19
5e-07,0.17,79,0.7789220940854731,0.11409059208624113,2025-10-13 08:23:44
5e-07,0.17,80,0.736739993789528,0.0842370240878325,2025-10-13 08:24:08
5e-07,0.17,81,0.7518311594670366,0.09696607480560532,2025-10-13 08:24:32
5e-07,0.17,82,0.7574177164115724,0.09523014320035188,2025-10-13 08:24:57
5e-07,0.17,83,0.7538624421566561,0.10219024185296985,2025-10-13 08:25:21
5e-07,0.17,84,0.7581632728598935,0.13042176892986912,2025-10-13 08:25:45
5e-07,0.17,85,0.7407089391288784,0.11523319870345712,2025-10-13 08:26:10
5e-07,0.17,86,0.7258759700564603,0.11915783492136268,2025-10-13 08:26:34
5e-07,0.17,87,0.7450824436339182,0.11194900618101052,2025-10-13 08:26:58
5e-07,0.17,88,0.7700438652745584,0.09815934212885973,2025-10-13 08:27:23
5e-07,0.17,89,0.7258491039509235,0.08994496707431887,2025-10-13 08:27:47
5e-07,0.17,90,0.7648320980386772,0.1330815288637601,2025-10-13 08:28:11
5e-07,0.17,91,0.7680860108513718,0.10450176973036086,2025-10-13 08:28:35
5e-07,0.17,92,0.7946431743863128,0.14402145640931144,2025-10-13 08:29:00
5e-07,0.17,93,0.7354382748455006,0.10774931784775749,2025-10-13 08:29:24
5e-07,0.17,94,0.7548427655658598,0.11324883223663193,2025-10-13 08:29:48
5e-07,0.17,95,0.7428173849427576,0.0891210282977901,2025-10-13 08:30:12
5e-07,0.17,96,0.7542907619088909,0.11221041665382535,2025-10-13 08:30:37
5e-07,0.17,97,0.7286957561667922,0.09972816156060187,2025-10-13 08:31:01
5e-07,0.17,98,0.7764735260108171,0.13902839063265995,2025-10-13 08:31:25
5e-07,0.17,99,0.7824933898516142,0.12052448173610285,2025-10-13 08:31:49
5e-07,0.17,100,0.7402811862295774,0.09839229573624586,2025-10-13 08:32:14
5e-07,0.19,1,0.7726610397312923,0.13133901892114988,2025-10-13 08:32:38
5e-07,0.19,2,0.7751296663811638,0.10742472162615006,2025-10-13 08:33:02
5e-07,0.19,3,0.769336498061959,0.11946050503724956,2025-10-13 08:33:26
5e-07,0.19,4,0.7237766233522452,0.10596928101666393,2025-10-13 08:33:51
5e-07,0.19,5,0.7756941001261648,0.1210448395948275,2025-10-13 08:34:15
5e-07,0.19,6,0.7617322253290844,0.14780100535185708,2025-10-13 08:34:39
5e-07,0.19,7,0.7788601601807492,0.1425999299289114,2025-10-13 08:35:04
5e-07,0.19,8,0.7718219718527479,0.12117609453167508,2025-10-13 08:35:28
5e-07,0.19,9,0.7207104545666769,0.09010664211085204,2025-10-13 08:35:52
5e-07,0.19,10,0.7279011585667418,0.13778488409820877,2025-10-13 08:36:17
5e-07,0.19,11,0.8107725204892082,0.13030344984536052,2025-10-13 08:36:41
5e-07,0.19,12,0.774487020371663,0.120158215347555,2025-10-13 08:37:05
5e-07,0.19,13,0.7649078551615912,0.12276329395066624,2025-10-13 08:37:30
5e-07,0.19,14,0.767213939736203,0.14239938057775323,2025-10-13 08:37:54
5e-07,0.19,15,0.785982012158601,0.16152073479681062,2025-10-13 08:38:18
5e-07,0.19,16,0.7688180416257386,0.11787261782292538,2025-10-13 08:38:43
5e-07,0.19,17,0.7984224334532377,0.12613651139061594,2025-10-13 08:39:07
5e-07,0.19,18,0.7520383682755921,0.07629609527723556,2025-10-13 08:39:31
5e-07,0.19,19,0.7654278551835533,0.09271326898291651,2025-10-13 08:39:56
5e-07,0.19,20,0.7491543846451648,0.10713896428050824,2025-10-13 08:40:20
5e-07,0.19,21,0.7519417982842246,0.11424618470063348,2025-10-13 08:40:44
5e-07,0.19,22,0.7763453873457761,0.11507857467442816,2025-10-13 08:41:08
5e-07,0.19,23,0.7871393257625283,0.10083800578211011,2025-10-13 08:41:33
5e-07,0.19,24,0.7656045240378646,0.11761219324073419,2025-10-13 08:41:57
5e-07,0.19,25,0.7163873690773925,0.1167984708068801,2025-10-13 08:42:21
5e-07,0.19,26,0.7515866542613426,0.11472878563938091,2025-10-13 08:42:46
5e-07,0.19,27,0.7647840729652918,0.1543174818000789,2025-10-13 08:43:10
5e-07,0.19,28,0.7773373920285465,0.095972797332988,2025-10-13 08:43:34
5e-07,0.19,29,0.7622845734369985,0.10977331530498806,2025-10-13 08:43:59
5e-07,0.19,30,0.7823389010712363,0.15007641079563766,2025-10-13 08:44:23
5e-07,0.19,31,0.7701240573170323,0.129213143993738,2025-10-13 08:44:47
5e-07,0.19,32,0.756416774337232,0.12723383438404554,2025-10-13 08:45:12
5e-07,0.19,33,0.7642864121979365,0.08357498325203971,2025-10-13 08:45:36
5e-07,0.19,34,0.7681110997549933,0.11919835285918917,2025-10-13 08:46:00
5e-07,0.19,35,0.7548934227170275,0.12791636106400528,2025-10-13 08:46:24
5e-07,0.19,36,0.7578774210785207,0.09567830780033491,2025-10-13 08:46:49
5e-07,0.19,37,0.7968683052273406,0.14310366689872378,2025-10-13 08:47:13
5e-07,0.19,38,0.7557690083646068,0.10429112868823337,2025-10-13 08:47:37
5e-07,0.19,39,0.7313804696536361,0.11502112755757359,2025-10-13 08:48:01
5e-07,0.19,40,0.7456187278973537,0.10841914550530418,2025-10-13 08:48:26
5e-07,0.19,41,0.7721430402540028,0.10723868996341336,2025-10-13 08:48:50
5e-07,0.19,42,0.7527209903415948,0.12040959151338487,2025-10-13 08:49:14
5e-07,0.19,43,0.7731214248573635,0.10687655772351376,2025-10-13 08:49:39
5e-07,0.19,44,0.7523786958871397,0.10575532437062589,2025-10-13 08:50:03
5e-07,0.19,45,0.7619159541210438,0.09990950857261051,2025-10-13 08:50:27
5e-07,0.19,46,0.7508693375436806,0.1068289168259743,2025-10-13 08:50:51
5e-07,0.19,47,0.8041400771321373,0.11861467960862555,2025-10-13 08:51:16
5e-07,0.19,48,0.750454416345309,0.09309968532192048,2025-10-13 08:51:40
5e-07,0.19,49,0.7591627715107893,0.12244284911354526,2025-10-13 08:52:04
5e-07,0.19,50,0.7766621842511733,0.10362286369527948,2025-10-13 08:52:29
5e-07,0.19,51,0.7750871432813264,0.1272736159866443,2025-10-13 08:52:53
5e-07,0.19,52,0.7448773514019709,0.11012555662021266,2025-10-13 08:53:17
5e-07,0.19,53,0.7411971371838219,0.11486379482729651,2025-10-13 08:53:42
5e-07,0.19,54,0.7954313147153509,0.130351942233279,2025-10-13 08:54:06
5e-07,0.19,55,0.7465194825529815,0.12470152142576915,2025-10-13 08:54:31
5e-07,0.19,56,0.7818558655393752,0.1267123764722002,2025-10-13 08:54:55
5e-07,0.19,57,0.7481199671185825,0.10618967570944517,2025-10-13 08:55:19
5e-07,0.19,58,0.7290543411357483,0.12095985624060226,2025-10-13 08:55:43
5e-07,0.19,59,0.770325571560587,0.11534661449930687,2025-10-13 08:56:08
5e-07,0.19,60,0.7915450593253895,0.10582757479703621,2025-10-13 08:56:32
5e-07,0.19,61,0.8017319526084603,0.13139093280188768,2025-10-13 08:56:56
5e-07,0.19,62,0.7814953580427356,0.1376716256648925,2025-10-13 08:57:21
5e-07,0.19,63,0.7735269466734138,0.1238299322556466,2025-10-13 08:57:45
5e-07,0.19,64,0.7496269932979387,0.11932984519602756,2025-10-13 08:58:10
5e-07,0.19,65,0.765265549043612,0.10547783164560257,2025-10-13 08:58:34
5e-07,0.19,66,0.7578849891120261,0.11006979729715281,2025-10-13 08:58:58
5e-07,0.19,67,0.7693409607257844,0.13038909448348393,2025-10-13 08:59:23
5e-07,0.19,68,0.7730459808667858,0.16726130633372668,2025-10-13 08:59:47
5e-07,0.19,69,0.7392316370993376,0.09540184905397357,2025-10-13 09:00:11
5e-07,0.19,70,0.780212100380883,0.10422196119115311,2025-10-13 09:00:35
5e-07,0.19,71,0.7709578260291807,0.13802972239219796,2025-10-13 09:01:00
5e-07,0.19,72,0.7673645031531497,0.1187025536882929,2025-10-13 09:01:24
5e-07,0.19,73,0.7697387167045113,0.09704009443929873,2025-10-13 09:01:48
5e-07,0.19,74,0.7638377339305281,0.08814959330500038,2025-10-13 09:02:13
5e-07,0.19,75,0.7714582426922196,0.1264099351891101,2025-10-13 09:02:37
5e-07,0.19,76,0.741400312644025,0.12204150745222246,2025-10-13 09:03:02
5e-07,0.19,77,0.7622710015705468,0.10878792908425297,2025-10-13 09:03:26
5e-07,0.19,78,0.7940055236469943,0.1481804406471686,2025-10-13 09:03:50
5e-07,0.19,79,0.8140391330275223,0.1314149407182421,2025-10-13 09:04:14
5e-07,0.19,80,0.773903304366914,0.10911593733110794,2025-10-13 09:04:39
5e-07,0.19,81,0.7718718334312048,0.12818072938704111,2025-10-13 09:05:03
5e-07,0.19,82,0.7936741144494018,0.15234308025991106,2025-10-13 09:05:28
5e-07,0.19,83,0.7963698084172649,0.10025171459491698,2025-10-13 09:05:52
5e-07,0.19,84,0.7763250641789916,0.1354667732254455,2025-10-13 09:06:16
5e-07,0.19,85,0.7794635171700861,0.11075567725412322,2025-10-13 09:06:41
5e-07,0.19,86,0.7641642234958048,0.09458613173242861,2025-10-13 09:07:05
5e-07,0.19,87,0.8073273717071343,0.1075102894416206,2025-10-13 09:07:29
5e-07,0.19,88,0.7883528533137352,0.12818822290528992,2025-10-13 09:07:53
5e-07,0.19,89,0.7862669937527377,0.10693382547423334,2025-10-13 09:08:18
5e-07,0.19,90,0.776111593882335,0.12312944257708036,2025-10-13 09:08:42
5e-07,0.19,91,0.7596701868863381,0.10090266754873785,2025-10-13 09:09:06
5e-07,0.19,92,0.8001994321426104,0.15106492121245588,2025-10-13 09:09:31
5e-07,0.19,93,0.7648395314388204,0.1391066318926529,2025-10-13 09:09:55
5e-07,0.19,94,0.7699420265558466,0.11557950235667198,2025-10-13 09:10:19
5e-07,0.19,95,0.7477747784021528,0.09681385636155332,2025-10-13 09:10:44
5e-07,0.19,96,0.7953532130111519,0.16099108717195745,2025-10-13 09:11:08
5e-07,0.19,97,0.8009904269663027,0.1335347924752417,2025-10-13 09:11:32
5e-07,0.19,98,0.7577360053733554,0.13158159150783935,2025-10-13 09:11:57
5e-07,0.19,99,0.7666848124592416,0.12481743231165035,2025-10-13 09:12:21
5e-07,0.19,100,0.7444212803136286,0.10300211943373958,2025-10-13 09:12:45
5e-07,0.2,1,0.7791342649676677,0.11650760677625774,2025-10-13 09:13:10
5e-07,0.2,2,0.8073394265940735,0.12627930891152922,2025-10-13 09:13:34
5e-07,0.2,3,0.7538828937780993,0.12604418568783407,2025-10-13 09:13:58
5e-07,0.2,4,0.7527817912228227,0.11569322869737467,2025-10-13 09:14:22
5e-07,0.2,5,0.7775136537754228,0.1089757956714256,2025-10-13 09:14:47
5e-07,0.2,6,0.8024871710822785,0.14658321359791646,2025-10-13 09:15:11
5e-07,0.2,7,0.8001271012469605,0.11033133737114138,2025-10-13 09:15:35
5e-07,0.2,8,0.8050312340518366,0.16725950124633385,2025-10-13 09:15:59
5e-07,0.2,9,0.7326906829992904,0.0909589355965659,2025-10-13 09:16:24
5e-07,0.2,10,0.7930594833829236,0.12450338994183614,2025-10-13 09:16:48
5e-07,0.2,11,0.7765498820752896,0.13845030949280115,2025-10-13 09:17:12
5e-07,0.2,12,0.7953058487974473,0.15351478161742005,2025-10-13 09:17:37
5e-07,0.2,13,0.7554578010740689,0.16041797015853776,2025-10-13 09:18:01
5e-07,0.2,14,0.7655989271660941,0.11754267095090912,2025-10-13 09:18:25
5e-07,0.2,15,0.7240823222549552,0.08072082273331974,2025-10-13 09:18:50
5e-07,0.2,16,0.8064272447300761,0.12810702468325494,2025-10-13 09:19:14
5e-07,0.2,17,0.7671772723686952,0.12790208732210231,2025-10-13 09:19:38
5e-07,0.2,18,0.7382816233399191,0.10384553124836692,2025-10-13 09:20:02
5e-07,0.2,19,0.7653613839925167,0.14469249457034114,2025-10-13 09:20:27
5e-07,0.2,20,0.7573890118254588,0.1322246174955992,2025-10-13 09:20:51
5e-07,0.2,21,0.765821874238904,0.13913931197601997,2025-10-13 09:21:15
5e-07,0.2,22,0.8111535678475339,0.1275316492470593,2025-10-13 09:21:39
5e-07,0.2,23,0.8148359513058202,0.13062866604395515,2025-10-13 09:22:04
5e-07,0.2,24,0.7774304974330158,0.13093775087910453,2025-10-13 09:22:28
5e-07,0.2,25,0.7855560823605571,0.09721089690252906,2025-10-13 09:22:52
5e-07,0.2,26,0.8023595442290797,0.13733106424544436,2025-10-13 09:23:17
5e-07,0.2,27,0.7340284824306017,0.08250437766572345,2025-10-13 09:23:41
5e-07,0.2,28,0.8100409508628535,0.14888677983032433,2025-10-13 09:24:05
5e-07,0.2,29,0.7657810562616332,0.11705950660808628,2025-10-13 09:24:29
5e-07,0.2,30,0.8073786599298526,0.12885036296967992,2025-10-13 09:24:54
5e-07,0.2,31,0.7753357644295931,0.11077914818031194,2025-10-13 09:25:18
5e-07,0.2,32,0.7880356171333278,0.11093606309737661,2025-10-13 09:25:42
5e-07,0.2,33,0.7707909575456219,0.12309948391698983,2025-10-13 09:26:06
5e-07,0.2,34,0.7479534411166222,0.11336876353063609,2025-10-13 09:26:31
5e-07,0.2,35,0.7674115706441709,0.11267738293557583,2025-10-13 09:26:55
5e-07,0.2,36,0.7593930075620589,0.10553360340778911,2025-10-13 09:27:19
5e-07,0.2,37,0.7538791239394936,0.12791107587123718,2025-10-13 09:27:44
5e-07,0.2,38,0.7857462509370959,0.12575295048138974,2025-10-13 09:28:08
5e-07,0.2,39,0.8012203168674187,0.10754573014205392,2025-10-13 09:28:32
5e-07,0.2,40,0.7708179709983366,0.13885168110446122,2025-10-13 09:28:56
5e-07,0.2,41,0.7513407451475532,0.11440691379101019,2025-10-13 09:29:21
5e-07,0.2,42,0.7207034371798722,0.11517064819710324,2025-10-13 09:29:45
5e-07,0.2,43,0.7877969398942978,0.11338910810038264,2025-10-13 09:30:09
5e-07,0.2,44,0.7669821693192017,0.11733580673719948,2025-10-13 09:30:34
5e-07,0.2,45,0.7322555613462374,0.1261738313221111,2025-10-13 09:30:58
5e-07,0.2,46,0.8161968339358331,0.12371685863863587,2025-10-13 09:31:22
5e-07,0.2,47,0.7788919583253668,0.13468713540667693,2025-10-13 09:31:47
5e-07,0.2,48,0.754249799394373,0.10445438070930628,2025-10-13 09:32:11
5e-07,0.2,49,0.8100522870352552,0.15638261805560572,2025-10-13 09:32:35
5e-07,0.2,50,0.7942366014632162,0.10372633587111495,2025-10-13 09:33:00
5e-07,0.2,51,0.7462936108133981,0.1076293289078706,2025-10-13 09:33:24
5e-07,0.2,52,0.7587915969303674,0.14008489212203226,2025-10-13 09:33:48
5e-07,0.2,53,0.7695690919347454,0.1229400434940116,2025-10-13 09:34:12
5e-07,0.2,54,0.7805006672408284,0.1575074794212885,2025-10-13 09:34:37
5e-07,0.2,55,0.7779571438932598,0.10629450765027781,2025-10-13 09:35:01
5e-07,0.2,56,0.7720528627446945,0.12364661648398634,2025-10-13 09:35:25
5e-07,0.2,57,0.7440721020571537,0.12226622259154489,2025-10-13 09:35:50
5e-07,0.2,58,0.804252178540169,0.11979543960759582,2025-10-13 09:36:14
5e-07,0.2,59,0.7791548341725749,0.1349964297177907,2025-10-13 09:36:38
5e-07,0.2,60,0.7814477318761921,0.12259030522061824,2025-10-13 09:37:02
5e-07,0.2,61,0.7540299075334099,0.08611320289322132,2025-10-13 09:37:27
5e-07,0.2,62,0.8342248892982853,0.13099624064910448,2025-10-13 09:37:51
5e-07,0.2,63,0.7504581480843918,0.09768104054708379,2025-10-13 09:38:16
5e-07,0.2,64,0.7674936095710951,0.14819489092407506,2025-10-13 09:38:40
5e-07,0.2,65,0.7573737801230273,0.100740277817615,2025-10-13 09:39:04
5e-07,0.2,66,0.7546388147318794,0.1072233097169647,2025-10-13 09:39:29
5e-07,0.2,67,0.784480638654198,0.11806156713447845,2025-10-13 09:39:53
5e-07,0.2,68,0.7698710832835878,0.1419832424663516,2025-10-13 09:40:17
5e-07,0.2,69,0.7621012781151876,0.10284173645233761,2025-10-13 09:40:42
5e-07,0.2,70,0.7666405699354893,0.14016966267123943,2025-10-13 09:41:06
5e-07,0.2,71,0.7789226440510768,0.12599009435218494,2025-10-13 09:41:30
5e-07,0.2,72,0.785359314371332,0.11490397029549274,2025-10-13 09:41:54
5e-07,0.2,73,0.7597489675479484,0.08336286366717041,2025-10-13 09:42:19
5e-07,0.2,74,0.7869520366700892,0.12115164855534385,2025-10-13 09:42:43
5e-07,0.2,75,0.7505016531686508,0.10511771885241467,2025-10-13 09:43:07
5e-07,0.2,76,0.7916841732081547,0.12082898309679395,2025-10-13 09:43:31
5e-07,0.2,77,0.8002127018033526,0.12069139656179063,2025-10-13 09:43:56
5e-07,0.2,78,0.811853549492084,0.1544132947622292,2025-10-13 09:44:20
5e-07,0.2,79,0.72955017867844,0.08484470524877687,2025-10-13 09:44:44
5e-07,0.2,80,0.771919912957831,0.09471601245906379,2025-10-13 09:45:09
5e-07,0.2,81,0.7671098471768312,0.12297481548674784,2025-10-13 09:45:33
5e-07,0.2,82,0.7586019482914493,0.08729843473922749,2025-10-13 09:45:57
5e-07,0.2,83,0.7691938214754379,0.14131434555803474,2025-10-13 09:46:22
5e-07,0.2,84,0.7645654790223232,0.09174233868025551,2025-10-13 09:46:46
5e-07,0.2,85,0.7922926599361542,0.12915552194199664,2025-10-13 09:47:10
5e-07,0.2,86,0.7785995890319807,0.10716598237565157,2025-10-13 09:47:35
5e-07,0.2,87,0.7365977555083012,0.10463457668580535,2025-10-13 09:47:59
5e-07,0.2,88,0.72902959189584,0.09063035727979389,2025-10-13 09:48:23
5e-07,0.2,89,0.7756624363512179,0.136278600663472,2025-10-13 09:48:48
5e-07,0.2,90,0.7913620552805234,0.14678828723390538,2025-10-13 09:49:12
5e-07,0.2,91,0.7632937887962532,0.08304646068995064,2025-10-13 09:49:36
5e-07,0.2,92,0.7811550049443842,0.11477580065143937,2025-10-13 09:50:01
5e-07,0.2,93,0.774283175689645,0.12472114920245131,2025-10-13 09:50:25
5e-07,0.2,94,0.7075628785947077,0.09651744183970741,2025-10-13 09:50:49
5e-07,0.2,95,0.7462940060451503,0.1401345036212516,2025-10-13 09:51:14
5e-07,0.2,96,0.783086094127156,0.15586367819524127,2025-10-13 09:51:38
5e-07,0.2,97,0.7964735693000936,0.12120458438704246,2025-10-13 09:52:02
5e-07,0.2,98,0.7668844953543649,0.1123889460259838,2025-10-13 09:52:27
5e-07,0.2,99,0.771554507197265,0.10977644526051418,2025-10-13 09:52:51
5e-07,0.2,100,0.763221777296923,0.10037396499852107,2025-10-13 09:53:15
