timestep,E_power_sum,D_power_sum,num_airy,r0_ref
0,322832460.2216184,322832460.2216184,5,0.017
20,324910151.8742724,337877064.3287843,5,0.017
40,325107618.8139818,339041836.82755655,5,0.017
60,322843824.18084,337684077.76950693,5,0.017
80,324175818.4752845,338089913.01031375,5,0.017
100,330076423.9386358,339713182.6888243,5,0.017
120,330662888.15628374,338749738.7864186,5,0.017
140,331156439.8165598,338041301.19878066,5,0.017
160,332983355.3537812,339361201.17493886,5,0.017
180,326842876.06230885,339139773.78858787,5,0.017
200,326360848.9501409,338118541.528971,5,0.017
220,314474019.178255,338635387.77021205,5,0.017
240,307978839.8497609,337360066.6948754,5,0.017
260,284543522.5252024,337902213.83631575,5,0.017
280,294138669.01214135,338508058.1382863,5,0.017
300,300829832.7798635,337830667.7342622,5,0.017
320,302444257.57064843,334656823.9601433,5,0.017
340,307981155.19943076,333707665.2155509,5,0.017
360,306700506.2374969,333978939.6414938,5,0.017
380,321565069.7179172,337104025.5568323,5,0.017
400,322032409.5436239,338462175.96702343,5,0.017
420,326407982.0634613,337832355.15393007,5,0.017
440,328284859.5477313,338751527.4944285,5,0.017
460,318082762.6245253,339989075.12563884,5,0.017
480,318162934.9379931,333407248.72904325,5,0.017
500,322231173.5012807,337574807.520917,5,0.017
520,329353585.7260735,338240078.0895239,5,0.017
540,328104930.3561593,336082937.11316776,5,0.017
560,333023297.84265476,337332121.5224459,5,0.017
580,330073315.4998049,337672331.977579,5,0.017
600,327316843.33863616,336472675.8892236,5,0.017
620,332785150.9966974,339445512.39034843,5,0.017
640,326397735.97557664,336755568.3995524,5,0.017
660,319539115.8271233,337131369.6506446,5,0.017
680,321053665.83567476,337677662.7307334,5,0.017
700,326062409.78765833,339419094.008139,5,0.017
720,328874973.5919088,340277033.96468294,5,0.017
740,330500890.18503106,338617047.8246676,5,0.017
760,320570233.88343894,338339299.6364178,5,0.017
780,320450552.50010663,339403644.0691,5,0.017
0,324222049.3817749,324222049.3817749,5,0.017
20,316876169.34007293,334061068.38151723,5,0.017
40,323492081.86841106,336505444.41394824,5,0.017
60,319900148.56481427,336073768.0490302,5,0.017
80,323539480.8140676,337133937.1685271,5,0.017
100,326102011.48268497,338728498.07113177,5,0.017
120,325185249.8144137,336967977.9269285,5,0.017
140,324919188.20923376,335987014.5120279,5,0.017
160,321997239.0418446,339195402.3848281,5,0.017
180,324993988.3435265,339564078.5126054,5,0.017
200,324963295.2057218,337607248.36448336,5,0.017
220,329820789.0456327,336694273.7162386,5,0.017
240,322171853.72814554,338177688.89957356,5,0.017
260,328406231.1602863,338467007.0275633,5,0.017
280,314530488.6897691,336957673.29982525,5,0.017
300,325579200.55031717,333823899.0524837,5,0.017
320,322782671.7437704,334741840.87740076,5,0.017
340,329175009.5905647,335481540.60659766,5,0.017
360,337220925.62795573,339816597.76679,5,0.017
380,335690629.41154015,341039313.30599356,5,0.017
400,335014297.9805483,341123650.97666806,5,0.017
420,333606210.94827116,339705604.483679,5,0.017
440,331883806.28818554,338668212.44773173,5,0.017
460,333525887.25400335,339794834.5601156,5,0.017
480,330378152.9337382,336081485.73242086,5,0.017
500,333993410.50009274,338222375.16533315,5,0.017
520,332248266.1769652,337465281.76099914,5,0.017
540,328926925.77833027,338209263.51086396,5,0.017
560,326207171.4767524,338650034.3736131,5,0.017
580,325333954.6819143,337762930.7273907,5,0.017
600,323184946.7181529,336950620.8933903,5,0.017
620,320156285.6444356,338039452.78097713,5,0.017
640,327412233.16830665,337107526.2184783,5,0.017
660,325106075.93303615,338167313.07991517,5,0.017
680,328520417.8375876,338402388.7467545,5,0.017
700,318710380.6196049,339215383.5491533,5,0.017
720,307856335.8353932,336914622.16879493,5,0.017
740,299324821.2426062,336087078.64363754,5,0.017
760,288325372.682198,336349485.088434,5,0.017
780,297991526.224242,333474568.3317332,5,0.017
0,326334076.5446654,326334076.5446654,5,0.017
20,316649071.14574456,337659947.1605444,5,0.017
40,311685284.1282803,335398884.6303508,5,0.017
60,308952832.8158218,337623856.723748,5,0.017
80,314296697.95353216,337792737.8120495,5,0.017
100,309660096.93294406,338090148.0291329,5,0.017
120,327792349.5074696,334928530.315338,5,0.017
140,332915123.66676426,336344419.7800373,5,0.017
160,324647205.0196901,335596580.52450645,5,0.017
180,321673770.2428147,333716712.57874465,5,0.017
200,321161924.5030021,335562329.8215313,5,0.017
220,328153615.70270747,337691355.90540564,5,0.017
240,317610880.05263245,335199944.08190894,5,0.017
260,321854951.166286,338402264.69692504,5,0.017
280,321884964.74017274,337472431.34950525,5,0.017
300,317323911.21699834,336488246.9742425,5,0.017
320,322513514.86217725,337820904.635445,5,0.017
340,319655684.59540164,337948805.79201305,5,0.017
360,326054604.346748,338825750.4554598,5,0.017
380,320426583.77045584,337623645.2218394,5,0.017
400,326907108.42151475,337725872.5933173,5,0.017
420,323615227.91812307,336743333.710732,5,0.017
440,324901675.15532637,338392116.8833379,5,0.017
460,318225855.93864965,338068355.77509075,5,0.017
480,321453760.40849245,337106733.43543863,5,0.017
500,329790493.93945825,340441912.67995644,5,0.017
520,332743737.6279216,339809093.14903706,5,0.017
540,333263694.5157982,339664029.0546989,5,0.017
560,316354886.867133,337670218.915127,5,0.017
580,317713018.9029306,338115967.0588852,5,0.017
600,319675831.3028112,335217121.4591465,5,0.017
620,321899433.30713475,336019673.53099334,5,0.017
640,324509359.0978135,336221419.75259197,5,0.017
660,321102215.4704151,335333087.1026551,5,0.017
680,314302778.059668,335376606.25028616,5,0.017
700,323987901.9862305,338213181.1038521,5,0.017
720,317560149.69297624,339635923.840733,5,0.017
740,325987665.9664626,338688819.763625,5,0.017
760,325177610.028681,337367326.7072744,5,0.017
780,322858672.74194527,337736640.1447467,5,0.017
0,332934644.1546217,332934644.1546217,5,0.017
20,332326168.53832346,339991905.1464266,5,0.017
40,329999416.08273363,338469368.1583123,5,0.017
60,329018700.30171895,338502086.25748867,5,0.017
80,324233387.90735674,335288757.01906145,5,0.017
100,320309402.7565652,333422020.055759,5,0.017
120,320163164.75097346,335430408.92645645,5,0.017
140,320075584.9201474,333743383.41504264,5,0.017
160,323762091.46751976,336464047.66107965,5,0.017
180,321671663.1093949,336314642.2170715,5,0.017
200,318631153.61822844,334448461.36637425,5,0.017
220,322171883.34642047,335856733.70909625,5,0.017
240,316385081.85056674,336937394.39225703,5,0.017
260,318106357.0158424,334799374.83349186,5,0.017
280,316972481.89849627,333515089.540117,5,0.017
300,313409578.61587274,334463144.8038541,5,0.017
320,310951986.1657369,335881916.20863205,5,0.017
340,316085691.9092877,337215601.84891915,5,0.017
360,317411545.85013974,340350423.889509,5,0.017
380,315729930.234394,340739857.7465042,5,0.017
400,323359492.75135815,339760183.54609,5,0.017
420,327903083.5708198,340565353.9611505,5,0.017
440,329372375.0921916,339010517.26098526,5,0.017
460,333880416.56990814,339099527.7252855,5,0.017
480,328615765.61408854,337133570.43759584,5,0.017
500,318348522.3160811,336015683.10185546,5,0.017
520,325879905.0097964,339058328.9839444,5,0.017
540,321323334.0223465,338025515.37656045,5,0.017
560,326478126.1892475,339517800.15474963,5,0.017
580,330567850.2344229,339274326.1479269,5,0.017
600,330838176.799113,338488185.61881876,5,0.017
620,331471823.097397,342066110.3928014,5,0.017
640,323233136.95634735,338905397.56002635,5,0.017
660,316474637.8129139,338114416.9332787,5,0.017
680,313573107.2015709,339736682.5226462,5,0.017
700,313527175.0661758,338428503.92695844,5,0.017
720,324845226.4047235,338717008.1076069,5,0.017
740,326062556.53262126,339056940.64128953,5,0.017
760,327915171.09301865,339720308.4886586,5,0.017
780,326732962.6130552,335903823.92332494,5,0.017
0,50712630.71813768,50712630.71813768,1,0.01
20,11022710.26891491,24763662.135551605,1,0.01
40,20031530.85298787,37664202.20529592,1,0.01
60,15265440.788826857,16405334.59561916,1,0.01
80,32301003.867538616,32970733.317467317,1,0.01
100,20050761.373512164,29849959.50432343,1,0.01
120,16914016.84976594,22217934.47798365,1,0.01
140,10799513.803035058,31448168.972328626,1,0.01
160,32923336.25089382,36584754.34098908,1,0.01
180,19283545.54607318,26239801.160703264,1,0.01
200,21945461.37355803,47666867.42413004,1,0.01
220,13561045.583992738,41125672.91980644,1,0.01
240,9578267.325358476,23479986.881291505,1,0.01
260,36459900.96796675,44921608.85916897,1,0.01
280,28038935.139694724,33882834.244767345,1,0.01
300,19794331.64566472,46363674.8003878,1,0.01
320,17525872.502885617,26083493.83406894,1,0.01
340,5924285.3799884245,43941312.81708129,1,0.01
360,14934291.094030108,35352989.08419709,1,0.01
380,40016973.20175563,66437040.959767066,1,0.01
400,23566599.959225263,34786773.87964615,1,0.01
420,37459192.22073912,18293323.818615414,1,0.01
440,9426487.628188107,18344153.72601793,1,0.01
460,8835970.605485603,30085336.25253675,1,0.01
480,9418782.379425902,34161723.01717362,1,0.01
500,36154325.72860666,26751692.84008466,1,0.01
520,13284570.002594296,43480793.0986687,1,0.01
540,3901041.1190298297,17428051.76113887,1,0.01
560,8613138.94787718,24966212.3351786,1,0.01
580,6987946.839068564,59133014.13940309,1,0.01
600,35270246.34426163,46524012.57781981,1,0.01
620,15165504.05898204,21617286.83790281,1,0.01
640,25960314.0949556,42769514.72082217,1,0.01
660,11176725.059244543,19496669.744777925,1,0.01
680,24180232.311392155,48310750.570787854,1,0.01
700,11337640.84542841,25624541.694758657,1,0.01
720,27437392.07654464,44477603.346140906,1,0.01
740,30648810.398941323,41127421.17058618,1,0.01
760,5874210.05217413,22259521.42737174,1,0.01
780,23228090.258056916,25241432.310541704,1,0.01
0,206071729.9186079,206071729.9186079,1,0.05
20,197579425.6395133,204554432.07657993,1,0.05
40,210068594.17943788,213670265.33379605,1,0.05
60,203826433.01208663,209534952.49243137,1,0.05
80,106968522.92490406,191370354.87207973,1,0.05
100,192714640.57794145,207265864.83135247,1,0.05
120,195492356.96036795,221876212.8226642,1,0.05
140,171508157.5604441,202060176.87618828,1,0.05
160,201370317.58860317,196437952.37363487,1,0.05
180,191449039.92818367,189499023.5169233,1,0.05
200,110300573.909613,211366040.21209812,1,0.05
220,111118378.10158192,167875681.70589682,1,0.05
240,171902216.94323972,184139749.88643345,1,0.05
260,185005955.76149213,205051792.4457431,1,0.05
280,209758115.08987528,212956316.1699651,1,0.05
300,154199424.8217588,166747464.65379763,1,0.05
320,179096308.8134743,216726138.65600505,1,0.05
340,183497948.2979874,173791461.20927903,1,0.05
360,183833195.77931708,202811601.03480655,1,0.05
380,170235619.79671395,181361025.63473213,1,0.05
400,180048582.04857862,184356094.87742695,1,0.05
420,180098930.74701858,194411938.4015824,1,0.05
440,209557817.5548209,207813236.57688993,1,0.05
460,130506959.26087028,154609070.1035447,1,0.05
480,143331998.4100244,191118425.11987895,1,0.05
500,82401553.78497401,171510583.3400445,1,0.05
520,127861395.1498576,180868544.26947245,1,0.05
540,175718545.33198673,177990390.88607216,1,0.05
560,175750358.15560353,201025705.4409369,1,0.05
580,210016861.6270475,216041124.00089064,1,0.05
600,186993312.19027787,195276020.66287327,1,0.05
620,203559478.36594725,212727927.36798185,1,0.05
640,200712526.60904935,208359039.5067705,1,0.05
660,163164585.98709255,221991760.904614,1,0.05
680,130577700.46337126,139773988.39098516,1,0.05
700,211155296.3359254,217439620.7134751,1,0.05
720,219945867.5700106,219671102.18006992,1,0.05
740,130477741.95286344,191573521.32384,1,0.05
760,193244111.9849897,211007095.482841,1,0.05
780,194274163.5540283,209301644.76767248,1,0.05
0,114469127.8416214,114469127.8416214,1,0.03
20,40723436.13973121,151287392.24954084,1,0.03
40,145976362.39996237,180115883.3135654,1,0.03
60,104283022.5028784,143196136.58658338,1,0.03
80,169772124.93477872,169816729.37166128,1,0.03
100,72227670.51028438,115965172.29705842,1,0.03
120,140691372.5469646,148032468.39149117,1,0.03
140,139355730.79976666,143841807.0989533,1,0.03
160,81003410.04389384,162214166.80402625,1,0.03
180,172597846.8492823,176821434.9352941,1,0.03
200,96822432.97394964,148988197.99036488,1,0.03
220,56947681.86440263,105156946.3520258,1,0.03
240,143445379.26142478,142906021.23509818,1,0.03
260,33428458.984407604,127637488.54799798,1,0.03
280,69102991.06561638,128338576.45196287,1,0.03
300,83612705.42967793,176677828.37595987,1,0.03
320,47763166.77362465,170406465.34257224,1,0.03
340,92288602.91071296,116262681.35423794,1,0.03
360,93024890.11544126,151888435.560673,1,0.03
380,154018363.5891345,163970861.73905784,1,0.03
400,192712605.05049863,199283247.30915195,1,0.03
420,145171856.03131992,170187299.0363781,1,0.03
440,90974775.61888836,95678240.05767833,1,0.03
460,163833137.51871145,187231291.81575185,1,0.03
480,79914439.34709552,132948524.07761246,1,0.03
500,33012390.48367317,163574649.15551403,1,0.03
520,106949043.94048028,160863001.75067472,1,0.03
540,183693765.5708849,190858949.73922583,1,0.03
560,187468048.31406027,187909111.06884408,1,0.03
580,166351709.26760548,172078696.33774284,1,0.03
600,140819437.36309382,167124472.08088756,1,0.03
620,145469746.17203864,149186193.003234,1,0.03
640,149314971.93941998,153766547.98089927,1,0.03
660,93402183.40234378,143903499.6103024,1,0.03
680,101586844.86200672,187476074.89313343,1,0.03
700,73947531.3001413,126549589.62182409,1,0.03
720,136275544.64289117,155057043.90291953,1,0.03
740,125870118.93636563,180299680.52398857,1,0.03
760,85359604.36038883,172027983.0468988,1,0.03
780,102858005.95402008,124699269.14894895,1,0.03
0,222252609.50186032,222252609.50186032,1,0.07
20,225429692.5128159,230785809.6065301,1,0.07
40,180599970.66307068,220894824.0486026,1,0.07
60,219383647.5193183,225601852.1396098,1,0.07
80,206933434.88128135,220465375.77706385,1,0.07
100,187467780.51105088,227797481.1412542,1,0.07
120,138682733.6051575,199312203.68531063,1,0.07
140,197548720.20329973,225016078.40352905,1,0.07
160,215484516.44790775,224745493.22349143,1,0.07
180,216584609.4990642,229439166.723338,1,0.07
200,214572622.21099323,225512160.51630753,1,0.07
220,105361765.6539467,218449657.8007124,1,0.07
240,223006295.0745014,221230931.65366703,1,0.07
260,203130610.82702556,212778189.86467743,1,0.07
280,224938888.0721267,221306805.7739215,1,0.07
300,221878816.15172732,229195452.3434872,1,0.07
320,207013573.620212,231639309.58083215,1,0.07
340,205162417.63387424,214992580.0644516,1,0.07
360,194471036.08286113,217258852.64677343,1,0.07
380,224931381.32425493,226109518.4829698,1,0.07
400,217823431.210621,220772075.91140395,1,0.07
420,223910818.3745323,235543179.6433429,1,0.07
440,212114202.21831924,223472027.89718115,1,0.07
460,235212785.68922964,234905251.64271563,1,0.07
480,128525983.30475166,204621695.29165524,1,0.07
500,210232935.39271167,227530189.73300168,1,0.07
520,202391830.7825524,205270620.46890545,1,0.07
540,200841083.8850978,220749917.5130743,1,0.07
560,193885097.0309475,225216123.77688336,1,0.07
580,219703693.46820977,226913204.8199531,1,0.07
600,204726808.742056,213750420.8102208,1,0.07
620,203382371.05029276,219880739.8265279,1,0.07
640,225412635.9253536,227610893.39479852,1,0.07
660,168682444.3780391,190417867.50616735,1,0.07
680,139198221.56687862,222409627.24700215,1,0.07
700,183399352.4349835,208167198.20220575,1,0.07
720,185582744.0552704,191131492.47221017,1,0.07
740,201377640.3211415,219482786.50098592,1,0.07
760,185729001.2039976,226496740.8838258,1,0.07
780,195602014.69700927,217742302.1870219,1,0.07
0,232668376.9003037,232668376.9003037,1,0.2
20,240645319.86276817,241888412.01494423,1,0.2
40,242886087.13726312,244390877.13575447,1,0.2
60,241952081.7847727,242701107.54951105,1,0.2
80,240668530.89473635,239902121.81822947,1,0.2
100,242994127.5604777,241553833.3096351,1,0.2
120,239552234.06795284,240272505.0822985,1,0.2
140,240598551.2182552,242058310.49398428,1,0.2
160,243664144.23363575,244290098.34653747,1,0.2
180,239402952.17856792,239342146.95304835,1,0.2
200,240883039.9984706,241811245.93255204,1,0.2
220,240936973.99229103,240537334.5134061,1,0.2
240,244429749.8052942,243389416.52902868,1,0.2
260,240485346.47493052,241952881.38293576,1,0.2
280,240457389.65851095,240971394.0708671,1,0.2
300,238657301.86057597,239557396.9601085,1,0.2
320,242425861.71407968,244177493.1329772,1,0.2
340,239856000.8897286,242160664.21223652,1,0.2
360,238160616.24207345,240440796.0260248,1,0.2
380,241848257.93953025,241140336.92775592,1,0.2
400,237952555.3554126,240560643.00066903,1,0.2
420,242919148.38638577,242950056.08678415,1,0.2
440,242148186.4228381,242297361.7812197,1,0.2
460,240738839.28574583,243727266.36483485,1,0.2
480,239035492.20782897,242768850.4855716,1,0.2
500,240053895.6785541,242576672.3497441,1,0.2
520,235046514.99725065,240699490.3875996,1,0.2
540,237331773.21137553,242824747.9250176,1,0.2
560,240626728.0385029,242020312.72313297,1,0.2
580,237703183.49686208,241180599.79288536,1,0.2
600,238508000.91454387,243370679.71672377,1,0.2
620,228060728.17804337,237100410.09956467,1,0.2
640,240653221.66443235,241541759.53457797,1,0.2
660,243767230.56156367,242774586.36121315,1,0.2
680,233905486.36261767,242442516.87905863,1,0.2
700,239035727.21064308,240401509.63227352,1,0.2
720,239194789.75072157,242805040.29847687,1,0.2
740,243438999.89836437,243431354.96815687,1,0.2
760,236270811.8265633,241665116.4928619,1,0.2
780,240355993.249184,242507688.7411033,1,0.2
0,19742132.025700927,19742132.025700927,1,0.01
20,18781212.100308925,24776468.415740885,1,0.01
40,25018140.904274732,41695148.24606623,1,0.01
60,5652738.178493362,27039795.777066886,1,0.01
80,17169632.16932649,25864354.77383409,1,0.01
100,10673558.99286282,44522368.123472385,1,0.01
120,25471723.433821224,29204151.001268446,1,0.01
140,7407441.352772584,55644992.14743447,1,0.01
160,14891463.781302948,21475005.06429766,1,0.01
180,17207622.871350944,25325500.0071063,1,0.01
200,1966015.7157287684,11483243.761781989,1,0.01
220,2146342.0701716784,31642181.76589655,1,0.01
240,6212235.572507692,44297081.38110182,1,0.01
260,28000934.422442596,10827116.61051816,1,0.01
280,20553149.492255896,39414993.8113057,1,0.01
300,17724694.65493957,11124173.071529374,1,0.01
320,8689747.650585799,25749831.186538447,1,0.01
340,20046097.47125034,56699071.33735125,1,0.01
360,32942718.2334215,46752603.74905011,1,0.01
380,87076763.4890913,79273369.24584818,1,0.01
400,44495885.9595766,42610961.08330773,1,0.01
420,19432983.822477613,38223538.32415269,1,0.01
440,27345192.79194104,22582346.86474762,1,0.01
460,22302598.72294048,19286040.50715842,1,0.01
480,12923906.139259811,23338338.854123995,1,0.01
500,4376928.2708241865,17637392.782200098,1,0.01
520,7762146.706100313,65148459.332549855,1,0.01
540,7462402.982509363,41184361.42038437,1,0.01
560,35482403.76005162,15041602.844945371,1,0.01
580,33786498.133740425,43393520.13171905,1,0.01
600,20356481.973232787,20681265.36038397,1,0.01
620,10773294.14485089,24621178.711425528,1,0.01
640,37041625.44162654,31648916.063357662,1,0.01
660,33272582.81028607,49032351.9809123,1,0.01
680,10913558.72661806,34705397.506427296,1,0.01
700,8512738.068758572,36127694.98833923,1,0.01
720,5093305.7825856805,44010071.75842129,1,0.01
740,12052846.264822207,38857885.44831076,1,0.01
760,17772778.683281824,34743747.75677952,1,0.01
780,11620342.150685672,32291306.054722227,1,0.01
0,199220524.58633697,199220524.58633697,1,0.05
20,192445649.5625379,206360411.8749261,1,0.05
40,184109638.83321407,226896189.2515012,1,0.05
60,57689547.581807405,198470605.81711423,1,0.05
80,195290424.86958575,208617018.3683645,1,0.05
100,190014686.6108848,199481906.9482085,1,0.05
120,216210953.07830125,219795930.24082056,1,0.05
140,160593374.63648435,224818633.61235535,1,0.05
160,217208543.77671465,216050408.0172739,1,0.05
180,165269351.1336242,169240037.4822126,1,0.05
200,191026151.06541532,204608871.56427908,1,0.05
220,183056775.80828303,212725307.41616607,1,0.05
240,190363053.8396481,218171270.50829655,1,0.05
260,162403567.29840237,178064829.23918945,1,0.05
280,171449867.41091615,185461044.31689444,1,0.05
300,165740828.84187928,204101621.31723484,1,0.05
320,223238234.77879947,215584515.01533005,1,0.05
340,206287503.06921545,206422978.29477632,1,0.05
360,86365192.24245489,198334974.90413263,1,0.05
380,210438528.15122417,219750012.1561014,1,0.05
400,115193846.74955156,171256410.60990375,1,0.05
420,102531503.61185606,215066871.8384511,1,0.05
440,128233336.23868324,215659458.55679417,1,0.05
460,222898928.9757653,226512380.61961773,1,0.05
480,197254895.59890875,193164995.3988068,1,0.05
500,176772304.54647535,190312759.2226821,1,0.05
520,174951942.90951508,196878877.1323357,1,0.05
540,199600093.78080785,208137054.59479028,1,0.05
560,168095902.15956163,183684084.0232134,1,0.05
580,174905762.9827312,203929289.00296655,1,0.05
600,203044203.62310952,206782198.68335095,1,0.05
620,216169491.23417845,219713341.2525812,1,0.05
640,122131845.7750532,155592601.64870682,1,0.05
660,216585253.5439189,219783623.567809,1,0.05
680,198689648.11009693,208258813.8797404,1,0.05
700,184679739.94640392,200826542.7183352,1,0.05
720,213359084.87981004,225210161.48355415,1,0.05
740,167534371.10951406,208796320.06245425,1,0.05
760,204333857.79135656,208136046.70900947,1,0.05
780,191616652.21770263,226773092.12907237,1,0.05
0,150939222.82400197,150939222.82400197,1,0.03
20,163514739.1097951,182162085.33364472,1,0.03
40,151341962.19777572,160962823.2136264,1,0.03
60,157171269.95101514,192303824.2370281,1,0.03
80,109087938.29559374,167657724.95898166,1,0.03
100,60583372.70683172,120579112.76529944,1,0.03
120,44757871.334142566,156202997.87235183,1,0.03
140,113994316.11160478,176666197.73648807,1,0.03
160,131577780.49127606,185073175.9845851,1,0.03
180,40814350.04098018,150786999.20733085,1,0.03
200,113312042.44638982,118456983.27047051,1,0.03
220,166917521.88842624,173365515.03866586,1,0.03
240,136631988.59789014,169121287.23198774,1,0.03
260,118549977.86429553,182551731.6964131,1,0.03
280,53634130.98252965,156084952.46627504,1,0.03
300,143610690.71951836,170646739.47102866,1,0.03
320,110439376.82365936,176743462.92470852,1,0.03
340,78047354.59332868,137560047.26415697,1,0.03
360,40150527.56070317,161224235.105879,1,0.03
380,105348849.73997214,122579375.05008642,1,0.03
400,184236639.51491073,187004172.8429,1,0.03
420,121194566.2871191,150383948.57470912,1,0.03
440,154018907.76044607,176694051.06727323,1,0.03
460,55423135.16424623,171434595.27806634,1,0.03
480,49622497.2631982,142585230.1577087,1,0.03
500,138148611.62815085,173054161.93325698,1,0.03
520,80173640.23569308,142011462.4040519,1,0.03
540,162931856.1999073,186218242.3404697,1,0.03
560,184215392.12151635,175279577.69033036,1,0.03
580,123163459.06395896,134532561.6697041,1,0.03
600,143695167.10391572,181906722.3481145,1,0.03
620,189791473.5499161,191705520.86663973,1,0.03
640,198136066.168006,197807150.1533661,1,0.03
660,132574837.71094751,166849781.88924402,1,0.03
680,183195917.73610935,181820196.1680793,1,0.03
700,125280766.64849444,175668781.07592186,1,0.03
720,138130369.57633883,160416471.10427424,1,0.03
740,158239431.6661262,172337749.86048555,1,0.03
760,66796105.20203817,156767855.27668414,1,0.03
780,119070444.2685894,133095956.41591348,1,0.03
0,191931964.51430503,191931964.51430503,1,0.07
20,208398440.74051595,225990106.0650133,1,0.07
40,211585759.9822158,217306593.64477724,1,0.07
60,216028258.51780817,218419339.8262869,1,0.07
80,167343552.61606288,221505424.6697657,1,0.07
100,226473212.22826624,230935224.66675875,1,0.07
120,205529488.81858772,229697689.15788183,1,0.07
140,198408736.9596117,218799988.5247044,1,0.07
160,228296242.8141615,225598312.1143188,1,0.07
180,213183518.23391044,220868864.74657655,1,0.07
200,229178425.65980825,229400912.27463567,1,0.07
220,216612495.7508208,219060135.27163368,1,0.07
240,208093231.9474495,209632896.0232718,1,0.07
260,208555461.6224301,220741396.83027577,1,0.07
280,197756101.4448093,206276147.3439889,1,0.07
300,214031561.2031733,226306186.03884944,1,0.07
320,210789204.171198,231646925.40797096,1,0.07
340,213899404.66870552,221887339.22357005,1,0.07
360,202499509.51716748,226258759.559557,1,0.07
380,223844701.27834028,222504841.0796436,1,0.07
400,219309444.59791255,226413075.22759303,1,0.07
420,216957984.91028348,221817458.73229492,1,0.07
440,226437175.84385413,225466738.9726538,1,0.07
460,216892471.13529864,222352906.96574873,1,0.07
480,209892984.3668185,216580015.92770553,1,0.07
500,202942670.89136523,217276339.18964657,1,0.07
520,190812954.1255577,209876186.15928343,1,0.07
540,221591354.5468983,235819334.36654416,1,0.07
560,206768221.28440344,213265001.99907896,1,0.07
580,198949950.6705616,223824666.0325796,1,0.07
600,218918819.78422993,221422988.1451902,1,0.07
620,213631678.80432647,214931703.4550994,1,0.07
640,216672362.6108183,217574583.7401861,1,0.07
660,220176408.60458055,225066721.366354,1,0.07
680,216695548.80840588,229607575.3932091,1,0.07
700,214597747.3881478,217199747.1071086,1,0.07
720,228609737.52674097,230189908.86650127,1,0.07
740,231048379.71048105,236014997.87022653,1,0.07
760,226818298.80994973,231870517.99674475,1,0.07
780,228844999.1720057,232978613.75338465,1,0.07
0,243027851.17373988,243027851.17373988,1,0.2
20,242362335.2460431,244136913.72315103,1,0.2
40,241242348.2388747,242375267.08469677,1,0.2
60,242695867.60175687,242240787.233794,1,0.2
80,241703550.81402656,241876516.34861457,1,0.2
100,241673674.17489633,242939016.3978848,1,0.2
120,243482706.48683652,243776298.2217158,1,0.2
140,240742609.1847629,242307399.3188168,1,0.2
160,240786064.3265268,242701226.55070135,1,0.2
180,243237835.06202605,243012101.6618387,1,0.2
200,241286541.11392903,241919100.4242347,1,0.2
220,239431311.96921176,240839978.89818656,1,0.2
240,241457599.74556723,241460506.31881413,1,0.2
260,241075538.07976627,240930563.1935464,1,0.2
280,242413861.1234998,242453881.23242065,1,0.2
300,238532807.39918423,237810077.58312553,1,0.2
320,237747185.86493993,242281479.59117556,1,0.2
340,233190470.55954993,237854318.00525007,1,0.2
360,236692127.43543684,239369273.7973322,1,0.2
380,240551947.97809827,240570463.11481017,1,0.2
400,239636383.73654735,244349685.70678568,1,0.2
420,235721318.15782264,241403160.39303967,1,0.2
440,235190990.41410345,237044665.9969805,1,0.2
460,240006511.8287444,239746035.63978985,1,0.2
480,240639912.7843656,242109387.126439,1,0.2
500,242881814.46703133,240905008.20838463,1,0.2
520,240278568.91925657,239677933.65558773,1,0.2
540,241786395.56353837,241806532.9678935,1,0.2
560,242614024.49133545,243065869.15360564,1,0.2
580,239348653.96721235,241289363.63149792,1,0.2
600,241273782.4580376,242929489.9574285,1,0.2
620,239951297.782398,243547372.4370938,1,0.2
640,242764395.18066537,242461152.9379199,1,0.2
660,242004786.00766185,241753131.18171936,1,0.2
680,243272567.38499725,243815438.98823595,1,0.2
700,236404551.42088503,236502667.33220577,1,0.2
720,240302806.2074501,241018343.6608037,1,0.2
740,233799984.5044858,235393110.02981737,1,0.2
760,241763004.84898207,241959339.1273759,1,0.2
780,241224860.35200897,243434203.3739257,1,0.2
0,29079822.65701801,29079822.65701801,1,0.01
20,13556966.147927385,10244672.255325995,1,0.01
40,8867200.293149088,19478499.511939812,1,0.01
60,32223832.56244258,19103812.971163183,1,0.01
80,10313277.256574206,26963996.272634223,1,0.01
100,44723367.37647135,21462780.817245685,1,0.01
120,38983643.10857852,14560014.11576845,1,0.01
140,7146377.596825141,17157488.61651939,1,0.01
160,2330169.308919708,25889985.753214553,1,0.01
180,11803294.762985831,61972721.13476533,1,0.01
200,23603068.05327596,51759592.90118327,1,0.01
220,31429615.22780095,46184391.10250874,1,0.01
240,22760248.699350905,33790965.18065742,1,0.01
260,23682608.06364417,44366287.60532085,1,0.01
280,10230715.2139951,24717467.9235361,1,0.01
300,23167148.84115134,39823001.79290852,1,0.01
320,25753030.16642154,40696890.27054138,1,0.01
340,10394323.525231738,18294745.845030725,1,0.01
360,25841644.81843928,30731004.301420227,1,0.01
380,10945411.414728312,17161661.775963176,1,0.01
400,32436542.31917716,32862066.983102396,1,0.01
420,15426927.35572497,12105542.852307972,1,0.01
440,7496955.1809035875,19526704.37345271,1,0.01
460,5089897.51131783,76529768.62360364,1,0.01
480,26587692.750385348,22859896.724723704,1,0.01
500,14114378.230595266,21749956.14446932,1,0.01
520,3363381.770213048,18593528.004204184,1,0.01
540,21437156.746666543,19575560.598522767,1,0.01
560,19830851.8571226,36532187.44155501,1,0.01
580,30971338.26732092,39451593.96461116,1,0.01
600,41927369.29675573,38871887.01200615,1,0.01
620,5444393.835601892,19737685.20266943,1,0.01
640,24408193.423495773,34944882.381428644,1,0.01
660,41491170.99880685,50569015.32747492,1,0.01
680,40351527.12710146,22627075.813934624,1,0.01
700,17503428.41619979,16391074.63400662,1,0.01
720,36478988.636639774,12625414.97459804,1,0.01
740,18228500.03060747,51036117.690014616,1,0.01
760,29618232.750978593,50495942.34193105,1,0.01
780,64261507.466051914,44977093.780876905,1,0.01
0,198549243.92493668,198549243.92493668,1,0.05
20,188964469.72524685,210346223.1160261,1,0.05
40,193004286.05013043,198930968.630016,1,0.05
60,123621489.29708856,167574086.66933286,1,0.05
80,128071737.55254248,200543804.1830662,1,0.05
100,161062030.02179846,159753818.5285365,1,0.05
120,186586830.80317533,183628188.8049127,1,0.05
140,180883153.6948837,208370406.52954045,1,0.05
160,217461507.62166905,224083876.21152377,1,0.05
180,212782682.93645325,226637494.46077383,1,0.05
200,157614321.03659695,205119789.75303876,1,0.05
220,116278207.33441208,175471263.03457612,1,0.05
240,94702880.92305696,203414023.4789171,1,0.05
260,196964255.5059781,212908935.4814269,1,0.05
280,205876947.9780313,222121792.38224757,1,0.05
300,149093215.97544706,142929187.9195095,1,0.05
320,186172480.63516143,185087457.40479875,1,0.05
340,221992826.32778564,221799543.69501463,1,0.05
360,162405824.7238378,208260812.87644145,1,0.05
380,208299233.79141963,219631909.516167,1,0.05
400,217861486.0898697,224799381.9910048,1,0.05
420,148195366.53601712,198714698.32012537,1,0.05
440,215440432.69788036,220679996.0291159,1,0.05
460,171564101.97782218,198116755.35904655,1,0.05
480,181551616.7678972,188531337.18399552,1,0.05
500,120664061.54227404,187808031.24622044,1,0.05
520,203672340.28251696,207175902.1011961,1,0.05
540,206976085.76603487,209299522.25796255,1,0.05
560,189452714.19743848,208861314.899163,1,0.05
580,161914153.5167409,166453886.03393704,1,0.05
600,110427046.7483093,185302797.7116286,1,0.05
620,209634883.7343737,207299303.70168477,1,0.05
640,154799539.25762796,202907287.54254588,1,0.05
660,163586573.7671672,208962935.29515263,1,0.05
680,188608315.1479035,204912477.7177345,1,0.05
700,193925830.97482997,197367544.4559514,1,0.05
720,174713147.9131308,210266035.702577,1,0.05
740,202187992.24827492,196790988.7392303,1,0.05
760,192478508.49522957,191472690.5877915,1,0.05
780,205970199.1480284,215818984.13867605,1,0.05
0,96605876.59665713,96605876.59665713,1,0.03
20,149888513.5403072,178612616.216718,1,0.03
40,112482839.67254214,163889982.30490476,1,0.03
60,109180124.06287938,160281894.68713313,1,0.03
80,174235609.9223246,166591129.65633488,1,0.03
100,189306697.00712347,191113449.93975973,1,0.03
120,144590336.8730812,169876749.36966655,1,0.03
140,110240602.32309967,158702160.5867198,1,0.03
160,101494964.22797462,131265211.62254468,1,0.03
180,181480899.8512895,188385186.2262928,1,0.03
200,163426968.86785936,167489283.60503244,1,0.03
220,157329144.46431386,174380728.09580702,1,0.03
240,162432349.52627495,168139907.69254327,1,0.03
260,139304674.68625593,145348477.33746624,1,0.03
280,98898126.46613134,160117139.42056704,1,0.03
300,121455968.49217504,113698146.0491132,1,0.03
320,160955353.80360276,173233676.9861096,1,0.03
340,54706582.83893207,133929598.8859722,1,0.03
360,135703414.10103005,157219223.65055412,1,0.03
380,144581290.44941664,180407389.67216015,1,0.03
400,33703775.33210067,85618952.77797212,1,0.03
420,143159155.15363955,156464779.05085862,1,0.03
440,158920690.500825,195894367.01650327,1,0.03
460,149528995.47522,170279241.97180256,1,0.03
480,131732229.95282814,145267076.4100641,1,0.03
500,134217019.57578447,166931317.57212743,1,0.03
520,126062194.38045588,174380527.91111577,1,0.03
540,84974481.21088651,76271707.45404837,1,0.03
560,72572991.40477034,136995561.12890184,1,0.03
580,82031288.88887833,87514927.97675216,1,0.03
600,84577398.87369978,117092958.92543368,1,0.03
620,122612699.7339217,133059814.41699795,1,0.03
640,140941862.0350383,181950891.99937952,1,0.03
660,32126564.059355453,117856696.89438064,1,0.03
680,123884791.54220758,171443849.01848936,1,0.03
700,204288683.79211473,185060877.11640453,1,0.03
720,89561151.23120427,181739257.0707836,1,0.03
740,69350191.69540761,177657061.2943579,1,0.03
760,124703529.7409308,157144192.28823328,1,0.03
780,88440911.97618532,113564917.58681484,1,0.03
0,197691258.3549845,197691258.3549845,1,0.07
20,187787296.0474049,184712746.11107388,1,0.07
40,209536836.23370188,219183153.24642745,1,0.07
60,175323884.30000702,219218603.33147565,1,0.07
80,136764987.0902992,176192498.95632213,1,0.07
100,200397318.03868225,210137969.0166927,1,0.07
120,210519470.83912867,231833106.1958319,1,0.07
140,177949616.97498775,194893995.51232368,1,0.07
160,221069167.69880033,215083941.28035292,1,0.07
180,181456217.21010032,206549920.426297,1,0.07
200,191541717.9872986,212111925.30135617,1,0.07
220,193837773.57899135,194217703.20097277,1,0.07
240,209297644.9034553,211121279.10729185,1,0.07
260,170182062.811852,184191480.54712585,1,0.07
280,106093177.62312658,149843746.9879788,1,0.07
300,179796181.11676753,210093937.9676045,1,0.07
320,207084845.3598156,234076269.00084215,1,0.07
340,221441053.6219681,223120547.94713807,1,0.07
360,182964515.5271823,224772027.5609274,1,0.07
380,224242369.014233,222517511.0374084,1,0.07
400,192588000.49858648,204832997.2687466,1,0.07
420,225630773.80054432,227048898.9392078,1,0.07
440,191638200.59998944,219131146.52390856,1,0.07
460,208978635.63851425,228538147.2775435,1,0.07
480,226872815.84740895,230649709.30672947,1,0.07
500,207942411.70895088,213975697.15765315,1,0.07
520,197382833.89498997,205496429.76248956,1,0.07
540,198456914.701724,216988189.45940793,1,0.07
560,229549748.3432946,224431180.585316,1,0.07
580,216592942.70486885,221710768.9203464,1,0.07
600,191803457.77624533,208619379.15125397,1,0.07
620,222327765.667773,222342051.28559273,1,0.07
640,210463763.4763239,210725830.6436459,1,0.07
660,209744154.71227115,220311140.33905697,1,0.07
680,209068590.6600288,219448840.73887268,1,0.07
700,209664940.73252544,230422326.65296644,1,0.07
720,202780354.33144605,212908506.1153018,1,0.07
740,203453938.83721876,203451405.37040496,1,0.07
760,209662147.55819005,212930691.3703953,1,0.07
780,229311785.67374283,227382921.6813678,1,0.07
0,239689544.7482496,239689544.7482496,1,0.2
20,237849745.10385236,242522900.90648925,1,0.2
40,236816702.40179348,241199736.4272928,1,0.2
60,243269874.93652725,244536132.3664978,1,0.2
80,240817370.77357867,240906096.8753342,1,0.2
100,240972044.3649838,241517189.07234907,1,0.2
120,244185808.7739233,243464959.77866185,1,0.2
140,241688260.48031217,242149893.68178087,1,0.2
160,240083904.8724634,242593190.51493675,1,0.2
180,241139777.33807045,240839733.89561495,1,0.2
200,240533572.52222,239895788.2978425,1,0.2
220,241664575.14579457,239888299.93714,1,0.2
240,242796488.212951,242697972.6851291,1,0.2
260,242706667.1927097,242823465.31172535,1,0.2
280,239044321.66824275,240983588.84036624,1,0.2
300,237125993.56815177,239648808.60665405,1,0.2
320,240424378.80456665,241466410.63280547,1,0.2
340,243989635.04816157,243599616.2464333,1,0.2
360,241968072.25359735,242023341.21026313,1,0.2
380,239298250.38708168,237813702.46455556,1,0.2
400,241155009.985171,241282875.4260901,1,0.2
420,243385605.26474237,243740862.55672985,1,0.2
440,243524179.04696685,243559357.17497715,1,0.2
460,241129282.8342493,242413855.51945543,1,0.2
480,239912782.81685865,241576898.67646977,1,0.2
500,240475401.6253454,239652096.1058227,1,0.2
520,234755999.4000747,236368097.46120876,1,0.2
540,243851847.01933032,244533157.1054598,1,0.2
560,239505515.77674305,241879099.34545904,1,0.2
580,243820106.2534305,242802967.94198608,1,0.2
600,242221233.0108857,242999563.14405972,1,0.2
620,242246565.7503252,242944574.4709596,1,0.2
640,240924704.73986295,241909869.9988194,1,0.2
660,238557063.92399225,241852298.45944995,1,0.2
680,238032115.7758136,239285220.66505927,1,0.2
700,240954390.1704455,242520927.58935553,1,0.2
720,233466041.1913147,240333048.81885928,1,0.2
740,239877949.3445616,242439892.73982805,1,0.2
760,236719673.77793592,240067353.5451982,1,0.2
780,235147450.65661585,240833085.79438332,1,0.2
0,47889246.34461664,47889246.34461664,1,0.01
20,29189432.10353498,21295482.661341123,1,0.01
40,7278374.553621173,11245454.275934596,1,0.01
60,29286732.636701323,50712194.71261661,1,0.01
80,28860866.556803025,27423746.68395724,1,0.01
100,20138938.99575436,30488535.020225413,1,0.01
120,22228114.101211473,43403102.52280841,1,0.01
140,15861327.05159842,28170842.72336863,1,0.01
160,42708919.20799449,35928676.672254,1,0.01
180,26736722.954067174,49097629.1131702,1,0.01
200,19186293.4911563,47485758.975569144,1,0.01
220,13248447.865396202,23113183.473819993,1,0.01
240,18347385.907964427,56770291.58563274,1,0.01
260,10228542.184218029,30921883.251535963,1,0.01
280,41814027.920971155,57300135.34151544,1,0.01
300,21471142.30729881,51088348.16769251,1,0.01
320,17865383.954099283,22120323.743100736,1,0.01
340,41867570.24137692,36326541.1387018,1,0.01
360,34813243.2329334,44771294.83996978,1,0.01
380,29428105.35274678,28380587.58106213,1,0.01
400,56563291.18235509,26823216.74968142,1,0.01
420,28647942.43325652,40468293.80580445,1,0.01
440,28822631.276007403,28256145.09144465,1,0.01
460,19970678.8084813,31494189.71723853,1,0.01
480,14445393.018494766,22109551.587554015,1,0.01
500,34028998.9211413,35262504.05389228,1,0.01
520,23763236.220851276,37433452.756833605,1,0.01
540,13180121.828960303,23627728.31474993,1,0.01
560,26439493.453072693,25481153.341127813,1,0.01
580,11997134.426962662,62389562.08193973,1,0.01
600,16278643.018991,15080402.731106311,1,0.01
620,11350791.40749659,31845744.71246154,1,0.01
640,5448111.9669831395,22246673.96801745,1,0.01
660,9319736.41863856,16005940.1758974,1,0.01
680,7962766.883542748,45954717.176561765,1,0.01
700,5797621.203051018,78850704.0986337,1,0.01
720,7020938.581860388,13941080.962403003,1,0.01
740,3741016.062721111,19467384.68487231,1,0.01
760,8963749.729017988,17366327.21226863,1,0.01
780,22299019.080941822,26356166.348143894,1,0.01
0,170933224.77525818,170933224.77525818,1,0.05
20,217918189.2100759,224906814.16159028,1,0.05
40,163460554.4077409,194217804.487037,1,0.05
60,198649169.21016324,193709987.7243911,1,0.05
80,194547920.2041396,187539003.96399093,1,0.05
100,187450985.22867227,210992185.30731216,1,0.05
120,193818153.00743356,213123834.4369911,1,0.05
140,199477219.54385257,207794129.1354484,1,0.05
160,218983675.21053025,213938593.9944521,1,0.05
180,179015246.9795044,216974969.65393364,1,0.05
200,186075085.69495076,212608322.81262127,1,0.05
220,195607131.1118508,192321358.51900005,1,0.05
240,189569610.73551875,198758275.04365885,1,0.05
260,139244576.490479,161823360.7293407,1,0.05
280,187188027.10312927,197575928.2977717,1,0.05
300,181541741.34023947,185959208.55937284,1,0.05
320,170734534.2544676,213233555.30968887,1,0.05
340,214918050.17701548,221567560.94327587,1,0.05
360,210840723.32521057,208390804.94236028,1,0.05
380,218219451.2710042,221804272.33214712,1,0.05
400,185009616.4065749,202302124.19052643,1,0.05
420,181184147.42792425,206405594.96203172,1,0.05
440,205801160.7571653,205829086.62609425,1,0.05
460,126198889.4332948,172144960.53335306,1,0.05
480,116857111.01773742,185841747.1373403,1,0.05
500,213701287.20729455,217926625.22685143,1,0.05
520,151679801.7195753,203231247.395456,1,0.05
540,176434734.12348193,215752584.46821183,1,0.05
560,91895944.64207809,149117581.36090228,1,0.05
580,145971493.85606834,197234438.79841173,1,0.05
600,190256705.2930772,213245007.6213246,1,0.05
620,157069062.36085322,180050054.10671896,1,0.05
640,184356438.27401775,196123844.82344297,1,0.05
660,219431912.29810047,223623771.3153046,1,0.05
680,132039988.68494304,185332604.66340905,1,0.05
700,163746665.53117257,203887232.3010621,1,0.05
720,182848110.2966428,215353887.19608623,1,0.05
740,213865079.03371143,212012705.57114923,1,0.05
760,186825153.46118265,199178973.05110896,1,0.05
780,154352156.15521765,209281927.9585857,1,0.05
0,152272318.55547696,152272318.55547696,1,0.03
20,166145595.25571358,172753757.12030697,1,0.03
40,170667406.83521348,144195515.4902565,1,0.03
60,140076419.02909255,162345693.44452548,1,0.03
80,92029625.16674,169723414.84356397,1,0.03
100,151674588.22797152,179275389.8823982,1,0.03
120,103704655.52267502,165351953.8474344,1,0.03
140,164494228.9537619,170814224.41508204,1,0.03
160,142526860.87019855,172500545.9149706,1,0.03
180,169128515.5633404,176519835.03837013,1,0.03
200,140076277.16093796,161537799.30457896,1,0.03
220,138326089.2578199,151413300.21603143,1,0.03
240,155036533.8657241,166112826.7285625,1,0.03
260,193784438.7191918,181783439.3125025,1,0.03
280,184560087.2119169,177345230.93252,1,0.03
300,121268509.12106729,129348178.39856122,1,0.03
320,162298824.7052058,157804715.49746433,1,0.03
340,144187471.83436272,150144787.37063736,1,0.03
360,120833916.0490332,122397524.78398694,1,0.03
380,115028531.01622376,153381643.94708592,1,0.03
400,116706117.53461458,168007118.46016353,1,0.03
420,128266178.76043887,173742417.61969376,1,0.03
440,154376723.3682855,189102124.19539177,1,0.03
460,100114517.0581527,120764909.78517242,1,0.03
480,100426813.0353483,109574654.9106811,1,0.03
500,155747512.2125675,180387017.8165244,1,0.03
520,81405699.01152469,88823380.28403616,1,0.03
540,131922237.2421058,156566795.18675578,1,0.03
560,190721199.087499,201729059.01316935,1,0.03
580,172168117.4176006,186095421.39722693,1,0.03
600,105126694.08921252,129350193.79680668,1,0.03
620,127837497.52167816,154422535.38687253,1,0.03
640,51815516.37918879,146709135.35146615,1,0.03
660,88103236.69127175,153022383.69990584,1,0.03
680,42931890.60489327,196120812.8943642,1,0.03
700,42722248.407603696,141098484.4790591,1,0.03
720,89982189.2248202,128232623.59749392,1,0.03
740,192005245.59567383,188339967.7324793,1,0.03
760,165586625.54279917,189028422.991789,1,0.03
780,76353943.35571206,149069941.45827255,1,0.03
0,224187566.6194464,224187566.6194464,1,0.07
20,216282549.62740725,207399394.40056592,1,0.07
40,172439016.07465437,224934661.37567103,1,0.07
60,215181904.781916,224016760.46746564,1,0.07
80,211745490.44422853,223972263.62813085,1,0.07
100,161745609.4203471,225358250.0963915,1,0.07
120,185686042.59638363,199584297.82598045,1,0.07
140,214324911.1091429,213473040.96489012,1,0.07
160,199070032.88170812,225537083.415608,1,0.07
180,203259184.77968183,211924530.9705952,1,0.07
200,205083191.1770265,209804024.75068215,1,0.07
220,154793758.99842355,187948304.78679225,1,0.07
240,190021481.4009401,198869470.7637761,1,0.07
260,207239092.67421347,231593560.89747572,1,0.07
280,216117023.1843156,221388554.94568157,1,0.07
300,222202531.29286885,224531175.38254833,1,0.07
320,224684430.2980796,227867247.7221735,1,0.07
340,188406700.62789157,182110398.88219267,1,0.07
360,186020924.995275,206210438.5798115,1,0.07
380,205657546.90118897,217745661.75203663,1,0.07
400,164892151.83318618,229041488.54915327,1,0.07
420,225399406.3227177,228444149.10784945,1,0.07
440,178946709.14525622,203284427.2614485,1,0.07
460,205551830.36908287,208398308.5903017,1,0.07
480,182755639.3869564,172671349.49960414,1,0.07
500,179661153.66707408,179164013.2102059,1,0.07
520,184024985.5772569,214278894.9139656,1,0.07
540,202639676.22288796,202460231.48485672,1,0.07
560,190287174.91533524,182759235.78536996,1,0.07
580,195759910.45769343,222064447.630886,1,0.07
600,213107444.3490601,229231751.46222392,1,0.07
620,161685224.1481257,204477866.83361688,1,0.07
640,194569751.37459064,191190062.7239793,1,0.07
660,209477843.37338457,215880697.56862533,1,0.07
680,217459457.36571765,222809039.03937787,1,0.07
700,197762944.4467383,227464013.25403345,1,0.07
720,201636459.42533624,210381869.58601287,1,0.07
740,187815925.8658422,228555722.5519666,1,0.07
760,220718443.4834385,223438941.7378195,1,0.07
780,195075042.18544728,224120840.9792092,1,0.07
0,238240486.86687863,238240486.86687863,1,0.2
20,220357656.59472683,239561830.07259265,1,0.2
40,231416105.55394292,238613426.1863011,1,0.2
60,241177736.54927295,242329366.98447156,1,0.2
80,239788246.44422576,243386278.7976216,1,0.2
100,237812208.2157929,241315918.41547403,1,0.2
120,239812964.2359206,241659423.19846213,1,0.2
140,231515073.9365784,235085328.995551,1,0.2
160,237442613.50183064,241821419.67397797,1,0.2
180,222454923.77985063,236757609.0795799,1,0.2
200,242295783.774184,241209222.90145025,1,0.2
220,236566522.82938775,241000570.2747657,1,0.2
240,242307046.4435805,243350835.88449356,1,0.2
260,241707622.30577844,242179210.059129,1,0.2
280,240475497.26083335,239946245.192893,1,0.2
300,242563435.3974023,243686006.66896695,1,0.2
320,241192100.3121777,240695810.46924236,1,0.2
340,243254888.76494,243960133.66461617,1,0.2
360,243006641.3289996,243228880.66277203,1,0.2
380,236512695.9025545,243010713.2783785,1,0.2
400,238406390.77813,240595225.39098665,1,0.2
420,245059907.67011476,243667478.1663871,1,0.2
440,241492899.33471227,239707017.6865609,1,0.2
460,238646713.29439127,240529539.72132477,1,0.2
480,242410534.83403516,242418991.47845083,1,0.2
500,233617844.85461637,232723776.2964637,1,0.2
520,240112495.07324547,240645548.7019135,1,0.2
540,244500482.94281733,244224588.66504568,1,0.2
560,239231986.54986575,242641062.3037537,1,0.2
580,240492630.38109252,244309387.27446613,1,0.2
600,239564911.35535297,240630453.41758427,1,0.2
620,238960836.78430825,242909250.68253225,1,0.2
640,240003605.9582373,238542864.5815852,1,0.2
660,238147831.91286764,240840644.43719828,1,0.2
680,241619832.1762638,241141006.5564457,1,0.2
700,240238595.77390504,242751105.00301975,1,0.2
720,242331220.31156367,242386175.75120145,1,0.2
740,242261963.6512115,242956937.74275187,1,0.2
760,240914008.6485035,240018489.0716625,1,0.2
780,232077603.8188796,239253868.92161003,1,0.2
0,326386335.6199752,326386335.6199752,5,0.017
20,306899610.38731873,332165712.9759151,5,0.017
40,302006042.7117778,337302183.79913,5,0.017
60,288862325.76647145,339826406.9588994,5,0.017
80,290084221.8433368,337756254.5494934,5,0.017
100,321637259.87909883,340907022.6563678,5,0.017
120,323860346.3207339,339193018.4519561,5,0.017
140,325331409.25653523,338253307.3168556,5,0.017
160,329541570.17713857,339255925.2259808,5,0.017
180,328608533.46898085,340249805.0889407,5,0.017
200,330448312.2227872,339691172.9430608,5,0.017
220,329326700.1957866,339720914.7559556,5,0.017
240,328971266.7899464,338658909.3103759,5,0.017
260,327504774.1988404,338851373.09515774,5,0.017
280,323759441.4488043,336079461.6016011,5,0.017
300,324874161.6238085,337725726.7690965,5,0.017
320,324277553.21928966,337065238.15322626,5,0.017
340,327695483.1857183,334669090.30677694,5,0.017
360,325000073.6176275,334243560.74085665,5,0.017
380,328729472.02604866,335742442.0652189,5,0.017
400,329327181.4781486,338442260.2476828,5,0.017
420,328996229.94578695,338491697.302984,5,0.017
440,332300879.1977487,340674895.81687343,5,0.017
460,320030053.3424653,332376532.71563494,5,0.017
480,315201121.87884915,336048095.7245973,5,0.017
500,312673093.6877902,336905212.3414141,5,0.017
520,321244768.40591276,338739263.0902833,5,0.017
540,329828626.24490535,337881674.0833132,5,0.017
560,327409066.9669547,339721256.36389655,5,0.017
580,317487954.47340775,333666592.34575975,5,0.017
600,310384091.25847614,334796634.53689986,5,0.017
620,312251504.4497831,338314643.63602483,5,0.017
640,301967704.9503469,339833743.9972683,5,0.017
660,307779277.9550323,335913300.6227392,5,0.017
680,313281344.4937485,339960022.66445917,5,0.017
700,296182057.75515944,337295059.95500386,5,0.017
720,305568083.4592968,336798733.09124017,5,0.017
740,270899913.6119157,339376901.1908777,5,0.017
760,277315677.1379352,336425948.3278092,5,0.017
780,254445496.59366328,336055458.86912155,5,0.017
0,327658951.8871199,327658951.8871199,5,0.017
20,330267574.96970654,337965666.6225686,5,0.017
40,334546276.73792493,340563879.09774244,5,0.017
60,327568586.1395849,340050544.6148332,5,0.017
80,328906388.64310133,340334905.5009191,5,0.017
100,328036745.55620456,339110326.19989884,5,0.017
120,324603826.7242696,339050295.6710969,5,0.017
140,331290594.0738749,338785447.70058745,5,0.017
160,316620060.08866036,336070233.661374,5,0.017
180,320244637.26501906,335242766.70895934,5,0.017
200,317444305.8305847,334805915.8202911,5,0.017
220,318431337.046484,338141205.97068757,5,0.017
240,329398508.61321646,337381420.89933103,5,0.017
260,328061987.4742869,335487413.13781905,5,0.017
280,324834151.38048095,338257550.60851955,5,0.017
300,322931737.71787006,336370222.5285018,5,0.017
320,328562914.06188166,337286074.492583,5,0.017
340,326254687.31448674,336333997.5228449,5,0.017
360,331268751.07653594,336943320.44231665,5,0.017
380,334746162.829577,338989034.48787946,5,0.017
400,329026071.4982387,338664863.48593557,5,0.017
420,327646292.3938166,339427992.7678441,5,0.017
440,317888096.741291,332848419.734782,5,0.017
460,323124599.5978715,337145929.94623923,5,0.017
480,321792478.18181294,337765310.0284175,5,0.017
500,316057220.9850564,334729791.67776275,5,0.017
520,325177880.9248774,336948052.52544236,5,0.017
540,325503479.492293,336061288.5740169,5,0.017
560,331985161.6538213,337972362.3522126,5,0.017
580,331720527.2490181,339183263.0503129,5,0.017
600,335597828.12212014,338933779.39696115,5,0.017
620,333005970.1527671,339715348.49651825,5,0.017
640,332464096.6063051,341273633.4770073,5,0.017
660,330847617.40834755,336890360.5487927,5,0.017
680,320277217.2204036,337087189.9771347,5,0.017
700,311216946.30859077,337142570.2958715,5,0.017
720,318581572.1455939,336905977.5868031,5,0.017
740,319772783.1126565,337570728.3548257,5,0.017
760,325078317.98569,338744300.5670942,5,0.017
780,331292622.2103572,337922493.49906814,5,0.017
0,227509043.425229,227509043.425229,5,0.01
20,231591009.90852025,338636457.09370923,5,0.01
40,236354567.06707424,338257932.7830172,5,0.01
60,242642170.3554107,338154640.54212433,5,0.01
80,253819020.7788211,339293919.82686365,5,0.01
100,261766620.03164455,339361105.2542329,5,0.01
120,264372126.1791477,339578183.36919093,5,0.01
140,265912145.32526055,340085635.8801952,5,0.01
160,272011984.0409666,339869935.8363928,5,0.01
180,277648408.7628938,339892851.10583705,5,0.01
200,282222289.0616129,340591299.9245949,5,0.01
220,283402084.9237711,340422111.6845422,5,0.01
240,281767316.8143216,340269355.3754429,5,0.01
260,280169643.9698482,340306594.0431404,5,0.01
280,277515520.867163,339409405.0090454,5,0.01
300,273285908.5431691,338983926.03680897,5,0.01
320,266724784.44883603,339489997.84205586,5,0.01
340,257041838.3258083,338948508.7593388,5,0.01
360,245922067.34147304,339106088.00329435,5,0.01
380,238473713.70362583,340014828.4339822,5,0.01
400,233522207.64025396,340152959.4445028,5,0.01
420,225891695.41712895,340315428.833172,5,0.01
440,216740227.4711748,340941116.67104554,5,0.01
460,212933492.15908313,340772237.9151256,5,0.01
480,211697229.9090788,341173770.2773597,5,0.01
500,210800596.94666165,342223785.3048955,5,0.01
520,210645912.8367076,341807692.40140665,5,0.01
540,206606070.5051642,340331882.66076964,5,0.01
560,201976145.4149987,339445971.93074614,5,0.01
580,198883598.04016185,338930870.46683663,5,0.01
600,193388526.01250985,338136739.49080545,5,0.01
620,195257032.64862293,339021913.3557074,5,0.01
640,205219250.85806465,339179530.1627071,5,0.01
660,212302768.42096245,338356204.3015011,5,0.01
680,216236584.00878972,338901561.0909454,5,0.01
700,220129008.75546888,338327900.86901385,5,0.01
720,230047141.23026803,337501760.5754536,5,0.01
740,241959837.93678647,338377438.54348546,5,0.01
760,250527935.48976263,338452107.65424854,5,0.01
780,253533016.32553345,338450275.3909869,5,0.01
0,355889642.28126967,355889642.28126967,5,0.05
20,356284952.1332567,357117928.5644482,5,0.05
40,356714286.32371354,357293703.46273935,5,0.05
60,356679856.5403158,357197062.37048,5,0.05
80,356378859.35052973,357512746.5058266,5,0.05
100,356406608.8552487,357235518.7436282,5,0.05
120,356596756.91698647,357497390.324589,5,0.05
140,355634753.71786773,357360341.2854156,5,0.05
160,356258133.10798657,357363618.3801123,5,0.05
180,356223078.8879496,357313478.11902225,5,0.05
200,354580194.01800084,356752926.3554908,5,0.05
220,355148689.47252274,356411774.2911068,5,0.05
240,353978557.8331238,355765005.5552184,5,0.05
260,354284031.1357179,356541782.24319446,5,0.05
280,354390305.8481855,356576689.01743144,5,0.05
300,354435110.91986287,356858260.9911189,5,0.05
320,353588085.6558898,356727616.1952935,5,0.05
340,355122373.6511962,356571668.7862319,5,0.05
360,355978364.9231903,356971207.5976925,5,0.05
380,354590575.1307791,357133708.58197474,5,0.05
400,354903971.8297893,357052059.4138919,5,0.05
420,355012264.2319522,357573320.38338256,5,0.05
440,356215015.084043,357736213.83806187,5,0.05
460,356589939.13928926,357735453.20791924,5,0.05
480,355293914.96240085,357852179.02960503,5,0.05
500,355281571.64255,357712194.5008124,5,0.05
520,356181989.5994797,357469456.6789851,5,0.05
540,356500925.0663464,357683704.61103505,5,0.05
560,355765853.43000114,357344814.6316387,5,0.05
580,355347298.095426,356898866.5082938,5,0.05
600,355453250.6439487,356457864.32718444,5,0.05
620,355089540.3078751,357008733.2945637,5,0.05
640,355954642.4999819,357108769.139713,5,0.05
660,355824930.86131895,356710737.0957787,5,0.05
680,355454059.50863564,356827674.497398,5,0.05
700,355863715.1568357,356753775.87303287,5,0.05
720,356391433.37202203,357347067.9457493,5,0.05
740,356062850.8008963,357766060.55924267,5,0.05
760,355890490.26942056,357444460.64785945,5,0.05
780,355784243.5928837,357689978.65885913,5,0.05
0,345131664.4875098,345131664.4875098,5,0.03
20,344208814.1722417,353895960.12653744,5,0.03
40,346216799.725854,354479828.03732497,5,0.03
60,344926721.5767964,354619562.93141854,5,0.03
80,346023585.90911615,354248241.48678935,5,0.03
100,345137570.12356275,354288418.5724184,5,0.03
120,347451198.7501577,354508621.4106423,5,0.03
140,346534940.1447486,354080995.3672169,5,0.03
160,348868995.37660915,355027462.00085735,5,0.03
180,347334492.01077694,354349576.9350711,5,0.03
200,348035013.707358,354278226.43140405,5,0.03
220,346787112.2104912,354231969.4100632,5,0.03
240,344678559.21199733,352808836.80326474,5,0.03
260,347185406.1539044,353788150.3704325,5,0.03
280,346881408.4144153,354040356.9288838,5,0.03
300,348470919.3802927,353944854.64247227,5,0.03
320,346474584.5218491,353288657.24183416,5,0.03
340,346004682.19667953,352940999.8656485,5,0.03
360,346444156.18894684,353494835.5745487,5,0.03
380,346502351.80847394,353810680.1038266,5,0.03
400,346738956.1818085,353840007.0185004,5,0.03
420,344442865.2962173,353559566.66024464,5,0.03
440,343344126.010867,352948152.36282593,5,0.03
460,344516299.18327934,354070765.00565934,5,0.03
480,343422683.7667291,354181651.4606001,5,0.03
500,348069245.1739659,353965976.9255995,5,0.03
520,346284990.41445947,354321790.2550883,5,0.03
540,347204502.6977788,354340258.3660794,5,0.03
560,345514565.3055676,354805218.9618956,5,0.03
580,347457064.5112894,354398161.18072027,5,0.03
600,350072397.6061219,354721651.7013832,5,0.03
620,348754042.27883446,355044518.8878071,5,0.03
640,348984473.4279559,355099719.20825493,5,0.03
660,348956606.03026724,354334204.9610346,5,0.03
680,350327900.7508695,354387117.7383842,5,0.03
700,349938933.11733687,354705062.0302907,5,0.03
720,348145931.1031357,354364949.1961802,5,0.03
740,350597243.7599609,354525445.5933218,5,0.03
760,350134589.5816064,354116727.14357984,5,0.03
780,350229718.3552182,353967678.6821701,5,0.03
0,357415022.0579821,357415022.0579821,5,0.07
20,357165532.85308784,358337267.54883474,5,0.07
40,357523299.7936334,358770800.1566914,5,0.07
60,358278356.22859395,358660283.86501765,5,0.07
80,358178398.7265452,358676548.25011176,5,0.07
100,358153284.32930243,358497510.8576076,5,0.07
120,357808731.5298208,358604411.6701335,5,0.07
140,358086949.602718,358653686.4314522,5,0.07
160,357235969.5180972,358530280.63245237,5,0.07
180,357435294.309235,358259967.5841983,5,0.07
200,357252634.1923431,358603027.34639144,5,0.07
220,357119056.20823854,358222557.8773203,5,0.07
240,357234506.71419543,358224813.03543955,5,0.07
260,356941776.41313696,358099192.21494955,5,0.07
280,356329274.72206587,358045398.9011524,5,0.07
300,357156459.30494684,358477838.2337555,5,0.07
320,357488931.45267224,358740223.42479724,5,0.07
340,357918575.92252994,358542316.7882575,5,0.07
360,357677704.0537432,358559169.4594733,5,0.07
380,357636997.9459539,358480672.407586,5,0.07
400,357453055.95364654,358398703.375172,5,0.07
420,357630689.3659574,358637370.1379416,5,0.07
440,358171378.8739434,358989565.21221364,5,0.07
460,358584761.0992219,359088417.2530304,5,0.07
480,358672442.10940754,359263346.49150217,5,0.07
500,357844994.70970964,358809041.57901585,5,0.07
520,357887997.63694537,358593396.9618913,5,0.07
540,357879817.1111283,358855329.6123709,5,0.07
560,358220422.3093548,358761131.92469317,5,0.07
580,357236014.77298045,358163768.6116488,5,0.07
600,357462793.5274123,358323977.19197994,5,0.07
620,357763719.0697259,358429733.5210788,5,0.07
640,357194866.4208199,358664030.94148034,5,0.07
660,357199243.2812747,358578770.2123133,5,0.07
680,357603368.67506146,357951533.1860883,5,0.07
700,356359989.8570079,358032604.0954319,5,0.07
720,357059173.4296032,357850685.99688804,5,0.07
740,356670878.30886966,357226911.26374304,5,0.07
760,356409013.33728975,357637000.96796656,5,0.07
780,356865931.8618795,358047663.4734663,5,0.07
0,360043480.107368,360043480.107368,5,0.2
20,360707894.7423769,360585593.1116379,5,0.2
40,360754874.7705875,360500814.4598634,5,0.2
60,360427449.2427794,360532048.4165165,5,0.2
80,360181772.3914181,360366010.078844,5,0.2
100,359788761.5520538,360052770.710434,5,0.2
120,359986682.692546,360406526.3819654,5,0.2
140,360309144.5565345,360418141.0872891,5,0.2
160,360484815.2626941,360508104.3093119,5,0.2
180,359769884.06377244,360242537.8589345,5,0.2
200,360118721.9079248,360405201.69324267,5,0.2
220,359929611.6537633,360312514.145004,5,0.2
240,360130112.99142265,360383683.4583527,5,0.2
260,360312789.58462095,360556848.5848918,5,0.2
280,360098611.2926074,360421317.4951879,5,0.2
300,360420408.09145486,360515959.4287241,5,0.2
320,360878302.1038941,360703292.8010343,5,0.2
340,360629501.5480219,360690151.2149625,5,0.2
360,360585918.35019153,360769597.4399798,5,0.2
380,360817148.4541946,360736173.7361699,5,0.2
400,360821943.180511,360567312.8517195,5,0.2
420,360806021.9787331,360571428.7962316,5,0.2
440,360627594.71545386,360583452.84761226,5,0.2
460,360584732.9291494,360577460.9834595,5,0.2
480,360621343.1293306,360398924.4809312,5,0.2
500,360941992.03403413,360631221.0861382,5,0.2
520,360916877.45167005,360495629.7740903,5,0.2
540,360454223.9181763,360380862.4698358,5,0.2
560,360783788.2776456,360639178.2551089,5,0.2
580,360609131.92718863,360379103.89139056,5,0.2
600,360585270.1524048,360502420.29060256,5,0.2
620,360749005.2269693,360599460.8742124,5,0.2
640,360768344.5384196,360597819.3420584,5,0.2
660,360518518.5448916,360349258.53024375,5,0.2
680,360903463.0225693,360690600.5311281,5,0.2
700,360516248.04340863,360285112.81057554,5,0.2
720,359999697.68902147,360262355.4257289,5,0.2
740,360486963.5534488,360638717.10049486,5,0.2
760,360462864.55619264,360527719.51317835,5,0.2
780,360536909.5724075,360526400.9874371,5,0.2
0,3741986.828721794,3741986.828721794,1,0.01
20,3904398.778256147,195501252.74251863,1,0.01
40,5336243.400057982,215416801.35449675,1,0.01
60,6758114.5650369935,207439301.4529068,1,0.01
80,7715533.930400888,215107617.5707208,1,0.01
100,8258005.411798792,214125066.38225025,1,0.01
120,7760375.420057531,214705749.8657276,1,0.01
140,6755899.814846981,219106108.4917983,1,0.01
160,6289537.743996798,218511759.39953375,1,0.01
180,6554934.479229844,214707129.39016467,1,0.01
200,6466203.9006427415,212656524.9159292,1,0.01
220,6899354.599073784,211813713.98231736,1,0.01
240,7933662.881150009,216775785.1238432,1,0.01
260,9225909.601472683,212631001.5785305,1,0.01
280,9353433.3650368,210648981.2181626,1,0.01
300,8341307.189536713,214563008.490655,1,0.01
320,8061943.988810566,213310847.4885068,1,0.01
340,9751408.336831031,215493365.2139817,1,0.01
360,13406474.073821198,216686784.08056104,1,0.01
380,18289240.952548012,218346544.8746648,1,0.01
400,24186006.194786124,217235230.29067895,1,0.01
420,25705308.51958579,219232427.3219673,1,0.01
440,22783050.562726237,218523828.7270609,1,0.01
460,19352940.59721754,218221024.829728,1,0.01
480,17283243.594811987,217989164.71725625,1,0.01
500,15223645.962724894,217527555.29859468,1,0.01
520,13976389.61148195,218329862.54275244,1,0.01
540,13821260.893454203,220506925.1188687,1,0.01
560,14809531.607178437,219293320.80508387,1,0.01
580,16002239.546722122,217659763.15194517,1,0.01
600,15513548.46283784,218403414.88975185,1,0.01
620,14871599.003345553,219228019.41192663,1,0.01
640,18197146.87531875,216974745.68411988,1,0.01
660,23322000.045605153,215006518.39215875,1,0.01
680,30491366.718153104,217354184.6888184,1,0.01
700,38009778.92379215,217627804.6607264,1,0.01
720,43265276.89692066,218077727.71854177,1,0.01
740,43247281.674940854,217275146.42863333,1,0.01
760,40439984.70708804,219782852.1703317,1,0.01
780,39958847.1433412,218676792.26717213,1,0.01
0,198673152.85284036,198673152.85284036,1,0.05
20,185149189.2468375,239231880.13882196,1,0.05
40,193412038.02981365,236880713.4043229,1,0.05
60,217245373.97150525,237563801.69006717,1,0.05
80,215393008.52810943,237500256.25006995,1,0.05
100,203918820.7362435,234689928.23934424,1,0.05
120,211253047.96421003,237982123.9436819,1,0.05
140,209350564.90376663,238060094.97075883,1,0.05
160,203926256.22553813,234341615.06864575,1,0.05
180,198320309.53245324,236912184.92488736,1,0.05
200,185626101.96400616,237421237.43876985,1,0.05
220,174704751.02763748,233681940.5024705,1,0.05
240,169097409.06761086,233769666.16380337,1,0.05
260,172475258.4552208,231598651.2779482,1,0.05
280,197326921.78625852,231504253.94960564,1,0.05
300,199402126.20995745,232576713.8507247,1,0.05
320,200294833.985912,232765688.5614413,1,0.05
340,212579690.3380453,233118879.42961183,1,0.05
360,200577511.42820436,233186273.00375384,1,0.05
380,169493703.86550513,234475019.671374,1,0.05
400,135601666.1576422,236400975.91901493,1,0.05
420,147153009.01583898,232981703.27133664,1,0.05
440,170118411.2364566,233585012.37241644,1,0.05
460,171496171.1786973,232757773.0885443,1,0.05
480,190938138.22930765,234686626.15368932,1,0.05
500,202229884.52252072,234575113.22694457,1,0.05
520,196338184.32894605,235569906.85891068,1,0.05
540,201271937.79017276,237332965.72778395,1,0.05
560,179726379.0109314,235551757.98582575,1,0.05
580,167491224.56248954,232505139.3866763,1,0.05
600,180471339.48092175,235339796.33442724,1,0.05
620,176250187.34289283,234352891.3284915,1,0.05
640,185080680.09604377,232626655.23869133,1,0.05
660,190212554.82551557,230586736.2093584,1,0.05
680,194003700.24815544,234038175.51249337,1,0.05
700,181761775.92396396,235789280.170487,1,0.05
720,181782344.3157159,235924491.4912173,1,0.05
740,148515496.39603367,232449578.84719416,1,0.05
760,134707394.56257704,235208552.92467305,1,0.05
780,132126851.39960729,235760014.0070389,1,0.05
0,145263176.8972815,145263176.8972815,1,0.03
20,162194038.0184522,235420805.93065476,1,0.03
40,161776475.004866,232556217.92564884,1,0.03
60,139250393.98570833,232748588.40439135,1,0.03
80,102500176.35355784,232587323.03112623,1,0.03
100,92520804.7049794,227895935.92920008,1,0.03
120,103858790.63291895,225302691.91352236,1,0.03
140,85333926.2683415,222846257.7353977,1,0.03
160,71657653.84460126,225147949.12072265,1,0.03
180,90004728.63510442,225677609.648448,1,0.03
200,128838560.38476548,227484376.31221423,1,0.03
220,125555791.30808298,228092017.62284788,1,0.03
240,113849343.7625832,227323791.2171191,1,0.03
260,123949793.60179149,227785795.60764003,1,0.03
280,142558661.1671935,230205507.5255205,1,0.03
300,159451867.22912806,232534294.08351696,1,0.03
320,180117592.31582105,235131378.4086401,1,0.03
340,182370046.4201488,233842476.49347743,1,0.03
360,148122912.8315525,233766309.85920885,1,0.03
380,112319784.24408132,232711646.13194633,1,0.03
400,92471390.36177844,233144753.3291003,1,0.03
420,91675614.33561537,233978862.25090697,1,0.03
440,90073730.65027112,233839169.34531057,1,0.03
460,107306913.07654768,234346905.15232277,1,0.03
480,147753683.04802248,235649987.26152676,1,0.03
500,174689819.97976172,235698196.53901145,1,0.03
520,177403064.31870222,236272233.39239377,1,0.03
540,180184132.84412083,236994554.83140987,1,0.03
560,180417311.90000683,236171758.91048223,1,0.03
580,173751393.73543146,235378332.71656105,1,0.03
600,168706256.82208127,234974244.9290065,1,0.03
620,158248265.48783028,234745100.7368183,1,0.03
640,139740529.5275215,234231049.67827263,1,0.03
660,117640109.81558555,230881819.54284596,1,0.03
680,97116198.00370428,229474219.6281671,1,0.03
700,93478364.00825644,226877771.53725633,1,0.03
720,95173894.39380436,225524737.8879859,1,0.03
740,108244634.8707219,228363477.12526733,1,0.03
760,134745264.5809607,229008415.77297345,1,0.03
780,149988022.28809875,232578164.08294627,1,0.03
0,170870650.7605693,170870650.7605693,1,0.07
20,194834694.94572532,233073427.6923704,1,0.07
40,225904066.6608565,235454642.18278983,1,0.07
60,222855353.2470138,239297164.16036505,1,0.07
80,222625902.5106985,236404859.55826,1,0.07
100,220700173.31243652,236827881.6617057,1,0.07
120,217649098.33796605,239027557.40639928,1,0.07
140,209093751.14111975,237259737.0295251,1,0.07
160,212373718.17925045,238864171.00298223,1,0.07
180,222522389.61745483,239626777.16339663,1,0.07
200,229014387.3914619,240926657.4412647,1,0.07
220,230270300.5420144,240056560.45496857,1,0.07
240,222911867.41015,239873979.78890225,1,0.07
260,211230873.53568053,237828816.34932065,1,0.07
280,223361852.31541765,239013038.9329141,1,0.07
300,223177745.27137285,237142441.85767144,1,0.07
320,221248996.0720083,239580278.69551936,1,0.07
340,226260030.0958576,239885634.07315224,1,0.07
360,226921269.87353447,238679483.86212787,1,0.07
380,221805042.70839465,238488891.21408868,1,0.07
400,209327473.69611788,235829962.16712183,1,0.07
420,201038690.96239316,235481659.47095105,1,0.07
440,208954817.04115167,235283000.51160705,1,0.07
460,199518163.9066992,236698568.38113344,1,0.07
480,213626054.77578592,238124454.3035085,1,0.07
500,206349800.431833,237873212.801561,1,0.07
520,200626375.0756069,240002996.38097665,1,0.07
540,190134675.4758243,233674514.6252568,1,0.07
560,192286618.82120505,230249658.01521885,1,0.07
580,188898121.0227285,229606036.5266509,1,0.07
600,211814398.70233735,233517682.2102504,1,0.07
620,212540268.42359367,237569209.98442715,1,0.07
640,224457530.0378873,240121862.1132286,1,0.07
660,230478569.558808,237230080.4920596,1,0.07
680,214608672.3347218,237110235.8043441,1,0.07
700,229081911.9591921,239217959.57204103,1,0.07
720,223472770.445995,239001682.07754588,1,0.07
740,211471476.97657427,238849831.82886988,1,0.07
760,199872059.099417,234536266.80603305,1,0.07
780,180180281.51545772,234560683.21079493,1,0.07
0,243750978.76503143,243750978.76503143,1,0.2
20,239671283.4519027,240372342.44035697,1,0.2
40,242806528.0196309,243669066.8666563,1,0.2
60,241209972.6668815,241762487.1222502,1,0.2
80,242987300.54293975,243963994.5920979,1,0.2
100,242211245.03412923,244276608.55269107,1,0.2
120,240270891.4088857,241762235.6064695,1,0.2
140,239300100.2513771,242418504.0727099,1,0.2
160,239843817.51787055,244247155.23270965,1,0.2
180,242228550.93008012,243592372.2615287,1,0.2
200,242472968.5469531,244259305.7062163,1,0.2
220,238734046.26111647,242452943.65050977,1,0.2
240,241315474.8365319,242197965.83926988,1,0.2
260,239031494.47415847,242541580.47593677,1,0.2
280,237571616.2677223,241226438.59956148,1,0.2
300,242685606.0532978,242855508.18389252,1,0.2
320,240389542.4502104,241508938.52834243,1,0.2
340,240502319.0528926,243318981.7095051,1,0.2
360,242882586.69187889,243913967.2924148,1,0.2
380,239209123.2925767,242488454.95938405,1,0.2
400,241384623.33126107,243742588.7267558,1,0.2
420,238669385.2594335,241363661.56362697,1,0.2
440,242932039.08356827,243700223.123666,1,0.2
460,241230689.97100616,243384569.33745816,1,0.2
480,242412441.6305502,243871501.9736123,1,0.2
500,241279648.15569204,242826340.6060297,1,0.2
520,241501361.18988615,240099294.7929892,1,0.2
540,242040752.3336095,243458277.11858463,1,0.2
560,242983734.31597093,243891786.04556185,1,0.2
580,235671118.43697044,240845842.22708857,1,0.2
600,233668333.029022,241810208.19180244,1,0.2
620,241416618.6525604,241821608.4877946,1,0.2
640,240058397.3460001,242146966.4179519,1,0.2
660,239769730.54795524,239863235.63762257,1,0.2
680,241666364.20281833,243128032.9642909,1,0.2
700,244162944.84390813,244027305.91576892,1,0.2
720,236454538.32800156,241803242.94506383,1,0.2
740,241733176.62992373,242188469.55222657,1,0.2
760,240086793.67429608,242443515.12507248,1,0.2
780,238034904.9896756,241204521.06281257,1,0.2
0,7047164.598945539,7047164.598945539,1,0.01
20,7056802.663254788,218464541.71420723,1,0.01
40,6617323.1477938155,217067926.11808372,1,0.01
60,6277503.047037968,218131237.93077952,1,0.01
80,6426373.030030966,218385405.20824745,1,0.01
100,5888633.99273135,220146906.50773028,1,0.01
120,4741406.038469551,218847775.9655952,1,0.01
140,4203307.817637192,218701948.4346168,1,0.01
160,4297707.052179633,217674830.67927712,1,0.01
180,5302544.278771672,218710183.3500328,1,0.01
200,6862287.895595379,218478536.4847592,1,0.01
220,8050869.479123002,220348224.86501104,1,0.01
240,9207528.098188072,221711405.75099927,1,0.01
260,10385093.399648951,220136319.64876875,1,0.01
280,12011243.15253068,220338111.3867768,1,0.01
300,15237773.338564431,222449076.9796543,1,0.01
320,17494646.630369015,221623232.903943,1,0.01
340,16219508.60707188,223239237.56725657,1,0.01
360,15035629.543023655,223523848.03152412,1,0.01
380,15369330.193204582,223080332.52349493,1,0.01
400,15898089.539752854,223577539.8644719,1,0.01
420,16924353.382191055,224996633.18575215,1,0.01
440,18400607.36868538,223891132.49479997,1,0.01
460,19274834.749644056,223141504.4925415,1,0.01
480,18807277.11171285,223737041.894202,1,0.01
500,16129525.652082544,223813501.3492219,1,0.01
520,15194411.601544462,222845109.44001985,1,0.01
540,15573640.995515352,222924042.9681896,1,0.01
560,17730176.255778357,222712419.46521628,1,0.01
580,19697913.298895247,223936347.61116928,1,0.01
600,20136874.574834563,224690772.02228495,1,0.01
620,18482328.883377865,224459853.8827044,1,0.01
640,16398737.95305518,221116708.9451502,1,0.01
660,15175124.843839103,223242242.80565813,1,0.01
680,14634334.343116648,222768405.56573397,1,0.01
700,13214288.451721802,222679920.67382592,1,0.01
720,11585562.919929972,224206618.4411915,1,0.01
740,10091746.62247658,223085012.06573257,1,0.01
760,9042427.599878956,221680348.6757964,1,0.01
780,9210118.588357694,222500510.6903342,1,0.01
0,196311813.5585869,196311813.5585869,1,0.05
20,207181810.17081833,237124686.75297928,1,0.05
40,214743154.65551695,236374543.385161,1,0.05
60,204759804.24813712,235264718.9753207,1,0.05
80,196341519.0939029,233941870.96600303,1,0.05
100,209508861.9231662,234340509.70364457,1,0.05
120,193835334.59565333,232872581.34671897,1,0.05
140,202937083.02501225,232870485.2834081,1,0.05
160,204091092.62336284,234460085.68973944,1,0.05
180,202432911.72762397,233860126.00929004,1,0.05
200,217160395.340781,236084778.316512,1,0.05
220,227959926.47466284,239677229.8837431,1,0.05
240,223279768.93878743,239214056.84400505,1,0.05
260,207761271.42158708,238649285.38163817,1,0.05
280,186511802.5318616,234585868.1283355,1,0.05
300,170064382.82142994,231913969.8704634,1,0.05
320,161894705.25390357,233599710.240035,1,0.05
340,195992448.78893232,234126235.55227232,1,0.05
360,190722876.97312152,235278312.56900564,1,0.05
380,182697810.30843472,237934278.33426708,1,0.05
400,178933648.60993153,240323642.5903312,1,0.05
420,183635869.3812295,239682701.44888845,1,0.05
440,190982824.3535059,236974036.7142412,1,0.05
460,188699639.7544644,238808564.11678275,1,0.05
480,184780660.97947133,237499068.29894507,1,0.05
500,174138530.81368893,235127368.59466857,1,0.05
520,164398892.6591558,234078805.16642743,1,0.05
540,179802984.29449254,232674183.1874276,1,0.05
560,180880440.12979728,232736817.0128536,1,0.05
580,177368353.1055251,231668179.25256908,1,0.05
600,179015040.051377,231179201.08640563,1,0.05
620,203826666.9137127,235624828.00176668,1,0.05
640,215166184.89569092,238884541.97032917,1,0.05
660,215669318.23122752,237594477.40464664,1,0.05
680,198409008.9784425,236633352.55806157,1,0.05
700,194258219.45220488,237822794.8515153,1,0.05
720,198052022.58908248,237755610.47636983,1,0.05
740,172651758.34401473,236192411.49452063,1,0.05
760,170093388.70611793,232250352.5868675,1,0.05
780,177676850.41925946,232853552.40016776,1,0.05
0,115860467.18877378,115860467.18877378,1,0.03
20,89345511.46413323,225882047.6577154,1,0.03
40,51937067.90621408,227538860.8342752,1,0.03
60,59556402.612622686,229065272.23816532,1,0.03
80,76802224.62912786,232124529.21994612,1,0.03
100,84160940.43101127,232202517.5435232,1,0.03
120,97359879.6066471,229705851.3576024,1,0.03
140,97130807.8151424,229377308.77452952,1,0.03
160,112038306.2793983,232661639.56228212,1,0.03
180,125623731.68384887,230014155.85404205,1,0.03
200,136775773.40363896,230893567.97961563,1,0.03
220,149008381.87073937,231173376.7070375,1,0.03
240,159333508.16623706,235777413.1605601,1,0.03
260,169164664.4380192,236313316.0809151,1,0.03
280,163231597.2283882,235458972.39709544,1,0.03
300,167144268.46722233,233085148.38733143,1,0.03
320,165960942.9677502,234742568.00578725,1,0.03
340,164453158.59781757,236373902.29252964,1,0.03
360,163472571.76099688,234055642.54214013,1,0.03
380,159137070.07833672,232753485.61422724,1,0.03
400,145721465.17903888,231186627.79499996,1,0.03
420,139720906.30258715,231137845.74334055,1,0.03
440,145744461.50258413,231582663.37590745,1,0.03
460,140658939.72912037,227241009.7729485,1,0.03
480,122204532.84372564,224135573.77025744,1,0.03
500,108062325.05528691,224502963.29039055,1,0.03
520,109916219.1294136,228497357.45847908,1,0.03
540,131001095.20820417,228698343.73410064,1,0.03
560,136829212.80324876,228195208.40365577,1,0.03
580,138640135.41432416,232779216.88576463,1,0.03
600,155970704.1808655,235080130.6799928,1,0.03
620,170974287.9197982,235674613.70825145,1,0.03
640,182308784.6314565,236080303.6633941,1,0.03
660,178363713.17870772,231944302.89147457,1,0.03
680,151197592.51225087,229173910.6460432,1,0.03
700,135596869.23243678,230780268.8185184,1,0.03
720,108133110.10626803,230181021.1182367,1,0.03
740,81322765.98393977,227586651.57758313,1,0.03
760,68337967.58765334,228117278.01359192,1,0.03
780,92628955.75953215,228278232.1823384,1,0.03
0,217687713.40166783,217687713.40166783,1,0.07
20,222045436.2083656,240284599.55020517,1,0.07
40,219836828.70224223,240603609.61213335,1,0.07
60,225878507.37863332,240875750.23814535,1,0.07
80,218084512.71171808,238208670.20100865,1,0.07
100,214904038.68468717,234554973.6726986,1,0.07
120,213837098.2626743,231746230.98179615,1,0.07
140,201504374.03987733,232864506.31963217,1,0.07
160,171962908.95715457,234639583.1830991,1,0.07
180,154641221.43130794,235461440.5170077,1,0.07
200,170983182.68361926,234551099.61239997,1,0.07
220,170273192.0566409,231319386.13309392,1,0.07
240,185093289.41987,236841819.02939823,1,0.07
260,207635331.00264293,238042533.6054769,1,0.07
280,211665405.1290616,240108780.67168415,1,0.07
300,215084096.439305,239884363.86152455,1,0.07
320,214062112.31980985,238801206.8709308,1,0.07
340,187924213.2299546,236471809.1617521,1,0.07
360,186863395.59179103,231691870.12232995,1,0.07
380,187136271.51789957,232653580.5493238,1,0.07
400,200935330.00870377,236073979.32831365,1,0.07
420,221438561.20974085,238565679.7290631,1,0.07
440,216466200.79094744,236349799.23206893,1,0.07
460,212264801.16136217,232727285.59246793,1,0.07
480,194868110.36055145,232093743.18691808,1,0.07
500,214584436.83710137,235706186.7096921,1,0.07
520,203280864.42603695,238015630.3256315,1,0.07
540,196657338.34448904,237121871.69034335,1,0.07
560,180831021.5965029,236077654.55310377,1,0.07
580,183768387.29253724,238704635.94220385,1,0.07
600,202882446.33713925,239430962.7143547,1,0.07
620,194877026.71350807,237038197.34992212,1,0.07
640,189800925.3426679,236862467.2517057,1,0.07
660,196662525.34569547,238676251.5980237,1,0.07
680,192317776.92284992,238425889.9692311,1,0.07
700,165406756.42966104,234808014.18254825,1,0.07
720,187154978.06813687,236372621.407053,1,0.07
740,219423044.58250135,239224638.3097093,1,0.07
760,226797625.332834,240482037.34058985,1,0.07
780,217960821.1021912,236399579.1767812,1,0.07
0,238242409.6732284,238242409.6732284,1,0.2
20,243685916.31939375,244535062.8986613,1,0.2
40,244305683.4534225,244277745.1011498,1,0.2
60,243280189.41818377,243996773.2948046,1,0.2
80,243141648.7823546,245187664.6028616,1,0.2
100,242050503.63113832,242866495.7702009,1,0.2
120,244942053.89891377,244610292.48184815,1,0.2
140,243074041.76563057,243597399.69557247,1,0.2
160,243840423.07774717,243785671.10104308,1,0.2
180,243140512.95198897,244154298.79264703,1,0.2
200,243121872.9697053,244312102.64732903,1,0.2
220,240887459.6098488,242816421.3570503,1,0.2
240,242666913.1935641,244819402.30755368,1,0.2
260,242070838.51674253,243794950.41130745,1,0.2
280,242138931.8921169,243731025.5889062,1,0.2
300,239611567.3720768,241640029.1935808,1,0.2
320,242226468.1098914,242825771.5055112,1,0.2
340,242197880.45814505,244092859.13264263,1,0.2
360,237589378.91815925,243196724.3350906,1,0.2
380,242569266.2003632,241397393.655295,1,0.2
400,243376351.32812113,243740132.344447,1,0.2
420,243864401.24498576,243851642.16626787,1,0.2
440,242942764.67013687,243658405.27207145,1,0.2
460,242423099.54784548,243555375.65777367,1,0.2
480,244364635.21409416,244689695.63400248,1,0.2
500,238824736.96685785,240296521.4972573,1,0.2
520,242630973.87336636,243612248.6118756,1,0.2
540,238198798.5932696,240194451.36682355,1,0.2
560,241925988.1536759,243943501.029958,1,0.2
580,243309877.14904127,243669359.4973004,1,0.2
600,241657106.2738112,242681161.05293703,1,0.2
620,241911230.29493773,243216351.6846744,1,0.2
640,242454557.2896504,244407310.88185412,1,0.2
660,241870660.94478583,244632309.7462083,1,0.2
680,241759955.5486741,243531097.49584085,1,0.2
700,241769623.56982064,244018590.85986683,1,0.2
720,238915083.30723852,242175391.58317924,1,0.2
740,243201019.8269771,243941445.1440431,1,0.2
760,243804061.54107857,243928492.37845367,1,0.2
780,242734404.61363995,243438681.64320943,1,0.2
0,8553056.180213202,8553056.180213202,1,0.01
20,12224767.740176298,218689938.29691777,1,0.01
40,17015258.697672643,221642697.04180115,1,0.01
60,23443994.248398513,219524354.59084043,1,0.01
80,30112486.885493077,221848565.10758868,1,0.01
100,33956659.8735903,220734438.1977495,1,0.01
120,35609171.021680295,220204423.55818892,1,0.01
140,35771863.382216774,220934245.9652402,1,0.01
160,36667494.28854689,218360615.7436385,1,0.01
180,37345348.86724036,219250884.27724513,1,0.01
200,39231511.34121299,219466998.55617553,1,0.01
220,40827058.595153615,220128969.118976,1,0.01
240,40911223.06146233,218629172.05265617,1,0.01
260,40900443.70697565,217632105.56794232,1,0.01
280,43830231.46180695,221608245.96705556,1,0.01
300,46944604.945533805,222636681.58523783,1,0.01
320,51222216.13586856,223211232.2067716,1,0.01
340,53855250.945982575,225160107.74303532,1,0.01
360,54649281.74079872,223950785.58878905,1,0.01
380,54416565.74574051,223459269.33174527,1,0.01
400,52000452.10233474,224267902.48471957,1,0.01
420,48204207.787494555,220856918.86069575,1,0.01
440,44671748.7189675,222557802.02414817,1,0.01
460,42516201.84384246,219414178.88455987,1,0.01
480,42654124.91645198,219983686.6624264,1,0.01
500,41382929.865063846,220824702.4628393,1,0.01
520,37611431.28561595,217611852.96738133,1,0.01
540,32226661.247864652,218850735.5656608,1,0.01
560,27390024.03435116,219217956.64310277,1,0.01
580,24700186.618036896,221266600.63475707,1,0.01
600,24413909.052669898,221929127.2550758,1,0.01
620,26255369.589159667,222253276.5817802,1,0.01
640,26122180.391792845,222078419.5968047,1,0.01
660,23073332.189072818,223231732.7503983,1,0.01
680,20403889.69881907,223085582.40172717,1,0.01
700,19566054.865544803,222537519.40540087,1,0.01
720,20893080.192241013,223175013.60712537,1,0.01
740,22024750.63657463,222311099.65064025,1,0.01
760,23498957.51921945,222566066.65725616,1,0.01
780,25938762.13989379,222834110.5060364,1,0.01
0,181427798.6839927,181427798.6839927,1,0.05
20,192462804.3092683,235654942.5426829,1,0.05
40,183141255.2604633,235933633.71798313,1,0.05
60,182148616.9766379,238640732.18930537,1,0.05
80,183154155.15230656,233333670.58818427,1,0.05
100,176673451.81261268,234858332.9069653,1,0.05
120,178648444.93069348,236273310.3321625,1,0.05
140,187510450.42218935,234356245.8986055,1,0.05
160,197310690.47267735,236630234.17886257,1,0.05
180,206227331.92681485,237775478.69350183,1,0.05
200,219496503.6672257,236245074.5726817,1,0.05
220,202382594.7325564,235431323.97662443,1,0.05
240,193626437.40178588,232080288.7021626,1,0.05
260,184249907.7140372,229995972.63935983,1,0.05
280,189077817.18035623,233553574.4908152,1,0.05
300,194174725.65689525,237155503.12454575,1,0.05
320,181995485.72116235,237677220.103101,1,0.05
340,187438095.3581211,236502703.70890063,1,0.05
360,174752640.02745795,235062482.66479385,1,0.05
380,155768090.32265154,232338256.969987,1,0.05
400,175843929.01481462,232127997.9020619,1,0.05
420,162331940.08819753,228978799.1107158,1,0.05
440,152571113.43656257,227596854.4454845,1,0.05
460,132967314.1586568,230781765.78883475,1,0.05
480,143678691.79717207,233565898.4877575,1,0.05
500,162081925.68018332,235332776.27454728,1,0.05
520,179075290.2005036,236258076.42244935,1,0.05
540,193458120.59042385,235273435.99871913,1,0.05
560,177552284.38576996,228720879.7926617,1,0.05
580,161467493.24685723,223310388.43232712,1,0.05
600,172377709.0590288,222696997.68343627,1,0.05
620,184223275.00625148,223803155.34041607,1,0.05
640,197793933.92576116,232264010.53164664,1,0.05
660,191244708.685323,234203165.9201531,1,0.05
680,185059804.8896319,231420688.7696331,1,0.05
700,181320020.71752623,232846698.19336832,1,0.05
720,179098144.283235,232468067.39597052,1,0.05
740,200147979.322459,232131318.09469897,1,0.05
760,221464954.97246236,235912560.22617465,1,0.05
780,212557630.12276652,235667394.1148284,1,0.05
0,123132123.484726,123132123.484726,1,0.03
20,109938903.24167594,235593638.28356615,1,0.03
40,103761868.74748054,234590338.30954915,1,0.03
60,121599368.65906473,234259491.04259807,1,0.03
80,165080719.08163396,235201426.600255,1,0.03
100,193796832.9319645,232935103.14908648,1,0.03
120,175145837.379264,230978693.6685282,1,0.03
140,170370721.81126902,229894910.3268859,1,0.03
160,171740493.60554403,230675561.20581937,1,0.03
180,175497136.01916504,232444263.7298821,1,0.03
200,178133269.4204367,234114424.14460123,1,0.03
220,175200249.24623442,234901533.46652243,1,0.03
240,169518924.1426494,235257278.497845,1,0.03
260,160860046.18589562,235539422.9354383,1,0.03
280,161374029.05326408,236003173.03411457,1,0.03
300,165892525.96273953,234476024.46759287,1,0.03
320,157386119.40227637,232702172.6196006,1,0.03
340,141138370.05624664,230640532.83949575,1,0.03
360,126663602.42718528,228205035.3160915,1,0.03
380,132467043.25465453,222004409.3795696,1,0.03
400,123713241.4269117,222651902.66952956,1,0.03
420,107053084.33109328,223922871.96536416,1,0.03
440,106410543.86948831,221719452.8361294,1,0.03
460,121088334.45649704,223871792.60809892,1,0.03
480,118137482.67714272,223575502.73485523,1,0.03
500,109876552.06625676,232240723.52697688,1,0.03
520,137289858.44084084,232729304.8728864,1,0.03
540,146766413.50038004,229261132.54510543,1,0.03
560,113771519.64889036,227541910.18498188,1,0.03
580,87100825.77317019,230015328.4094611,1,0.03
600,91090300.35473016,232931456.15426537,1,0.03
620,125551663.68706895,232909791.78121853,1,0.03
640,126455957.1656902,228551538.69949177,1,0.03
660,89803050.69962065,224705613.2343769,1,0.03
680,72998289.88992232,225405952.6745174,1,0.03
700,72649448.14142734,217782465.5191903,1,0.03
720,75181313.03536156,213557972.12119275,1,0.03
740,60882057.164393425,219389866.8055224,1,0.03
760,57125034.40236898,226120439.68161544,1,0.03
780,61381328.00972576,228171299.43518907,1,0.03
0,222060638.46880853,222060638.46880853,1,0.07
20,231910835.46759048,240353469.9890277,1,0.07
40,233292994.75291508,238768291.85550457,1,0.07
60,231268148.5355547,239232100.38386643,1,0.07
80,223835902.46806833,240160859.4662288,1,0.07
100,228885603.64198777,240914096.42556128,1,0.07
120,218478094.3512892,238702591.58886743,1,0.07
140,214976096.35091475,239744505.97762108,1,0.07
160,221621616.45448652,240655755.8798896,1,0.07
180,218233000.84130797,240459747.95309263,1,0.07
200,202949642.272882,240046580.28430665,1,0.07
220,201905917.91196936,238217324.40825564,1,0.07
240,210918842.12604523,239138590.45389903,1,0.07
260,228006201.11242777,238623956.46142405,1,0.07
280,215567047.2757064,237451757.0152665,1,0.07
300,212028646.71886972,236757236.96283472,1,0.07
320,216279370.92627972,238913159.18919343,1,0.07
340,215908738.5867701,238859872.72722167,1,0.07
360,220342211.45951933,240231913.4701156,1,0.07
380,218366642.09695545,240833501.20729616,1,0.07
400,213751236.07488835,240132810.18927917,1,0.07
420,212803054.38003865,239297993.8717468,1,0.07
440,202432741.1199167,237417949.9567915,1,0.07
460,206464303.05871335,238539446.45573577,1,0.07
480,215859291.9393097,236291471.5236943,1,0.07
500,216202414.13325164,240184526.5911502,1,0.07
520,213415535.85053977,239315380.46726248,1,0.07
540,212566845.49042845,238188975.7106334,1,0.07
560,218007345.27681565,239354566.58443993,1,0.07
580,207951723.2107115,238830957.9880288,1,0.07
600,200994241.8822515,236934721.6347575,1,0.07
620,200880226.73411357,235780786.2916985,1,0.07
640,212448909.66284883,238022176.744101,1,0.07
660,204144294.79418272,235923577.57392937,1,0.07
680,203434599.21203643,232876391.18235987,1,0.07
700,222588810.87637505,236333102.6100659,1,0.07
720,230166357.55477715,238556208.70278415,1,0.07
740,229847837.9172065,240472070.70680845,1,0.07
760,233023814.13348365,240503584.1756932,1,0.07
780,234543537.71361455,240801544.3706545,1,0.07
0,242917049.68163127,242917049.68163127,1,0.2
20,244151592.4311876,244087546.60653803,1,0.2
40,242580971.72123396,243985629.28729063,1,0.2
60,239273788.41692623,242182956.1966479,1,0.2
80,243564160.35802624,243704352.97974575,1,0.2
100,235502088.810648,240276501.79205456,1,0.2
120,240791008.75714383,242955944.8539192,1,0.2
140,237571087.7908862,240112607.2091072,1,0.2
160,243392847.98179835,243411448.87403545,1,0.2
180,240772981.71136007,242474773.08037013,1,0.2
200,240993595.95780188,242464341.12626907,1,0.2
220,242221971.11618343,243084288.614222,1,0.2
240,232585645.69249713,237611403.49343717,1,0.2
260,243442649.0014909,242823517.4409189,1,0.2
280,241164556.3031484,244094510.20859313,1,0.2
300,243150769.3015082,245040514.22962332,1,0.2
320,241443953.18959653,242504448.20152217,1,0.2
340,239585272.64430305,242435358.23603585,1,0.2
360,227088740.00540304,239207820.2707781,1,0.2
380,241417563.18672305,243083996.19096503,1,0.2
400,237620802.2270214,243978898.90756905,1,0.2
420,241019866.9160357,242565792.69811392,1,0.2
440,241570691.56315753,243071166.006197,1,0.2
460,239362020.33842403,243268085.77953368,1,0.2
480,239100093.6770559,241662161.13140783,1,0.2
500,242420482.03643984,243571499.44104323,1,0.2
520,243325930.67654848,243928921.61082548,1,0.2
540,240908059.756551,242908927.65465757,1,0.2
560,242982991.63568836,244280707.50449908,1,0.2
580,242589709.49451935,244115688.07727408,1,0.2
600,242781187.98103023,241493288.47144744,1,0.2
620,244231431.16538855,243333852.1464396,1,0.2
640,239679213.2200948,241412799.16149008,1,0.2
660,242944754.37347043,243878288.17983288,1,0.2
680,239970188.78547025,242306453.73333383,1,0.2
700,241274342.00099108,240790603.79874495,1,0.2
720,242659003.1803973,244337737.9176221,1,0.2
740,238296383.4582429,243046028.64158648,1,0.2
760,242771093.32088915,243598347.38545448,1,0.2
780,241741650.30974177,243187434.2154087,1,0.2
0,11793109.860894945,11793109.860894945,1,0.01
20,9122743.079710456,214955037.147639,1,0.01
40,7588574.999421019,217446707.5826792,1,0.01
60,5860485.969366484,217987903.9089058,1,0.01
80,4610963.116581063,222839113.8271265,1,0.01
100,4247459.274721552,221916519.65817443,1,0.01
120,4007840.011893447,220546203.45149812,1,0.01
140,4306861.478014829,221298089.09223008,1,0.01
160,4866517.461898656,223092751.27856457,1,0.01
180,5361501.770705011,221865239.24691147,1,0.01
200,5318504.163103466,219047127.57984665,1,0.01
220,4482107.123475731,219808152.18096375,1,0.01
240,5026085.547046317,222550424.2626971,1,0.01
260,6689820.482270374,222104868.22199517,1,0.01
280,8729219.1587632,221907878.60891676,1,0.01
300,11775832.786140304,217915547.84434593,1,0.01
320,13184405.725067906,216840858.37750685,1,0.01
340,16369735.395908264,214162748.17987925,1,0.01
360,19412853.78166998,215148108.9028133,1,0.01
380,20574317.03673657,218147900.3229752,1,0.01
400,20251039.69712704,218925213.9891194,1,0.01
420,20080052.659430835,220309672.98546672,1,0.01
440,20828797.2305435,221953501.86315292,1,0.01
460,22289927.8653632,219821374.30517256,1,0.01
480,23902138.614930578,222771776.91024867,1,0.01
500,26725254.22811143,222136049.38168377,1,0.01
520,28448270.839134216,221007948.02164912,1,0.01
540,30547708.03351716,218473979.8314936,1,0.01
560,32009355.28313975,220934812.22784424,1,0.01
580,31512400.52618132,218587171.2182676,1,0.01
600,27795631.52220512,220853354.5117138,1,0.01
620,23628637.3744095,216687882.6288551,1,0.01
640,20728613.201943494,219202605.95158735,1,0.01
660,18856847.57314805,216398956.6044935,1,0.01
680,17096395.90632423,216476681.32489073,1,0.01
700,15132488.15910126,218839942.04693535,1,0.01
720,13370902.982758109,217991549.38564545,1,0.01
740,12369763.28450942,219177146.78125104,1,0.01
760,12229354.300796283,220256601.63476032,1,0.01
780,13165196.468176013,219779798.31561813,1,0.01
0,87550073.35929596,87550073.35929596,1,0.05
20,99022288.49416453,233884849.0433189,1,0.05
40,165333667.7112432,236763277.194494,1,0.05
60,167106572.37310863,233977323.42139876,1,0.05
80,180215021.19540995,235120734.1652358,1,0.05
100,185774445.63024008,234410292.97433156,1,0.05
120,167192311.400812,230991047.44445503,1,0.05
140,172056743.89053333,226571817.8946092,1,0.05
160,168066231.3033544,230307359.82371455,1,0.05
180,188163556.46027136,236363189.17535,1,0.05
200,197465729.32208353,237328498.84213793,1,0.05
220,203343077.89051,236376788.75627035,1,0.05
240,191762208.01223975,234902265.10561436,1,0.05
260,179321629.08042565,235451021.2268373,1,0.05
280,177765435.86372817,230597119.3774375,1,0.05
300,151059435.73476505,226803880.94651163,1,0.05
320,152592385.0899248,230804763.3593297,1,0.05
340,159716669.58032763,230085931.32484555,1,0.05
360,150856203.74207568,233594156.60282367,1,0.05
380,161903341.25023484,236466685.65974057,1,0.05
400,174647057.0124469,233297810.88777956,1,0.05
420,172259150.13043416,234809863.57991025,1,0.05
440,197614035.68512547,237074476.71027985,1,0.05
460,200520974.57956555,235604072.0226938,1,0.05
480,186264675.98253885,236974806.50541443,1,0.05
500,162930593.2073338,236783027.1773863,1,0.05
520,181061396.0595071,236878199.5992518,1,0.05
540,199215206.3206666,236548452.3403235,1,0.05
560,199428858.318039,236699463.6580376,1,0.05
580,199601608.51079223,236787970.5997505,1,0.05
600,199075081.8489389,233397070.4358942,1,0.05
620,185852578.266109,230399175.7542697,1,0.05
640,179807436.07725692,232815513.39091396,1,0.05
660,186644430.62285203,233391223.2863388,1,0.05
680,188104912.70993593,234658357.53504553,1,0.05
700,199537964.4348432,235220154.60210067,1,0.05
720,197461698.42806736,234456515.84479484,1,0.05
740,195066065.1736992,232318885.3043334,1,0.05
760,179826087.54027227,233895930.85994777,1,0.05
780,185493975.0163116,237643440.62174,1,0.05
0,141468810.98490214,141468810.98490214,1,0.03
20,152968017.70240334,232282595.67449176,1,0.03
40,137224886.76646006,232602320.87008363,1,0.03
60,119437912.19975582,230582113.4246832,1,0.03
80,79443557.55529144,230083361.2254296,1,0.03
100,47664208.007690296,231143290.69242293,1,0.03
120,31846524.07842256,230004541.4809434,1,0.03
140,26957686.830660857,232061641.68608007,1,0.03
160,26648942.713404745,229126687.90340745,1,0.03
180,34128265.647591904,228292928.22641855,1,0.03
200,44241964.89538811,230292819.87060004,1,0.03
220,51969614.79775946,230690911.23010555,1,0.03
240,55742713.16824616,230744218.94011563,1,0.03
260,63799378.30727448,230905492.59380537,1,0.03
280,63214825.014546394,232067433.34695292,1,0.03
300,67404312.19372393,233607144.20750195,1,0.03
320,72916518.78004299,233262322.16442695,1,0.03
340,78984170.56115355,232510586.18505937,1,0.03
360,83278712.93996641,232237014.2611592,1,0.03
380,93911309.20185268,230608488.9457884,1,0.03
400,106865163.36304408,229818153.65653035,1,0.03
420,105084667.76929148,228866380.76684657,1,0.03
440,97925812.57938516,227315933.34776697,1,0.03
460,116271764.97754422,227642957.55532843,1,0.03
480,142181103.76338804,228312468.5265,1,0.03
500,136266401.45736444,228742323.9853216,1,0.03
520,118040144.3675438,228803585.2533788,1,0.03
540,106648263.9591354,224627478.2683488,1,0.03
560,87391652.72228754,223576972.19943643,1,0.03
580,60073281.59348668,223744082.0799437,1,0.03
600,45611642.2791041,225445350.44255787,1,0.03
620,52207058.70217141,224569722.41358107,1,0.03
640,52503846.20532423,228710890.3259297,1,0.03
660,56329982.8174672,231780402.72137237,1,0.03
680,89805149.84939528,233256814.71932304,1,0.03
700,126773454.31605442,235208444.45213845,1,0.03
720,146221424.62151694,233443336.22926,1,0.03
740,149309498.36930674,233557268.53101796,1,0.03
760,145585072.81569466,232927038.0558488,1,0.03
780,147721593.09726566,234397281.267478,1,0.03
0,221362150.3199969,221362150.3199969,1,0.07
20,224493755.5642297,239659350.138546,1,0.07
40,223116664.30447167,239715337.44970095,1,0.07
60,225592523.10990757,237760721.48682132,1,0.07
80,214732104.1253237,239704241.36207843,1,0.07
100,193375899.95364943,238031539.9562388,1,0.07
120,190879428.9443425,235272702.43083245,1,0.07
140,207000359.20934677,234945775.97497213,1,0.07
160,228549504.9142539,239265177.10238755,1,0.07
180,232406225.2948132,240469359.16084284,1,0.07
200,227021804.34785825,237565503.01636505,1,0.07
220,228777914.3753564,238997781.5669281,1,0.07
240,232558276.332185,240305961.1677766,1,0.07
260,234807314.2514612,241137884.3511672,1,0.07
280,227945248.15821564,240100181.07712764,1,0.07
300,225491716.2867409,240983859.36271316,1,0.07
320,228797616.05647328,238704962.41426292,1,0.07
340,200276081.67771685,235606570.97717255,1,0.07
360,177995100.87927842,237179517.2069539,1,0.07
380,158556650.08623582,237125380.97959143,1,0.07
400,180705598.8522713,239654476.22374785,1,0.07
420,193172661.0857971,239026627.53713512,1,0.07
440,186257076.2704482,238834585.0545343,1,0.07
460,204270298.89896148,240892922.76377115,1,0.07
480,217763628.12751696,240380422.3008395,1,0.07
500,215902720.82248703,240640306.35497063,1,0.07
520,211101146.1866251,236162147.7887088,1,0.07
540,209770813.95851457,238023065.7180804,1,0.07
560,200311424.3263387,235998476.7420849,1,0.07
580,205566627.52285433,236196460.78197655,1,0.07
600,208165267.33107525,236686379.47587776,1,0.07
620,215399023.01751775,238168593.3893475,1,0.07
640,218339151.52749544,237769489.34327903,1,0.07
660,225643622.31472468,239849998.6546796,1,0.07
680,228271295.14232248,239665465.6036179,1,0.07
700,229048389.15246165,239624224.90299344,1,0.07
720,230928831.32222736,239232393.5843047,1,0.07
740,227845574.0586893,240359068.15277025,1,0.07
760,213852602.96205503,239010134.95149145,1,0.07
780,224909497.5548227,238944312.5129733,1,0.07
0,237929893.1829109,237929893.1829109,1,0.2
20,244679391.10579297,244291679.55706537,1,0.2
40,240964243.6760994,242581643.31827864,1,0.2
60,242506990.6479271,242769096.04449177,1,0.2
80,241688700.13416547,241869528.26706827,1,0.2
100,242199545.19272685,243617230.543114,1,0.2
120,238941780.26139656,243066727.00460377,1,0.2
140,243230290.0205043,243322689.1903202,1,0.2
160,237589209.88912576,241583635.32006037,1,0.2
180,241722563.46047392,242583930.8036678,1,0.2
200,236429640.99856445,241377514.48342383,1,0.2
220,237505944.22130513,243989458.64916128,1,0.2
240,239458586.24939868,242894488.2785656,1,0.2
260,242026506.7323382,244937934.6758975,1,0.2
280,240404531.6938791,244631536.19679564,1,0.2
300,242543801.56058824,243634561.801354,1,0.2
320,238661951.4998825,241385424.25516915,1,0.2
340,239557171.44475272,242869174.0656951,1,0.2
360,241641009.34153348,243181149.88873672,1,0.2
380,233398281.9036472,239054383.03840697,1,0.2
400,242184388.25481373,243771276.43286005,1,0.2
420,241115866.00986895,242329173.09848815,1,0.2
440,241156663.61784697,243468935.4767903,1,0.2
460,242847455.5523686,243020433.69504464,1,0.2
480,241223550.59945217,242711038.3861493,1,0.2
500,237484353.9264204,241994039.89819503,1,0.2
520,242823362.25773844,242865286.49977112,1,0.2
540,242187037.40405744,244063079.17035848,1,0.2
560,241193956.06127393,243757863.6206719,1,0.2
580,242616057.9630265,242610227.5848282,1,0.2
600,243665423.89393157,243593670.3981797,1,0.2
620,242208298.30297327,242889208.91023776,1,0.2
640,241760254.0863002,243679738.69842535,1,0.2
660,242729448.51813433,244786670.0734023,1,0.2
680,240280745.15315497,243272837.36642596,1,0.2
700,242846109.56915563,243793928.61151797,1,0.2
720,243305747.84094355,244015154.714494,1,0.2
740,240752860.70091736,242511984.7916078,1,0.2
760,240642177.56598675,240498371.07653427,1,0.2
780,242221797.66520005,242323817.96734965,1,0.2
0,9230419.83366425,9230419.83366425,1,0.01
20,11099145.21135128,209645398.46548137,1,0.01
40,11446838.202744074,217494267.0103784,1,0.01
60,10024356.551062088,213315953.44861728,1,0.01
80,9863059.725716272,207508620.04578492,1,0.01
100,10817710.20294194,211087522.13485175,1,0.01
120,11321821.50468986,214498548.69195983,1,0.01
140,10112005.97734614,212203912.82712063,1,0.01
160,9070150.967798932,209068332.6847175,1,0.01
180,7405778.40121135,211345884.8459395,1,0.01
200,6441917.952055255,212379743.025362,1,0.01
220,6647264.38852526,215241631.13190395,1,0.01
240,7814027.17934878,215314272.1553365,1,0.01
260,8738614.08368143,217559746.7555163,1,0.01
280,9949060.721473437,211830423.12182087,1,0.01
300,11580601.776370864,212148983.91490105,1,0.01
320,13138488.029823205,213551177.78651503,1,0.01
340,14515533.8971348,211233409.57474267,1,0.01
360,14338232.161497263,209094535.2623775,1,0.01
380,13819392.074120035,207173283.79998696,1,0.01
400,14249361.145781284,210622665.28219807,1,0.01
420,14667174.161828488,210687237.6448381,1,0.01
440,13797367.409966595,214574258.50776583,1,0.01
460,12630334.57470416,213123981.34253973,1,0.01
480,11828296.246320035,214205726.2584473,1,0.01
500,13699116.86573399,219503621.045511,1,0.01
520,17472963.761565983,221528941.17687768,1,0.01
540,19777309.100228388,222266884.3937969,1,0.01
560,19723295.818257134,220462578.74290413,1,0.01
580,18571814.5670766,219005526.7818024,1,0.01
600,16528837.824016543,219088748.48535,1,0.01
620,14096491.886386955,221898420.72342688,1,0.01
640,11031916.220742555,218876202.55403772,1,0.01
660,8196763.7373495,216304669.1724018,1,0.01
680,6301687.045467823,214250531.47406903,1,0.01
700,5426011.616439762,210895889.6327532,1,0.01
720,5414568.158067439,212865769.47497708,1,0.01
740,5811726.265561549,210980490.8438933,1,0.01
760,7008322.276596638,213426834.282112,1,0.01
780,8664018.664289225,214532471.922993,1,0.01
0,183033692.56403345,183033692.56403345,1,0.05
20,170924863.55070657,234849113.77388236,1,0.05
40,171051245.72806504,234547605.1290989,1,0.05
60,179776583.6758893,237484097.82087615,1,0.05
80,181191069.81923103,237360986.87251073,1,0.05
100,184763865.50058457,239020399.0362599,1,0.05
120,188144309.8593501,239470120.3055399,1,0.05
140,194678513.32650185,237233045.75620937,1,0.05
160,203467196.04231125,237362467.76590627,1,0.05
180,211765470.1081136,238518014.4125057,1,0.05
200,214218417.16529205,238278905.8279165,1,0.05
220,215635629.7934115,239734566.78920025,1,0.05
240,214436961.78064123,239171045.47297192,1,0.05
260,217057015.11375788,239244664.84027535,1,0.05
280,207079236.00172895,238419276.0389167,1,0.05
300,216044001.60412169,238999344.80960223,1,0.05
320,225194634.09541512,239367522.1431572,1,0.05
340,216027749.81560495,237638773.4966468,1,0.05
360,208149067.63680977,239550701.1124757,1,0.05
380,193761643.83742607,237598485.42258132,1,0.05
400,186749227.72577393,235089689.35843143,1,0.05
420,185242467.06358996,238066211.15150523,1,0.05
440,196923396.9053319,235789787.18594164,1,0.05
460,209703215.2287461,238847496.04568455,1,0.05
480,206796004.14123112,236851226.00542024,1,0.05
500,201606701.00008535,238251596.4204547,1,0.05
520,186398618.1598823,234971981.07302064,1,0.05
540,183179646.25899777,234596064.66402844,1,0.05
560,177764486.77451012,232886389.46873245,1,0.05
580,174712859.58340827,235534472.96787912,1,0.05
600,185720346.19622713,236957763.12284204,1,0.05
620,180998434.74680015,237606642.513766,1,0.05
640,175579534.7036382,237726608.19777843,1,0.05
660,171240606.66585946,238947885.78195655,1,0.05
680,171444239.800654,236391962.44548857,1,0.05
700,180923927.5710961,236941404.84835213,1,0.05
720,200905742.6788436,238932765.03497013,1,0.05
740,197930674.5880581,238703992.19961545,1,0.05
760,213468483.7936195,238595596.49926937,1,0.05
780,212626687.53467777,237631848.50797904,1,0.05
0,161144204.2688927,161144204.2688927,1,0.03
20,163988534.57181585,232698664.624087,1,0.03
40,157190906.01037902,231439105.9839967,1,0.03
60,156744845.23409605,233272947.4208382,1,0.03
80,152302578.68892136,235120301.35029656,1,0.03
100,125695530.2421461,234196986.55990508,1,0.03
120,101598164.65094057,233842277.67529425,1,0.03
140,93167276.64470056,233823299.16322753,1,0.03
160,102976567.12496954,234793185.62293112,1,0.03
180,108707309.7748721,234310273.14122325,1,0.03
200,117354903.9460788,233020940.47302777,1,0.03
220,128564096.14866602,233907186.7772838,1,0.03
240,139504281.5742821,232645730.35582563,1,0.03
260,138923150.00112867,233375721.22005153,1,0.03
280,132438338.91367744,231251581.30160147,1,0.03
300,104961266.2934366,232211808.486169,1,0.03
320,99513007.19461615,234359807.9984765,1,0.03
340,116695787.74712586,229345981.75016677,1,0.03
360,110898868.50437324,224883027.35739368,1,0.03
380,94767540.04936942,226267771.2428344,1,0.03
400,83374219.97958565,225997509.1446305,1,0.03
420,108730506.75478232,227987896.26768273,1,0.03
440,126066417.04572994,227970550.4965232,1,0.03
460,122781976.57869554,226803518.26030207,1,0.03
480,122650603.3030564,229202022.8274688,1,0.03
500,143225926.7684666,228324090.35116857,1,0.03
520,169250295.89739323,227511063.90996265,1,0.03
540,164275776.28788298,230255239.06988543,1,0.03
560,169818260.3430248,232349676.33165568,1,0.03
580,158051478.76572832,233460463.98710608,1,0.03
600,157438360.67719626,234834319.21589103,1,0.03
620,149660161.7305389,232413664.15327924,1,0.03
640,137279158.29297793,231039913.20799467,1,0.03
660,120463137.89512572,229473636.0894212,1,0.03
680,98895141.96851368,226456542.26258013,1,0.03
700,94764696.05987102,225544156.79777455,1,0.03
720,87038107.71377048,225231870.92392373,1,0.03
740,93956425.76848537,232198697.45527956,1,0.03
760,120190656.00252149,234181905.35619327,1,0.03
780,142195140.7816018,232326688.9969371,1,0.03
0,216370375.7965183,216370375.7965183,1,0.07
20,227432393.92938888,240210696.2368222,1,0.07
40,236401614.40346703,241130920.0096411,1,0.07
60,214406868.80411145,237191825.6757903,1,0.07
80,204169214.05993336,235041774.49375707,1,0.07
100,209056743.01664424,234648988.9083371,1,0.07
120,221217875.88614187,237533015.68489304,1,0.07
140,221508813.85872555,239919920.984963,1,0.07
160,228709408.96676508,238523843.8509194,1,0.07
180,231626936.3160298,238988806.74866363,1,0.07
200,226290155.92094493,238662027.4318456,1,0.07
220,224938354.4479257,238220144.45021015,1,0.07
240,227549275.32128116,239306867.14051127,1,0.07
260,225579807.3979232,239719621.43217736,1,0.07
280,207362831.5571339,234218406.2513976,1,0.07
300,215328596.3521043,236215476.33338797,1,0.07
320,211407743.7091076,237222191.6338404,1,0.07
340,222004860.3437977,238844145.08827332,1,0.07
360,227466346.2587941,239089754.53202817,1,0.07
380,232595895.6590144,241260218.8995236,1,0.07
400,234509189.1705219,239818874.9560501,1,0.07
420,222010756.21046695,239853413.09759057,1,0.07
440,217324536.3097684,240153523.88106585,1,0.07
460,198420039.74907464,238814109.96183607,1,0.07
480,195253853.18856192,236427998.6188054,1,0.07
500,207441663.83044368,235332986.21485245,1,0.07
520,200695270.6797641,233698207.1169334,1,0.07
540,186143390.018533,227306455.2557319,1,0.07
560,188837246.33630192,233878973.80414036,1,0.07
580,162539685.73808345,231374482.4694636,1,0.07
600,162907628.8047684,236067814.7623847,1,0.07
620,155168053.73237652,235884506.835405,1,0.07
640,116489025.08170262,233680803.40214375,1,0.07
660,132263619.80062312,230876485.53539985,1,0.07
680,150361087.97984856,226964246.64465937,1,0.07
700,167766269.24561167,230785245.35199565,1,0.07
720,187973366.7120684,238102472.4885237,1,0.07
740,177650290.91446915,241276587.6141675,1,0.07
760,158408318.08698165,239212151.3796588,1,0.07
780,168563511.65149698,238548106.85985756,1,0.07
0,243261187.2007725,243261187.2007725,1,0.2
20,243841620.60160848,243835867.89194924,1,0.2
40,241887492.330105,243257439.91120565,1,0.2
60,242794031.54099452,243952761.29608092,1,0.2
80,240121207.4923437,243991708.34619027,1,0.2
100,243180107.49434653,244433143.87437564,1,0.2
120,242816673.9929939,243977927.5254076,1,0.2
140,241444768.48610196,242760365.93533355,1,0.2
160,239978494.52031493,242367441.92585897,1,0.2
180,237701848.2370214,240065791.08649224,1,0.2
200,241142883.6256781,241230762.51141185,1,0.2
220,242515049.699674,243594438.41997805,1,0.2
240,240143589.8526127,244075477.11490148,1,0.2
260,235351278.8688908,244074406.5529002,1,0.2
280,236079245.1402212,242114209.9649439,1,0.2
300,237643179.6302693,242798545.4880451,1,0.2
320,237337392.3578041,238330446.69666603,1,0.2
340,239547408.894738,243149740.26860383,1,0.2
360,239095415.52019304,241450046.9927827,1,0.2
380,242894466.31588075,244104745.15429863,1,0.2
400,241709515.85038143,243155157.8999551,1,0.2
420,242540758.59182388,244012501.03836703,1,0.2
440,242759051.20345756,244488506.79856092,1,0.2
460,240314194.8440728,240989244.72448164,1,0.2
480,240138124.40061495,242518393.62277335,1,0.2
500,233107645.4729189,241934827.77167937,1,0.2
520,241090787.8212492,243873791.05146503,1,0.2
540,243435485.26090652,244011377.1190025,1,0.2
560,241798457.2508085,242739712.8008321,1,0.2
580,237712737.10106465,241029151.7290755,1,0.2
600,241599214.6405245,240976292.42193624,1,0.2
620,241616382.1024224,242357172.9478379,1,0.2
640,239490264.41284263,243134799.82890525,1,0.2
660,239584890.61797547,242877466.47012556,1,0.2
680,241906623.27421853,243219803.8577106,1,0.2
700,240776158.8635398,243834522.82619268,1,0.2
720,232328348.10672915,241230825.60573268,1,0.2
740,241683302.6385896,243408306.5331392,1,0.2
760,242801102.9198306,244172057.76694852,1,0.2
780,240483577.95965135,242149605.6587274,1,0.2
0,86582084.68699472,86582084.68699472,2,0.01
20,86963286.59931645,304581336.558797,2,0.01
40,91353051.17816085,303827861.76690507,2,0.01
60,98495626.7764659,304196553.47191954,2,0.01
80,105340750.780157,303037675.5149965,2,0.01
100,106665981.1138037,302250620.23055863,2,0.01
120,109069684.97264773,305180218.8772408,2,0.01
140,111446249.74034747,304961337.2595295,2,0.01
160,109902505.41394854,304344855.76175,2,0.01
180,104434182.55552752,306203465.994175,2,0.01
200,98062945.30141796,305052776.8695891,2,0.01
220,93295826.2707776,303913700.47243595,2,0.01
240,88432813.3367759,302657249.3258342,2,0.01
260,85794762.31018537,302377884.9791144,2,0.01
280,83518306.96353409,303480268.5875691,2,0.01
300,80048860.86145505,302070463.2872156,2,0.01
320,74414312.6846103,300964169.928945,2,0.01
340,68721569.37977296,301873826.1147312,2,0.01
360,65711004.84510003,300974758.25595903,2,0.01
380,63180333.671645746,304119234.3341162,2,0.01
400,63711244.637812495,304783673.7431105,2,0.01
420,63829031.990520515,305166662.1509638,2,0.01
440,60487667.95297022,306704507.4843751,2,0.01
460,54570298.29523343,305101389.1402865,2,0.01
480,49247169.12814435,304713670.8529724,2,0.01
500,48999232.04088604,305547768.36046386,2,0.01
520,46838048.01230171,302040640.94541276,2,0.01
540,39675143.43011964,301017839.0876464,2,0.01
560,34955821.37270203,296237398.5098503,2,0.01
580,34189391.123294584,295810470.9127289,2,0.01
600,33239993.436409704,296829240.9374128,2,0.01
620,33538634.086150512,294820760.9228089,2,0.01
640,32055996.025824,298135943.00793135,2,0.01
660,30231232.393235087,299815444.4881356,2,0.01
680,30703700.708363373,300575222.88839245,2,0.01
700,33980485.02433044,303548516.66576254,2,0.01
720,38688417.79962762,305247187.8634657,2,0.01
740,45641033.181203336,305853846.0594757,2,0.01
760,49896153.00913723,306507306.54383135,2,0.01
780,52723966.49157815,307510847.7900827,2,0.01
0,293004621.74601644,293004621.74601644,2,0.05
20,298427551.91648877,322978908.6838701,2,0.05
40,292194776.79809326,325822221.62183976,2,0.05
60,288145715.42630106,325168030.92313325,2,0.05
80,294608263.18640304,326937692.01890326,2,0.05
100,297948369.2692288,326976605.89311033,2,0.05
120,297179697.56962985,328201356.3166398,2,0.05
140,298850446.7814498,326839825.0289278,2,0.05
160,298974846.02895886,322390477.75456446,2,0.05
180,307049711.5156263,325606434.0586436,2,0.05
200,313469895.27130216,324844463.7245125,2,0.05
220,298060222.9539096,321986740.86593986,2,0.05
240,311657302.9727995,325545734.48875844,2,0.05
260,309885056.1240227,325145170.7998676,2,0.05
280,309456079.9437288,325755420.70147896,2,0.05
300,305418635.7841481,326483540.29036736,2,0.05
320,306234451.2368072,326957196.9954535,2,0.05
340,311123932.67329085,326462988.943525,2,0.05
360,307403293.3214022,325459369.0477734,2,0.05
380,308287232.2625395,325971103.6512209,2,0.05
400,303995684.0492114,326875717.25298285,2,0.05
420,304889218.41279006,326261503.6418103,2,0.05
440,310802612.6141348,328634901.90419173,2,0.05
460,310426055.49654514,325810632.01199377,2,0.05
480,317649183.2142035,325316167.80450666,2,0.05
500,306046912.0097007,325671346.0833844,2,0.05
520,294171620.8219144,324220381.97683513,2,0.05
540,307337943.00562996,325618548.5652596,2,0.05
560,309465667.77219164,328040331.7766866,2,0.05
580,309601077.00098133,325850484.1983626,2,0.05
600,311459029.76995695,325738022.01756245,2,0.05
620,310736214.97201896,325042132.50537694,2,0.05
640,291544813.6098481,323215761.7393428,2,0.05
660,307139544.4883243,327239755.297489,2,0.05
680,308734330.8629796,325260260.22007006,2,0.05
700,301554319.07618654,323927172.06587493,2,0.05
720,303181389.6895733,323736186.6895079,2,0.05
740,300990992.1634603,322631230.6199827,2,0.05
760,307276604.3970157,327058540.09537184,2,0.05
780,297533768.98594284,326433377.2942065,2,0.05
0,259438245.81071895,259438245.81071895,2,0.03
20,259115357.9351767,321851740.4753267,2,0.03
40,274179809.19218093,323919162.5116986,2,0.03
60,276668968.9575534,324247039.9501858,2,0.03
80,270071536.2142597,321781954.1202991,2,0.03
100,254327843.16977805,320574612.62913656,2,0.03
120,242410665.2139889,320652864.95002985,2,0.03
140,233096475.98254663,322980636.92105544,2,0.03
160,220709236.64796585,323572681.451493,2,0.03
180,227030596.0951175,323462303.95523655,2,0.03
200,240227475.7477664,322315372.29231787,2,0.03
220,232415314.81844836,322272680.32920194,2,0.03
240,232400069.75769195,323731927.1314146,2,0.03
260,240956150.70658416,322203880.6095322,2,0.03
280,244956085.83482283,318738998.38144493,2,0.03
300,255924073.1014276,319356045.6088362,2,0.03
320,264202656.34261903,322084814.9672554,2,0.03
340,255695183.36324513,320062941.7314068,2,0.03
360,243699073.898064,316467479.22438014,2,0.03
380,236249609.2647502,318512425.6450826,2,0.03
400,239119791.17318845,322741392.37633276,2,0.03
420,233561700.28557363,321307880.44573987,2,0.03
440,207993753.56115296,320077033.0423026,2,0.03
460,219917715.79392943,322339051.00578827,2,0.03
480,248985634.95820808,322451336.4941401,2,0.03
500,265205849.5172311,322292996.4529213,2,0.03
520,274896746.487495,323076289.90392876,2,0.03
540,275760494.80173504,322401782.8068533,2,0.03
560,279917021.5880768,322475522.2441218,2,0.03
580,287973100.86919546,323858761.6823292,2,0.03
600,284888251.5833812,323323236.23107743,2,0.03
620,285525019.74330384,324807034.87843823,2,0.03
640,295993946.0284319,324977838.5172675,2,0.03
660,296024973.7199168,323711481.89495885,2,0.03
680,281839732.090322,322449118.02463263,2,0.03
700,263242016.99468535,317780510.4994854,2,0.03
720,252537957.12314993,317484748.46149135,2,0.03
740,244423193.5081524,320965429.79352224,2,0.03
760,247827773.17069727,321950503.9990757,2,0.03
780,253363714.4213985,320073366.85309005,2,0.03
0,321465584.3490095,321465584.3490095,2,0.07
20,320460746.7807266,329494922.28809786,2,0.07
40,312112064.62747484,329440519.2433586,2,0.07
60,310345332.4043086,327128066.15271366,2,0.07
80,317007886.39995563,330339470.27071357,2,0.07
100,296826724.66061926,329462264.514143,2,0.07
120,296939910.22723573,326720411.06507194,2,0.07
140,291078854.5233082,326449313.07989144,2,0.07
160,300165729.0940685,324931715.8737338,2,0.07
180,313178419.01626146,325915582.4216029,2,0.07
200,317665890.25290084,327909627.06885487,2,0.07
220,319774679.5697508,326078069.0141219,2,0.07
240,319670937.89050007,326118432.1093867,2,0.07
260,322169438.99372834,328071374.1317113,2,0.07
280,317623549.6840342,326830627.8703714,2,0.07
300,319272469.61135906,326617733.058597,2,0.07
320,321355318.29181767,328858793.30443984,2,0.07
340,322945731.9391706,330643364.94442475,2,0.07
360,320589690.92035615,329150015.7885517,2,0.07
380,322007110.4286387,328665490.6035775,2,0.07
400,315479131.43975043,328485407.07338196,2,0.07
420,322061968.7565667,325592924.4597073,2,0.07
440,310407309.89691645,326134624.79480857,2,0.07
460,319988240.5346551,325228786.42149895,2,0.07
480,324785687.8492625,328347767.14253336,2,0.07
500,319658354.7386254,327716404.42789924,2,0.07
520,310228067.8256045,327138568.26912117,2,0.07
540,316126516.9522344,327238971.9109224,2,0.07
560,307148564.99336004,326127254.60016114,2,0.07
580,319702660.81799525,329473497.721463,2,0.07
600,318151787.32445395,330324856.5583403,2,0.07
620,320964198.34161747,330364798.4465524,2,0.07
640,314467580.19335777,329635471.1768408,2,0.07
660,311836426.722927,326325269.32137036,2,0.07
680,308534848.7963526,323867039.1621549,2,0.07
700,305777328.21886736,325007434.76602304,2,0.07
720,308791132.3636404,323391988.72286856,2,0.07
740,300653873.772872,328367075.99833935,2,0.07
760,313089169.4385291,325937769.845417,2,0.07
780,287506874.1148718,325034103.2953702,2,0.07
0,330286149.07523966,330286149.07523966,2,0.2
20,333805005.9323434,334174217.9180042,2,0.2
40,334887363.34422034,334104536.45815045,2,0.2
60,334479476.0723077,333859251.78822005,2,0.2
80,333810951.86416626,331173929.6757052,2,0.2
100,332927203.53747976,333866521.1599526,2,0.2
120,329899794.192834,332191682.10501665,2,0.2
140,331419193.0771923,331940565.67498505,2,0.2
160,330163603.08056796,332726581.39421034,2,0.2
180,332723291.09178734,333373248.08965576,2,0.2
200,327617525.90690005,330819905.10299516,2,0.2
220,328076411.98769397,332190155.91276515,2,0.2
240,331978811.4188692,333710107.2751567,2,0.2
260,329300699.043994,332097903.8382367,2,0.2
280,333238754.3843647,332619178.4824786,2,0.2
300,333705897.78649837,333078714.58736104,2,0.2
320,332358992.2931784,333083887.5323951,2,0.2
340,333877543.5073755,333671456.75766784,2,0.2
360,333781354.6539,333396720.8041525,2,0.2
380,332947919.423433,331819645.797357,2,0.2
400,333513181.1737749,333862269.4430056,2,0.2
420,331788578.9437745,332761192.09290224,2,0.2
440,333426241.26096225,335001003.4973986,2,0.2
460,333030589.25879574,331839753.3707428,2,0.2
480,332445535.4564731,332926992.56941915,2,0.2
500,330315053.583102,332020769.65631086,2,0.2
520,331589140.78885996,333181681.43612,2,0.2
540,331920859.10893154,333078970.49775827,2,0.2
560,327529468.4779578,331209048.64827377,2,0.2
580,330111694.0405102,333153929.8753497,2,0.2
600,332213750.0956257,334130407.39689803,2,0.2
620,333315093.27337885,332876726.34170187,2,0.2
640,334281517.3105283,333705601.8348297,2,0.2
660,330047022.50752586,332644151.52961254,2,0.2
680,330876924.75541776,332865204.46685857,2,0.2
700,331620210.1985899,332975760.6099192,2,0.2
720,329269818.20355475,332577538.63703644,2,0.2
740,332899174.33907545,333625352.5842848,2,0.2
760,330597258.5541018,332409427.3814118,2,0.2
780,333541574.5897595,333606636.1045049,2,0.2
0,51827656.59857555,51827656.59857555,2,0.01
20,56152762.79907754,296318192.0945905,2,0.01
40,56648363.46571761,297577288.1467149,2,0.01
60,53846355.35820698,295098025.78790605,2,0.01
80,48822391.410660915,295795599.8974492,2,0.01
100,45166039.059454456,294749496.75784016,2,0.01
120,42641341.40665288,290584768.9438739,2,0.01
140,37950172.640935585,291033766.2573233,2,0.01
160,33380393.415511288,291550855.6555163,2,0.01
180,26939245.99419922,291509690.7951207,2,0.01
200,20917961.593083512,294668618.04110086,2,0.01
220,15184697.648286588,295714796.8693346,2,0.01
240,11132802.068873506,291429316.289074,2,0.01
260,6964548.468226876,290841819.6333734,2,0.01
280,5420542.421850345,289557982.53751427,2,0.01
300,5397918.891994415,287272704.08713984,2,0.01
320,5249759.695447015,288417193.41743785,2,0.01
340,4245702.499281701,287472611.3734781,2,0.01
360,3158168.455595175,287033682.33280754,2,0.01
380,3109151.7747555263,289688577.8393133,2,0.01
400,3070294.742321007,291729172.75883687,2,0.01
420,3581866.036222262,291205092.67800504,2,0.01
440,4476738.007611565,291652372.2357889,2,0.01
460,5877817.513664998,296623667.6993226,2,0.01
480,6841350.91098498,294110511.4478022,2,0.01
500,7976797.717362748,291591479.1659327,2,0.01
520,9290079.806087175,292799425.418723,2,0.01
540,10971305.818730794,289635589.31721044,2,0.01
560,11533619.17360495,290897485.89498615,2,0.01
580,11875173.62767692,292082198.25529647,2,0.01
600,12433503.553797549,293554967.7426808,2,0.01
620,11986018.140162395,294001647.8981195,2,0.01
640,11156141.085763492,296684389.9123237,2,0.01
660,11596966.704768214,296424776.9618956,2,0.01
680,11813703.475307252,295698681.01266265,2,0.01
700,10999887.549864542,297015082.0761283,2,0.01
720,10268812.84968965,297761602.7710977,2,0.01
740,9276318.626631238,296410157.8961069,2,0.01
760,8594982.237526108,295800925.1390824,2,0.01
780,8388092.285031276,294857385.71628237,2,0.01
0,283939030.904203,283939030.904203,2,0.05
20,285023894.85562164,325369200.80676013,2,0.05
40,290660751.6070232,325087829.6029078,2,0.05
60,292469566.23092943,322762555.29872096,2,0.05
80,311074516.8433456,324401072.7207818,2,0.05
100,302275329.8279023,323169812.85151315,2,0.05
120,302257896.4616616,325934934.63237476,2,0.05
140,300724471.0223894,327154013.872765,2,0.05
160,311962755.73145545,325961121.64466953,2,0.05
180,311655367.71735716,327302815.4115031,2,0.05
200,311069030.8967805,325366404.7804525,2,0.05
220,306008174.59457767,324512858.7984487,2,0.05
240,307799343.03844804,325905711.9272574,2,0.05
260,303260413.39304864,323416744.93299294,2,0.05
280,291421626.0543138,322691632.67267746,2,0.05
300,294272960.8444825,326158158.51921976,2,0.05
320,284744753.63280565,326202981.2613665,2,0.05
340,289496214.3457909,326539993.7817202,2,0.05
360,304068559.79217994,326090506.3645487,2,0.05
380,292334327.32553273,320279772.2653658,2,0.05
400,280675680.412651,320049569.42517495,2,0.05
420,284402565.698122,324198986.89252424,2,0.05
440,300270684.1359401,323132978.9468908,2,0.05
460,284443367.467057,326101245.408176,2,0.05
480,283759109.28727543,326694955.1884592,2,0.05
500,313215948.5986872,327261808.72861767,2,0.05
520,307673410.02980655,323477154.9891004,2,0.05
540,299205917.55541295,323398356.86024606,2,0.05
560,314320476.88699126,325947676.47626907,2,0.05
580,308842220.5468285,324557921.5143341,2,0.05
600,308070793.8921579,326682815.3295455,2,0.05
620,304130497.9417925,326838312.7647091,2,0.05
640,294740020.4967455,327116808.4978105,2,0.05
660,289855912.0885742,326513435.8787518,2,0.05
680,283432449.83801085,324173204.4996285,2,0.05
700,259691677.75856176,317193824.3858097,2,0.05
720,287506289.72972363,324021333.7963772,2,0.05
740,290697882.17817664,322867359.2663722,2,0.05
760,274556484.0860649,324711060.121937,2,0.05
780,295244751.9461496,328120887.4455116,2,0.05
0,217255798.09166664,217255798.09166664,2,0.03
20,238204765.2290097,319562744.56494665,2,0.03
40,254173168.008188,320192265.00628674,2,0.03
60,265960203.87631133,321408867.3331896,2,0.03
80,275095175.2461506,322507607.5284426,2,0.03
100,269504826.3521827,323302690.75165,2,0.03
120,266212651.52230552,323442741.81853825,2,0.03
140,272410291.85123235,319540293.240471,2,0.03
160,276515267.9657341,320634795.33335596,2,0.03
180,267863200.0394957,323449369.86201113,2,0.03
200,266013323.08347833,323224097.2816304,2,0.03
220,258786767.63762772,320416229.265817,2,0.03
240,252348552.0567744,316380541.86057055,2,0.03
260,250257638.9587152,318756738.2629378,2,0.03
280,250656480.6647217,320120308.9275867,2,0.03
300,253248316.70217583,320862018.3020792,2,0.03
320,247233655.32274577,319587731.36657846,2,0.03
340,244596060.97107372,319734341.9174543,2,0.03
360,233423264.9940487,321597126.4563898,2,0.03
380,237561025.507213,322597120.86124575,2,0.03
400,246517133.1071324,322217343.2123847,2,0.03
420,228972196.0161786,318790149.43434274,2,0.03
440,211906882.56475532,319017631.2723673,2,0.03
460,219510186.4496531,320683692.9028011,2,0.03
480,236846695.17199808,321286534.9843273,2,0.03
500,251500030.59205824,320874625.7821928,2,0.03
520,252924693.21974683,320536147.83650976,2,0.03
540,251544591.67566836,322278792.4075756,2,0.03
560,258822275.30850103,322896996.43073916,2,0.03
580,245079490.22582003,322765383.1820212,2,0.03
600,225882463.00111872,324016242.6487942,2,0.03
620,214108031.81531268,320803550.23694813,2,0.03
640,205866829.06793147,316978896.9316591,2,0.03
660,184275490.2658612,317814320.8872,2,0.03
680,165499710.67925078,318992214.7209004,2,0.03
700,171770830.4057439,320790828.3847972,2,0.03
720,169694853.36954284,316169812.2840611,2,0.03
740,159060053.31723988,313575454.1655219,2,0.03
760,153355802.6984806,315829377.8866295,2,0.03
780,158488014.28466135,320593668.17621243,2,0.03
0,319703887.08002377,319703887.08002377,2,0.07
20,319039352.39062643,329621387.9874568,2,0.07
40,313335775.9280105,329552590.407351,2,0.07
60,314577065.24909437,329569298.9221834,2,0.07
80,317757916.1691036,330171227.76557267,2,0.07
100,309911873.7820668,328232073.72990906,2,0.07
120,318516992.90424466,328454498.62407243,2,0.07
140,319189156.5081795,329620939.8488647,2,0.07
160,317856652.20558375,326738185.8608795,2,0.07
180,316762453.9283023,329065940.13047206,2,0.07
200,316824974.6447906,326129551.91941214,2,0.07
220,316136788.33379257,329464774.9174135,2,0.07
240,317990340.87867826,328576712.1017872,2,0.07
260,316059480.6109534,324652296.58217597,2,0.07
280,306977332.79665536,326476246.1051693,2,0.07
300,297843450.05122215,324399671.34738594,2,0.07
320,308456842.4430883,328665298.2080934,2,0.07
340,309935425.73515064,327411252.69614327,2,0.07
360,309666400.50926447,327465109.4558431,2,0.07
380,298506198.5650649,329028026.8033619,2,0.07
400,303067850.5609179,328248613.9564066,2,0.07
420,304082385.37557864,329093983.6535286,2,0.07
440,304763165.6880819,328085258.1124801,2,0.07
460,315805163.7988135,326601259.32618237,2,0.07
480,306499677.85175,324162812.3252533,2,0.07
500,305051886.39213234,328165955.7764058,2,0.07
520,314201060.33903074,324892632.6955247,2,0.07
540,309750265.9063082,329870304.74904513,2,0.07
560,310999829.7717302,323853115.4257642,2,0.07
580,310574864.6691049,324482413.4038275,2,0.07
600,315917020.75110316,329746880.3957453,2,0.07
620,308171919.2540207,329324529.8490379,2,0.07
640,315836188.5981263,329865109.8687576,2,0.07
660,303679575.7871433,326710224.6720522,2,0.07
680,316195543.59707224,327479158.3425538,2,0.07
700,311919506.451004,327854841.4631996,2,0.07
720,309938688.8272922,328524592.8244943,2,0.07
740,318375065.8468167,327565783.4544951,2,0.07
760,313099993.5413804,329550572.1553793,2,0.07
780,319419360.46611786,325756451.1576861,2,0.07
0,330781086.20947087,330781086.20947087,2,0.2
20,327607907.89304507,332055933.7445612,2,0.2
40,332563013.9072914,333117605.84980834,2,0.2
60,331989707.49329346,333582195.6849748,2,0.2
80,331689162.9331124,333528702.14817905,2,0.2
100,333410736.3075794,334919210.23619825,2,0.2
120,332588868.68362963,332737840.53867775,2,0.2
140,333899667.9730351,331492807.51925665,2,0.2
160,333650346.74694717,332668308.89749336,2,0.2
180,333114016.1329391,333661765.6881195,2,0.2
200,333647492.97485137,333823386.1050702,2,0.2
220,329273642.1592217,332982062.03153443,2,0.2
240,330943447.35541385,333260816.79152405,2,0.2
260,332201765.84901977,333429329.27967346,2,0.2
280,332325667.3969232,333828144.8663544,2,0.2
300,330243682.6129117,331663845.5120564,2,0.2
320,330984199.02151716,334047440.01516557,2,0.2
340,333731605.7561468,333660191.05661094,2,0.2
360,326894701.1187083,330424628.34090805,2,0.2
380,328346133.9193275,332905779.39343536,2,0.2
400,330385733.9623474,332749233.86759657,2,0.2
420,331850146.54755765,331420382.35988086,2,0.2
440,330102758.39586806,332230776.3885453,2,0.2
460,331910054.35098755,332219667.6762545,2,0.2
480,332156291.5905074,333283723.7718121,2,0.2
500,330865863.3997621,332740960.4410807,2,0.2
520,330007191.81839514,332874671.95072937,2,0.2
540,327782214.93490785,331188787.54169846,2,0.2
560,333657634.7147995,332506421.6498936,2,0.2
580,332549639.29709595,334592647.2292067,2,0.2
600,332430264.9845228,332106985.81930274,2,0.2
620,328343083.49473214,329070892.11572695,2,0.2
640,331706519.6008413,333030612.92566824,2,0.2
660,332188472.84535867,333322660.2487566,2,0.2
680,332943646.86651486,333285983.3175523,2,0.2
700,332486315.1618785,333598029.738994,2,0.2
720,328961787.7301067,332451295.3142821,2,0.2
740,331770467.82599986,333117230.5773521,2,0.2
760,329440320.55328655,330279017.0130803,2,0.2
780,329580906.9868014,333231249.25858915,2,0.2
0,131601715.97287476,131601715.97287476,2,0.01
20,133699465.39012282,307710790.2286421,2,0.01
40,136336069.41566384,307132298.61011624,2,0.01
60,136290157.14639455,307189776.2817079,2,0.01
80,133263483.0140136,307539790.82180333,2,0.01
100,126987699.25470918,307345836.3958131,2,0.01
120,121343953.39057146,306114231.7354263,2,0.01
140,119944735.52684948,307732217.03337324,2,0.01
160,124222840.97303614,309393927.36586404,2,0.01
180,126627465.12653469,308943522.8855529,2,0.01
200,126311310.06841542,308190763.68937814,2,0.01
220,128689984.12928373,308139316.94461095,2,0.01
240,132190097.95366617,308869899.2959291,2,0.01
260,135261516.99704596,307390654.08531284,2,0.01
280,135654409.91277006,307011674.6190452,2,0.01
300,132764733.4106672,307707707.57860243,2,0.01
320,127058525.50382943,307398176.564607,2,0.01
340,121340430.46711531,308029696.55504775,2,0.01
360,115622963.70735323,307824237.707324,2,0.01
380,111381033.60559233,309327646.0277201,2,0.01
400,105877556.23445864,307469379.40734917,2,0.01
420,100169929.56193852,308305188.9744842,2,0.01
440,97936509.04665858,308605320.9456122,2,0.01
460,93414287.55233492,308468493.4378034,2,0.01
480,88918137.15336908,309666334.4276426,2,0.01
500,88109181.48823671,308765446.5105433,2,0.01
520,92520321.97706924,307265746.36473346,2,0.01
540,93863599.45534712,306606709.62177145,2,0.01
560,87881218.23007885,305696445.944679,2,0.01
580,78152683.48461872,307349992.9315904,2,0.01
600,70415669.50533877,307367671.8508676,2,0.01
620,66255438.268105805,306272694.1733766,2,0.01
640,64666077.81635852,308124933.5784441,2,0.01
660,64554217.84408355,308208184.900551,2,0.01
680,66510706.6664158,307627208.7312267,2,0.01
700,71160969.27945945,307592091.89958906,2,0.01
720,74148475.89226088,303893511.1480328,2,0.01
740,76080220.4156971,305867971.0770355,2,0.01
760,80709924.25401072,306205930.76289916,2,0.01
780,87068740.14951831,303059877.50372773,2,0.01
0,300465534.37455016,300465534.37455016,2,0.05
20,307773016.9107199,324824276.654658,2,0.05
40,309653574.7349914,325525488.6685749,2,0.05
60,305031729.47607017,327351354.1154028,2,0.05
80,302619806.368899,328396862.8341993,2,0.05
100,289738236.0125319,326318522.8129375,2,0.05
120,286088282.8839346,327458228.23737943,2,0.05
140,287916545.07410467,328789460.2857877,2,0.05
160,291609420.5020778,328108297.5732555,2,0.05
180,295627234.07440084,328453400.633852,2,0.05
200,288120096.97532225,326814386.8619348,2,0.05
220,297973184.3044293,324499373.9495487,2,0.05
240,293456419.44551593,324382960.6075843,2,0.05
260,278725771.27265596,322690805.5666393,2,0.05
280,272776185.2396067,326613229.178835,2,0.05
300,270242625.5058409,328222500.2035637,2,0.05
320,263966908.44775176,328662988.64944047,2,0.05
340,279922394.6524904,330317165.51219237,2,0.05
360,283273751.99752206,329227508.32034653,2,0.05
380,296224800.979514,326712281.2099327,2,0.05
400,293812606.88310236,325299791.32217366,2,0.05
420,295120941.10063976,326806876.19845545,2,0.05
440,287043796.3337264,323959357.7011957,2,0.05
460,276979286.8812104,323954841.7048161,2,0.05
480,296658543.2088669,325410283.23665404,2,0.05
500,293468191.3789681,324082083.4958042,2,0.05
520,289910500.60014576,325216298.9728874,2,0.05
540,302347094.9368777,327237333.098866,2,0.05
560,305845963.2729575,328211160.9220419,2,0.05
580,302054012.0736216,326673023.67726445,2,0.05
600,304717287.4333805,328155443.9731349,2,0.05
620,302607640.8034444,327507858.07418597,2,0.05
640,310180541.91546583,326111277.5300486,2,0.05
660,315883380.0375607,326328489.602214,2,0.05
680,298745476.98832655,325852316.10488206,2,0.05
700,306891272.8210169,327866581.57359517,2,0.05
720,313756541.26458263,326526149.0326532,2,0.05
740,311193462.4394251,327884947.58864254,2,0.05
760,321040965.71488786,330431662.01598907,2,0.05
780,321537563.8836905,329264414.6976429,2,0.05
0,288916237.17416394,288916237.17416394,2,0.03
20,284188397.29458916,323783232.2061375,2,0.03
40,286988164.6526922,322828398.0543394,2,0.03
60,287061279.1004143,319468181.5350077,2,0.03
80,271972367.782549,315831487.22834325,2,0.03
100,260366512.10431236,318849467.07879514,2,0.03
120,260883314.6042925,324129016.42703176,2,0.03
140,268836678.56080675,324379546.3255427,2,0.03
160,255299358.50693643,320190551.23697734,2,0.03
180,255546685.3263037,320555997.6662687,2,0.03
200,268649943.7059099,323966072.2303594,2,0.03
220,265231144.7919066,322466054.06844354,2,0.03
240,260784772.4438852,320497534.8739214,2,0.03
260,257824706.85717344,317740908.5473248,2,0.03
280,269988416.25399363,319279169.1017008,2,0.03
300,281343242.469522,320777746.1373607,2,0.03
320,282661637.23506147,322494915.5892973,2,0.03
340,285249395.4092488,322826306.9824854,2,0.03
360,284193926.094272,323168105.7029742,2,0.03
380,277938551.79974675,322719570.3281653,2,0.03
400,270367602.01783484,321669131.31456256,2,0.03
420,266300356.21356785,322974185.36385494,2,0.03
440,277281737.93371004,321549920.369948,2,0.03
460,286810125.95830107,321626061.29181474,2,0.03
480,281472704.0390504,321493731.93461925,2,0.03
500,264657879.14702493,319548130.555266,2,0.03
520,267700988.98468977,318033540.1824688,2,0.03
540,267474655.79977965,317586877.3624203,2,0.03
560,264998488.7188942,321224036.0435226,2,0.03
580,268334497.65851235,321701573.9346189,2,0.03
600,270726270.0111602,321098598.25051653,2,0.03
620,266863272.47388,321091853.32642245,2,0.03
640,256084306.01403332,319374031.028141,2,0.03
660,240541983.6481578,320025157.8879396,2,0.03
680,242627078.145938,321971335.6776176,2,0.03
700,240424043.2446623,319348434.1613611,2,0.03
720,238908327.2566916,318394684.52164626,2,0.03
740,226759903.7080692,317748693.7936471,2,0.03
760,211126870.5502484,318609677.6782661,2,0.03
780,198390147.52278668,314720939.2190947,2,0.03
0,316686222.07383347,316686222.07383347,2,0.07
20,318280949.8726715,327083984.7977398,2,0.07
40,316428498.9263431,327813254.25806683,2,0.07
60,319648533.6775077,326161952.48886573,2,0.07
80,302694530.59882444,323013449.79016113,2,0.07
100,307473383.0576333,320466044.0237484,2,0.07
120,306135335.34248614,327271268.7799481,2,0.07
140,304763651.4411866,326935459.87571895,2,0.07
160,318262639.1554476,327413380.22076637,2,0.07
180,320359688.5481645,326597179.5340723,2,0.07
200,326213983.55254555,329357853.61934984,2,0.07
220,325168133.9448378,328917691.45088804,2,0.07
240,323524234.9066547,330283649.85121214,2,0.07
260,317601602.3862629,327372577.93441904,2,0.07
280,312448251.30997586,329625502.90302277,2,0.07
300,310210442.1747432,325520847.5336425,2,0.07
320,309651730.7387436,327177872.0668929,2,0.07
340,301723197.49876916,325069180.56170017,2,0.07
360,310258732.4955794,324453795.68877786,2,0.07
380,307313306.5305732,327399626.910259,2,0.07
400,312506310.9734081,324529308.7784086,2,0.07
420,314836425.4792272,329480417.1760447,2,0.07
440,315778480.11493146,328832487.2091811,2,0.07
460,317100762.0170616,329055589.8483913,2,0.07
480,320781778.82429945,328094775.9437221,2,0.07
500,325172122.6967238,329778292.41056144,2,0.07
520,323519121.7027548,329244787.1571835,2,0.07
540,321280361.0256211,331074507.43155545,2,0.07
560,318470844.61758107,329301961.1620174,2,0.07
580,317587054.77853024,329958774.7792797,2,0.07
600,306917914.02276355,325821290.90746117,2,0.07
620,321136833.7745961,329573186.1984476,2,0.07
640,314478035.00748956,326975474.3511362,2,0.07
660,314680758.955755,327558976.2527864,2,0.07
680,312422497.7936269,326360689.7680528,2,0.07
700,309469855.0826769,326208368.6497845,2,0.07
720,303667893.1308811,327253901.94520235,2,0.07
740,304889255.3433076,327446606.3638023,2,0.07
760,304847099.5938061,327473686.3537294,2,0.07
780,316138846.3413806,329745643.50384605,2,0.07
0,328064173.89985615,328064173.89985615,2,0.2
20,334864659.6164931,333842359.7557782,2,0.2
40,328912046.4913529,331706204.9244354,2,0.2
60,334690056.92164266,332695576.1902429,2,0.2
80,333812844.9953269,333044221.80578387,2,0.2
100,334041902.7513062,332657657.10922176,2,0.2
120,331662217.04763395,332033805.8205142,2,0.2
140,334856869.96620184,334345728.78298295,2,0.2
160,331541687.34310436,333059710.092303,2,0.2
180,331716586.8254535,332804289.05373365,2,0.2
200,331800442.86929804,332141812.6711168,2,0.2
220,332268779.3757514,333403783.8791752,2,0.2
240,333267884.07596004,332962214.84996295,2,0.2
260,329999722.6310961,332673321.4443934,2,0.2
280,332189264.34310174,333647360.7044705,2,0.2
300,332347535.3817301,332979777.8945423,2,0.2
320,331552407.67822325,333680894.19529605,2,0.2
340,332190472.35057414,332597080.68281424,2,0.2
360,329977359.77802646,330848350.4469502,2,0.2
380,327654653.7556014,332789044.12787414,2,0.2
400,334052364.1828232,334512872.88039887,2,0.2
420,329030319.9678751,330573235.4464914,2,0.2
440,333952470.3731341,333509584.12629175,2,0.2
460,332195821.88481545,333135911.9895698,2,0.2
480,333912579.5965529,333732103.39475846,2,0.2
500,334528502.80528224,333569477.69295824,2,0.2
520,334229121.68644696,333955702.87534845,2,0.2
540,332272815.7400336,332898885.5115403,2,0.2
560,331231120.69591165,332048529.97438383,2,0.2
580,332664927.38310754,333151730.69673824,2,0.2
600,332546643.0453029,332595997.09836626,2,0.2
620,325348596.80617404,331574150.46534663,2,0.2
640,330393379.6786562,333088945.97178125,2,0.2
660,323173317.45694906,331448154.21516883,2,0.2
680,333052125.4275461,333561872.59997344,2,0.2
700,331381638.498492,333723723.8591194,2,0.2
720,327539236.6259849,331073633.12908226,2,0.2
740,326095566.59820753,332878343.4234949,2,0.2
760,324441302.4101174,333113510.2079,2,0.2
780,325148289.1638752,330217052.85732204,2,0.2
0,100329175.8319213,100329175.8319213,2,0.01
20,105754357.40153997,307703925.80530334,2,0.01
40,109357617.6229658,306244502.6602019,2,0.01
60,111158666.7313578,307665997.08871925,2,0.01
80,114495229.05339916,307575396.6630521,2,0.01
100,116268248.70272924,308646189.1629758,2,0.01
120,112968036.13748647,310138951.0968513,2,0.01
140,107839293.2559474,310338982.9115197,2,0.01
160,98836442.15303671,311286727.30007505,2,0.01
180,89600307.36154754,310464807.07245046,2,0.01
200,85838541.4904761,311117132.6286236,2,0.01
220,84114321.1361289,311781691.9176475,2,0.01
240,81773339.12577783,311384095.3830584,2,0.01
260,81148484.4862816,311196250.26790357,2,0.01
280,84553311.511234,310390113.68692577,2,0.01
300,91227365.06762718,309051386.727407,2,0.01
320,94695210.74718536,306932332.7758212,2,0.01
340,96414400.85525736,305272968.0642692,2,0.01
360,96720172.1381054,302715843.2729654,2,0.01
380,94514917.53862669,301630780.60504615,2,0.01
400,90822288.1397988,301767020.92409927,2,0.01
420,89755933.68614672,301899894.0329298,2,0.01
440,94079008.47832853,302532327.9935869,2,0.01
460,99100087.51044856,303205261.0635983,2,0.01
480,105846600.91929369,305655577.2958397,2,0.01
500,113999428.75541106,307447463.730996,2,0.01
520,115897047.54570258,306970622.7585697,2,0.01
540,114200977.53309987,307795284.46357393,2,0.01
560,112992341.52472056,307609875.5858799,2,0.01
580,110692442.2188428,305667131.56515336,2,0.01
600,106763670.30432776,305865457.7513775,2,0.01
620,101757520.93898456,306071679.4760919,2,0.01
640,99966297.66021466,305433889.30949974,2,0.01
660,97203679.04004934,305892464.2128203,2,0.01
680,95133358.06244823,306229593.6882586,2,0.01
700,93054394.7563478,304897760.94728196,2,0.01
720,93627470.43201712,306717173.05808294,2,0.01
740,94496368.24773411,306406789.99725777,2,0.01
760,90098351.05217244,305158589.58834285,2,0.01
780,86988955.1939487,304892169.6804577,2,0.01
0,305919465.18417394,305919465.18417394,2,0.05
20,312252706.950245,328875297.84096634,2,0.05
40,302532244.47321314,324170189.70031464,2,0.05
60,307613985.56065387,328458657.88154024,2,0.05
80,307860437.63069427,324246899.138883,2,0.05
100,296729958.86607844,324801330.95404047,2,0.05
120,308817818.52262104,326224338.61775994,2,0.05
140,305274438.71840614,322488436.70002574,2,0.05
160,295393584.9660454,325319355.21261686,2,0.05
180,307565490.0642744,325393171.23350877,2,0.05
200,293963309.88549334,320869153.42526805,2,0.05
220,290824099.71327484,324979920.76661944,2,0.05
240,301324992.1487552,326665260.7047581,2,0.05
260,310042594.16625535,327026695.88532037,2,0.05
280,308084134.58385587,327457632.2356467,2,0.05
300,312350244.9712218,326883927.46425605,2,0.05
320,310814816.84404385,325519823.5786127,2,0.05
340,304735275.57405055,324814259.9206525,2,0.05
360,279301246.7312242,321681331.88078713,2,0.05
380,291045148.8428118,324691256.3666061,2,0.05
400,298522857.1570427,319536427.7507986,2,0.05
420,286517809.73320764,325363104.82435143,2,0.05
440,304957397.2968433,329298990.33912134,2,0.05
460,311445367.3261502,327764263.3688588,2,0.05
480,311290397.18312895,327495449.0506654,2,0.05
500,301557964.27281827,323312442.44706273,2,0.05
520,306646954.6309973,322944899.426715,2,0.05
540,304214624.57323575,326668534.206417,2,0.05
560,297643069.4883826,322323479.7625231,2,0.05
580,313370017.82497394,325170252.0901463,2,0.05
600,305945767.70874846,324853417.86597955,2,0.05
620,308653451.90615845,325250270.47627705,2,0.05
640,308723113.2451018,321287381.585227,2,0.05
660,307841319.5710497,325581744.0835364,2,0.05
680,281184970.8885789,320746575.6995031,2,0.05
700,280697154.30807805,324460869.28719044,2,0.05
720,292038258.74761903,324299234.32999295,2,0.05
740,256366153.20454943,321490843.7732384,2,0.05
760,274957016.63573116,323731057.6839669,2,0.05
780,291425321.8541181,324336983.3395264,2,0.05
0,289200771.2720783,289200771.2720783,2,0.03
20,286266953.8953178,324560947.47243357,2,0.03
40,281598832.1443021,322185980.51928335,2,0.03
60,279587764.8077984,322562515.57920605,2,0.03
80,270323628.8856821,323349770.823315,2,0.03
100,257912072.5205564,322068641.4271583,2,0.03
120,260199028.042884,321248250.5245325,2,0.03
140,266316623.68556896,319256867.3883458,2,0.03
160,256196546.2764176,319538617.755953,2,0.03
180,239086696.98098496,319408585.132794,2,0.03
200,247071664.64988244,320162600.64441216,2,0.03
220,270558788.95093155,320628907.4777323,2,0.03
240,281135937.15152943,318545576.13879627,2,0.03
260,275996741.4062504,317938145.041417,2,0.03
280,276684437.19777435,319978549.3728809,2,0.03
300,289296924.37957275,321052762.6932846,2,0.03
320,283533849.2366489,319460365.5562334,2,0.03
340,275710270.24359834,317708239.0789108,2,0.03
360,272159083.64889896,314750957.48956585,2,0.03
380,277252761.72524565,313396563.73761404,2,0.03
400,271826746.85462135,315778313.87751454,2,0.03
420,251719567.88723215,317447573.41382337,2,0.03
440,253044422.8425556,316705779.2297547,2,0.03
460,281888358.3280469,320905984.27173245,2,0.03
480,290217192.23874044,324883872.38353425,2,0.03
500,278380585.44143593,324366908.7478955,2,0.03
520,269494043.9743067,322618999.80569565,2,0.03
540,266389838.4592939,319480248.3789865,2,0.03
560,261942936.06063104,319873571.34289944,2,0.03
580,260442643.83239207,321621082.2876998,2,0.03
600,260217342.84226152,322585226.3197838,2,0.03
620,259981817.00470772,322336920.370026,2,0.03
640,265653381.8560286,322464044.7392485,2,0.03
660,277199641.8469516,321303438.541671,2,0.03
680,278236726.0989523,322578007.73732173,2,0.03
700,254778442.49711663,316649893.9459939,2,0.03
720,233038072.2689456,311177831.4432137,2,0.03
740,249436946.4728099,316276901.3137166,2,0.03
760,249139164.51112705,319866522.29396677,2,0.03
780,228693245.669217,318219606.8839305,2,0.03
0,312844566.79137677,312844566.79137677,2,0.07
20,314313210.6303547,330938246.3415883,2,0.07
40,312338746.9604567,326174275.3827977,2,0.07
60,311701416.712548,326588256.23183596,2,0.07
80,309674619.55853695,323703379.7751351,2,0.07
100,315567858.9910049,328247374.17349935,2,0.07
120,314220139.48548853,328470823.5240218,2,0.07
140,309638937.20107216,327297809.2512933,2,0.07
160,310623075.10763013,326330213.7995517,2,0.07
180,301764518.4917476,327772274.79712796,2,0.07
200,301690649.1682776,326299288.62261856,2,0.07
220,299418247.83727545,326314692.2613651,2,0.07
240,286841132.3112927,322487822.2957697,2,0.07
260,317756063.56747293,325664601.6607626,2,0.07
280,294895480.8970143,326748286.2363153,2,0.07
300,303858180.15705836,325278960.4565312,2,0.07
320,283928187.47776353,324630428.48927414,2,0.07
340,302027864.2291647,320539958.51799047,2,0.07
360,283605504.7722324,323844741.04033726,2,0.07
380,322884144.90859914,320795517.1015315,2,0.07
400,322939748.95080197,328341512.89336467,2,0.07
420,316833109.56837034,324509625.9887129,2,0.07
440,320375998.3936442,328693592.2256659,2,0.07
460,321047350.38002026,326211699.6497058,2,0.07
480,321313837.0557091,328510756.1883117,2,0.07
500,321767756.04219353,329283671.1484318,2,0.07
520,320225461.5853118,327831787.2199993,2,0.07
540,316953501.0543779,328189148.7952671,2,0.07
560,321340283.5157548,328824190.8369182,2,0.07
580,320917157.6643795,328170235.54732496,2,0.07
600,327087951.9264368,329641836.9998503,2,0.07
620,325222882.6493237,327985546.3675268,2,0.07
640,310636973.9471431,327640008.84615105,2,0.07
660,319525557.58154225,326480753.9522084,2,0.07
680,307935404.7541715,327821750.37870884,2,0.07
700,321148580.0063756,329125084.34037685,2,0.07
720,318585212.34272945,329345523.8616324,2,0.07
740,317975663.40885985,327381052.3419553,2,0.07
760,319405572.9321625,328196873.62701786,2,0.07
780,309404349.48520017,325332026.07150346,2,0.07
0,332661786.19622767,332661786.19622767,2,0.2
20,333238440.78854835,332996775.9024439,2,0.2
40,331316773.00621104,333671341.0889042,2,0.2
60,333362856.047004,332460674.0917639,2,0.2
80,326323156.5839832,330090783.7920394,2,0.2
100,327622365.98710114,331643777.92230093,2,0.2
120,321217658.570805,330311727.6969937,2,0.2
140,327590508.331179,333432504.21609,2,0.2
160,332986998.9564862,334011104.46468407,2,0.2
180,333745952.007218,332666784.45757246,2,0.2
200,335078087.80590844,334558682.545995,2,0.2
220,331914800.9449805,331433382.67455214,2,0.2
240,329811441.403008,331995774.1816706,2,0.2
260,331431741.9834235,332724016.4266395,2,0.2
280,332462970.4641595,333415807.0656892,2,0.2
300,332307243.9416604,333166147.5128225,2,0.2
320,334474970.7084801,333095373.19449604,2,0.2
340,334110172.2352526,333726847.6083295,2,0.2
360,334158969.68718594,333637369.92249894,2,0.2
380,334192561.77621204,333233975.2671561,2,0.2
400,334842557.81518805,334207554.8600321,2,0.2
420,328849993.2222771,331174887.2411042,2,0.2
440,332434138.58012295,333610157.1014427,2,0.2
460,330393377.0803701,332844617.5646583,2,0.2
480,326836312.0479021,331756351.00270885,2,0.2
500,329237084.7702998,331476690.0090971,2,0.2
520,332173125.0646559,333605263.4618354,2,0.2
540,327986624.40812933,331855668.9335023,2,0.2
560,332202755.1659122,333540335.92548066,2,0.2
580,333710656.1563789,334317040.5313095,2,0.2
600,330031726.4235029,330742332.7277141,2,0.2
620,330390595.22821224,331981513.8798165,2,0.2
640,327729051.72550964,332194477.8314851,2,0.2
660,332411658.3989488,333664574.1731729,2,0.2
680,325867992.20463836,329629093.5659912,2,0.2
700,331220571.22384644,333292734.7648015,2,0.2
720,332562710.7728038,333446124.27640235,2,0.2
740,329854764.58696467,330731937.90375125,2,0.2
760,330714587.4646788,333365756.46776235,2,0.2
780,329317946.85701394,333545821.22009337,2,0.2
0,87944853.1443375,87944853.1443375,2,0.01
20,82482087.8384113,306413701.9309277,2,0.01
40,81816740.23783778,303616586.02240187,2,0.01
60,80584229.48840833,299438141.2908985,2,0.01
80,77218085.96793562,302351690.75990343,2,0.01
100,75206572.57321203,303364761.88343686,2,0.01
120,72720915.89269522,303477193.03012383,2,0.01
140,71658836.81331035,304390081.6805136,2,0.01
160,69136253.41964121,304498535.6443713,2,0.01
180,64905741.366952494,306557312.1137997,2,0.01
200,60191640.7911065,304659267.6197889,2,0.01
220,56340030.43466377,302864077.0798079,2,0.01
240,51393917.98467767,302826224.02596474,2,0.01
260,46722842.04128886,301870839.51194453,2,0.01
280,45327028.11813885,302144342.11990505,2,0.01
300,45973240.47048371,300423179.9939236,2,0.01
320,47049996.857514575,298424485.9170568,2,0.01
340,47094175.94672993,299560501.71526027,2,0.01
360,46516289.41784583,301445789.2532438,2,0.01
380,48393172.04935232,302839343.02986026,2,0.01
400,48966805.07628717,303725462.01185775,2,0.01
420,47696578.72561843,303211285.7607906,2,0.01
440,49318174.501397066,304194646.55807817,2,0.01
460,52866507.81507629,303939947.0306937,2,0.01
480,54022940.3196614,303072314.3506666,2,0.01
500,48078403.689901,301641934.26497114,2,0.01
520,43016327.25449917,300684770.68020165,2,0.01
540,43195311.14828743,300854802.34213614,2,0.01
560,47016146.90173163,301572532.87306386,2,0.01
580,52647916.82630308,302057818.5229421,2,0.01
600,56557284.83124716,299486606.56123275,2,0.01
620,58887815.95123722,300420685.47224087,2,0.01
640,62648079.517665744,299876612.0063688,2,0.01
660,67765953.27588537,303252273.79707164,2,0.01
680,77051039.20083876,301157315.47441494,2,0.01
700,75614231.67803621,300386509.042092,2,0.01
720,70564735.7610339,303014604.8176688,2,0.01
740,73385452.5900504,303401134.82951057,2,0.01
760,77461309.902872,303162362.0219335,2,0.01
780,82509667.99225172,303360662.1523717,2,0.01
0,318058435.8071326,318058435.8071326,2,0.05
20,309634966.47696924,325391948.5165529,2,0.05
40,304127679.99345577,325310719.4393069,2,0.05
60,307008990.484051,323056469.88180083,2,0.05
80,298857604.9941734,322112439.785503,2,0.05
100,310535277.7799405,325288038.76929283,2,0.05
120,307565699.15215075,325295164.0381644,2,0.05
140,306226962.4590176,326636667.07363665,2,0.05
160,310336965.4856268,324414400.32822394,2,0.05
180,305350367.43138224,326002926.9625937,2,0.05
200,307035670.3644649,327111395.6005898,2,0.05
220,303326278.2927555,325143411.8386664,2,0.05
240,303266903.67052937,326828419.34860396,2,0.05
260,312884984.3920111,328321843.9260169,2,0.05
280,301776729.5895533,327133855.876495,2,0.05
300,303118447.20668745,326996051.8572213,2,0.05
320,307634444.25126344,325884536.8939071,2,0.05
340,299324577.3870489,324534625.9124929,2,0.05
360,299560077.9100282,326488882.14462507,2,0.05
380,299292357.2433977,326359878.12637514,2,0.05
400,301099684.5025857,328123710.1470601,2,0.05
420,300321799.925442,328220766.0719881,2,0.05
440,306609546.29376584,327289841.1151859,2,0.05
460,303551565.3311645,325084275.8429883,2,0.05
480,293276077.0211673,323848211.23391306,2,0.05
500,280005709.796294,324602344.1095532,2,0.05
520,272428168.43994284,319312778.9379035,2,0.05
540,275992508.3406912,324341780.01294,2,0.05
560,274567023.2989757,324589082.15617347,2,0.05
580,287180912.70835334,326578207.9413247,2,0.05
600,301145244.0939557,324650226.8434106,2,0.05
620,309598413.0171019,326330170.06425554,2,0.05
640,309117268.0757527,328135931.42055166,2,0.05
660,301352245.8312318,325615347.9492432,2,0.05
680,303753964.97473514,325199445.86854166,2,0.05
700,299754732.4115281,325869670.7396388,2,0.05
720,291997315.5569449,322561907.3774082,2,0.05
740,305557730.1731417,328254387.84882843,2,0.05
760,299403935.7590919,329196195.58888894,2,0.05
780,289432035.5779746,327384577.42337126,2,0.05
0,280243062.4701606,280243062.4701606,2,0.03
20,280379953.4661201,326144878.03826535,2,0.03
40,276002855.6240689,323900637.59011024,2,0.03
60,271513346.6898829,321341485.8698677,2,0.03
80,277194548.09670454,321258167.09988606,2,0.03
100,285522459.9660835,323440492.9125281,2,0.03
120,291183590.375401,322641371.29411006,2,0.03
140,286465521.2962891,321915161.59640795,2,0.03
160,275241994.1419804,321500965.14281917,2,0.03
180,266088591.79917967,320852204.87187004,2,0.03
200,251859269.71321556,320174077.9648842,2,0.03
220,254979774.1960879,322666717.47816676,2,0.03
240,269109425.8163348,324692664.373705,2,0.03
260,267058799.62483892,323165404.0291219,2,0.03
280,256759795.5142356,320367656.89304763,2,0.03
300,237701940.79497343,319072747.77010226,2,0.03
320,241042501.264727,321400046.8153357,2,0.03
340,246714238.37534705,322409961.9522414,2,0.03
360,242202389.62625745,317278174.60115653,2,0.03
380,241819962.34506643,315823605.38434327,2,0.03
400,244911302.7373326,320172949.9472815,2,0.03
420,252125867.79328355,325055908.9180247,2,0.03
440,260460167.81712627,323887546.3069006,2,0.03
460,261495780.48206076,322366677.87832844,2,0.03
480,259146759.8496076,322299681.9331403,2,0.03
500,264986371.03386563,321043568.8187278,2,0.03
520,269859537.78967375,320484615.4379275,2,0.03
540,269289307.4084711,319772534.05750424,2,0.03
560,264723554.722391,320708593.6318896,2,0.03
580,268429397.63797623,322181232.12236255,2,0.03
600,270451643.8827902,322428327.7402394,2,0.03
620,259518911.7622878,322320477.057183,2,0.03
640,241903365.70352983,320882015.93281627,2,0.03
660,249949068.04779896,319347979.7836156,2,0.03
680,265050870.42127675,320432049.4533265,2,0.03
700,261616737.81212935,320975683.3720226,2,0.03
720,237902845.73408228,320172186.8379576,2,0.03
740,227471187.78831404,319623338.70706,2,0.03
760,236901691.97589,322120801.3875072,2,0.03
780,241115499.00370276,324886187.501199,2,0.03
0,293697467.17456204,293697467.17456204,2,0.07
20,305472603.0168196,327622919.7511622,2,0.07
40,294174500.4515517,327861042.2090585,2,0.07
60,306988896.4487683,325409635.13294685,2,0.07
80,300946888.0362471,327972653.4335309,2,0.07
100,295305916.70160043,325753696.44112825,2,0.07
120,289774419.60056573,326167243.5924529,2,0.07
140,290982889.14596534,323993433.67576367,2,0.07
160,294016826.1456552,325750147.3728663,2,0.07
180,300199543.9414355,322629269.75532293,2,0.07
200,287559705.1545326,327569627.5083847,2,0.07
220,301753462.75638044,328013397.9550322,2,0.07
240,283180239.1743361,326613725.7258384,2,0.07
260,283918515.6287404,325735640.2977691,2,0.07
280,283855011.89780354,322448130.6163459,2,0.07
300,303624713.62002194,328940910.1945363,2,0.07
320,302401275.31728137,325280539.61278343,2,0.07
340,308401885.0579461,328765625.6471988,2,0.07
360,303474776.27134454,328805435.1880158,2,0.07
380,308022040.3000715,326146135.0896882,2,0.07
400,302486583.66130763,323980714.5001775,2,0.07
420,299281080.3359424,325099001.41644394,2,0.07
440,300096883.678028,324874380.768021,2,0.07
460,301975577.94491017,324675156.40667856,2,0.07
480,305081000.75128627,325415458.3069557,2,0.07
500,288951017.89098567,323173979.8310143,2,0.07
520,294765617.95476377,326189530.28253746,2,0.07
540,279310254.76461947,325004916.9272171,2,0.07
560,293704481.0164238,322987187.4900325,2,0.07
580,275516102.17185515,322469626.8000805,2,0.07
600,292705252.64809,320804537.75173384,2,0.07
620,296595492.6255139,323705112.265987,2,0.07
640,294909587.74468476,326946737.24855644,2,0.07
660,300614548.93548346,325221220.5037646,2,0.07
680,295504489.69648165,325676481.5024433,2,0.07
700,297559485.0652412,328212566.24582434,2,0.07
720,307214720.13900006,328016638.3980439,2,0.07
740,308850673.0068415,330546067.4566555,2,0.07
760,311478950.93802124,327704032.3287784,2,0.07
780,321865577.596889,329927625.33275926,2,0.07
0,332483286.25584614,332483286.25584614,2,0.2
20,327604409.9034779,332285889.18152523,2,0.2
40,328935459.9820408,332121758.43663013,2,0.2
60,320418483.90510154,330336115.85015225,2,0.2
80,320950030.97781926,331067054.7806821,2,0.2
100,323514909.4281237,332334327.8256096,2,0.2
120,319804218.436386,330366087.18548,2,0.2
140,321840051.5114265,332139671.61127937,2,0.2
160,319914782.3517289,330686381.0898665,2,0.2
180,329610426.8491853,333957983.38585246,2,0.2
200,330047164.1088513,333742200.99836594,2,0.2
220,332302817.14866996,333753404.04036784,2,0.2
240,334582704.9649985,333898161.83686125,2,0.2
260,330065303.5148473,332929837.1709362,2,0.2
280,333662765.10550374,333666068.74778175,2,0.2
300,330864863.51301455,333811734.499657,2,0.2
320,333376333.00372785,334296844.5904721,2,0.2
340,333926207.74397457,332668239.9628089,2,0.2
360,331897735.9690032,331401764.0328224,2,0.2
380,331957850.5992601,333645753.834652,2,0.2
400,330701040.9161699,331524437.6148962,2,0.2
420,325821480.5393939,330747670.2956573,2,0.2
440,325230544.3877698,331990469.24285066,2,0.2
460,331956629.2038988,330811924.3866516,2,0.2
480,334145888.43800426,334779739.4582108,2,0.2
500,330718080.41116154,331363446.49517584,2,0.2
520,331517704.60252374,332657899.3614515,2,0.2
540,331370558.4781511,330956939.6043936,2,0.2
560,333105406.23939705,334680276.92279714,2,0.2
580,332825868.89838505,332867760.27571493,2,0.2
600,331350358.6941843,332614667.731325,2,0.2
620,330160989.72564673,332412858.71283036,2,0.2
640,334272082.3739772,334315341.65744215,2,0.2
660,334776547.166826,333589104.35092735,2,0.2
680,333990665.04139805,333957938.9189071,2,0.2
700,330389813.21968716,331558046.7115011,2,0.2
720,332235226.7461692,334242416.53682095,2,0.2
740,333028832.2119577,333652956.13610184,2,0.2
760,328419018.1109279,331754566.04813486,2,0.2
780,334296601.36017036,333981642.2042127,2,0.2
0,166581563.45939732,166581563.45939732,3,0.01
20,170466222.74397057,319342535.8949494,3,0.01
40,176839749.11193267,320314890.72912693,3,0.01
60,176290589.7837422,319260476.8938911,3,0.01
80,174572271.11131254,320025306.93323594,3,0.01
100,176021461.87756833,320858426.2705006,3,0.01
120,175795215.93805334,319878775.80896246,3,0.01
140,172306945.12650925,319473472.7802064,3,0.01
160,168795296.77843207,320180953.7160295,3,0.01
180,166294856.4179159,319197567.34261906,3,0.01
200,161181178.64888474,318910937.23405874,3,0.01
220,157320271.59250924,319041126.18902963,3,0.01
240,156094584.20334053,318054419.30818,3,0.01
260,157108888.0465173,317326347.6390136,3,0.01
280,153948602.14842364,317448506.8514879,3,0.01
300,149451267.74468532,317904384.64143,3,0.01
320,149487190.92528674,318468456.46369916,3,0.01
340,152192694.1898594,319248387.8373639,3,0.01
360,149609412.99932772,318891332.40780866,3,0.01
380,139436976.09502918,318347446.98443043,3,0.01
400,130109234.962385,319481892.8792062,3,0.01
420,122942444.1004011,319429870.40396845,3,0.01
440,118525243.92451182,319821828.9538268,3,0.01
460,112791552.01425464,320609946.9324637,3,0.01
480,107210966.53815696,320527394.64085305,3,0.01
500,107177616.70779116,321105730.6060792,3,0.01
520,112930091.15193877,321037973.33622086,3,0.01
540,119835863.98615396,320641978.076053,3,0.01
560,124996313.51324952,320947718.2336637,3,0.01
580,129668911.80596028,320166247.1497586,3,0.01
600,133665386.46781884,320774573.3788917,3,0.01
620,136337625.19462568,319556240.34777486,3,0.01
640,138605111.53612217,319662316.8097099,3,0.01
660,139718988.55754006,320067914.8523408,3,0.01
680,136216754.0534132,319804009.7682836,3,0.01
700,136845762.24329758,320231003.34673524,3,0.01
720,145665789.9237767,320685259.940758,3,0.01
740,152642638.41113666,320631025.2249925,3,0.01
760,164571892.3448496,320982545.5110955,3,0.01
780,179489092.93818015,321170399.5203004,3,0.01
0,333744654.5801182,333744654.5801182,3,0.05
20,334202385.3639175,337742262.0663863,3,0.05
40,333007517.9298041,338111322.79051316,3,0.05
60,333936971.5960021,338605320.5815445,3,0.05
80,331852614.81260437,337527232.1806967,3,0.05
100,333689598.59789836,338590089.39224994,3,0.05
120,333261989.62462366,338736699.09106725,3,0.05
140,331305987.7085018,338106941.3854019,3,0.05
160,331910810.9608295,338511577.99216914,3,0.05
180,329656542.8158316,337109476.6647047,3,0.05
200,328142096.9312641,335988586.0401372,3,0.05
220,330112070.8524193,338090583.60449207,3,0.05
240,332407538.9214176,337747875.651044,3,0.05
260,330984307.1401969,338016218.3395277,3,0.05
280,334441783.7351596,338889496.9508782,3,0.05
300,331551752.6610184,337912892.2713728,3,0.05
320,333791072.5569293,338355476.49916613,3,0.05
340,334465239.5416695,339858889.9337995,3,0.05
360,332695658.2895554,338817208.925244,3,0.05
380,332611967.9271505,338909068.77887756,3,0.05
400,329753256.1346462,337704123.12864316,3,0.05
420,326187725.07635784,338405275.3848083,3,0.05
440,332576257.61776185,339066941.6953229,3,0.05
460,330022409.65677154,337022535.7841009,3,0.05
480,331745936.258255,337037727.853115,3,0.05
500,334442252.28903484,337489897.38968956,3,0.05
520,331910075.4774707,337396962.2037586,3,0.05
540,333904871.11053205,337105490.0409083,3,0.05
560,334171011.0580826,337897067.7460985,3,0.05
580,332668718.7755511,336996608.6943023,3,0.05
600,331107219.63411164,337942168.8851888,3,0.05
620,333164430.11282027,338044610.4764605,3,0.05
640,330066048.326148,337498215.3347758,3,0.05
660,329376878.84337586,337975913.05305326,3,0.05
680,332733414.1806499,337777468.9879981,3,0.05
700,331930777.1198274,338775485.8658705,3,0.05
720,334879298.4806552,337740991.28217566,3,0.05
740,333915322.86191374,339307548.310514,3,0.05
760,336098767.7551509,339049062.0421277,3,0.05
780,336067915.8862128,338495701.3964806,3,0.05
0,309917423.60148716,309917423.60148716,3,0.03
20,304409837.09529483,333608582.1681934,3,0.03
40,310194279.8968052,333041172.65622014,3,0.03
60,309168676.2027638,333706835.8286933,3,0.03
80,301210099.3460918,332771079.5915439,3,0.03
100,301703412.1086609,333045625.9836981,3,0.03
120,306095122.35684305,333534632.9521577,3,0.03
140,308330552.06868136,335639787.16174024,3,0.03
160,301321135.46856153,335549854.8708,3,0.03
180,300954625.11252934,332220870.02830875,3,0.03
200,308497729.4552241,333831531.2339074,3,0.03
220,318507561.8120863,333631778.07887816,3,0.03
240,315954307.4164016,332894558.44283843,3,0.03
260,305177766.5075635,331718469.90911114,3,0.03
280,300073019.93226975,332820647.37803733,3,0.03
300,297842976.434296,332849330.8427938,3,0.03
320,301708887.9675735,333118038.43994784,3,0.03
340,297451992.0356293,332489996.21066844,3,0.03
360,298324318.77822584,332171591.6308909,3,0.03
380,303700154.0384161,333659072.89991456,3,0.03
400,304344280.75667435,334185802.54012954,3,0.03
420,311866273.81362677,334090510.37992203,3,0.03
440,311988302.50565076,335237926.7085745,3,0.03
460,305788745.3072528,333464295.89209217,3,0.03
480,292740732.66426694,331012276.99811935,3,0.03
500,284263804.79353225,332541185.61766857,3,0.03
520,296249506.7023257,334651459.5814611,3,0.03
540,300880067.5555576,333364857.69694865,3,0.03
560,301317868.02464867,333880863.6508423,3,0.03
580,298075334.3243902,332303456.7997892,3,0.03
600,302192290.36615026,333733198.8183514,3,0.03
620,315279763.9868396,332910384.8443802,3,0.03
640,314436920.0225612,334609997.7163685,3,0.03
660,314247923.1602367,333364773.9238268,3,0.03
680,312240540.01773757,334786656.13142186,3,0.03
700,310658075.2869879,334550727.94002014,3,0.03
720,307154076.67180777,332166800.86994594,3,0.03
740,306538197.14107513,334086968.4563135,3,0.03
760,306282316.0967804,334330632.4717158,3,0.03
780,304304119.1857667,335452576.1219406,3,0.03
0,339574959.9951762,339574959.9951762,3,0.07
20,338322492.71795815,340019885.04563737,3,0.07
40,337087165.87766606,339990251.02703744,3,0.07
60,338249797.92325646,339249130.8444054,3,0.07
80,338606758.5700048,340255821.3979579,3,0.07
100,338620961.46077806,340608085.42202735,3,0.07
120,336765410.10371274,339201235.54016465,3,0.07
140,336235863.7668364,340886528.4612838,3,0.07
160,338250489.5517553,340389265.96282375,3,0.07
180,339290441.94907576,340742021.2667746,3,0.07
200,339054856.56312215,340661853.1308342,3,0.07
220,338652931.6775038,340197397.78938997,3,0.07
240,339800244.5177576,340992609.65289205,3,0.07
260,340004104.21025205,341411989.0144666,3,0.07
280,339239509.24537885,341260280.22508967,3,0.07
300,338967144.9391031,340640217.24219465,3,0.07
320,339264661.890775,340600818.5891559,3,0.07
340,336837618.6180061,338940359.81839764,3,0.07
360,337873873.5299066,339279277.94088614,3,0.07
380,339754806.3993377,340053292.6651894,3,0.07
400,340042202.135193,340941983.86291194,3,0.07
420,339342110.5133153,340855325.9358684,3,0.07
440,339508417.3070633,340259066.98678845,3,0.07
460,338354797.2242296,340226874.4281601,3,0.07
480,338456341.4234968,340471512.90498424,3,0.07
500,339714150.1254165,340917650.68781173,3,0.07
520,339206261.2786828,341103818.1508517,3,0.07
540,339990002.23547876,340230718.00166166,3,0.07
560,338528917.2087711,340333629.3453218,3,0.07
580,339293673.77008677,340760291.0482189,3,0.07
600,337183420.1576576,340207455.3152736,3,0.07
620,338739891.5511199,340165243.128832,3,0.07
640,339067692.4859472,340183078.6256505,3,0.07
660,339236313.15302575,340660291.9046052,3,0.07
680,341664799.1833371,341480112.0490576,3,0.07
700,337939331.9185767,341025210.7647567,3,0.07
720,338491668.9039988,340359497.6391679,3,0.07
740,338772559.3803935,340578266.15025127,3,0.07
760,338135525.17947245,339767232.20133173,3,0.07
780,338204404.0319525,340142534.87656224,3,0.07
0,344000675.99025834,344000675.99025834,3,0.2
20,343649985.1763607,343753178.5589392,3,0.2
40,343676067.98582983,343742950.30769074,3,0.2
60,344039786.24515295,343837586.8572097,3,0.2
80,343817225.9754452,343736160.79857755,3,0.2
100,343881732.4116657,343602075.05449927,3,0.2
120,343631524.5935335,343542402.0585449,3,0.2
140,344034140.8479409,343832146.7218944,3,0.2
160,344041840.19523394,343694596.2042109,3,0.2
180,343997536.8757743,343748444.0279223,3,0.2
200,344127204.95434815,344129122.7929385,3,0.2
220,344100917.16806304,344116923.942345,3,0.2
240,343892880.3165674,343939165.1918622,3,0.2
260,343703413.6009963,343573215.0758492,3,0.2
280,344129009.701419,343877845.8021774,3,0.2
300,344373955.5139837,343842349.2332244,3,0.2
320,343796152.82508767,343523008.1397219,3,0.2
340,344185508.5820745,343988316.1845552,3,0.2
360,343953174.06734467,343812516.231068,3,0.2
380,344120829.9175394,343980232.2064403,3,0.2
400,343977312.8294085,343857439.72769606,3,0.2
420,344126897.7459519,343973660.1013068,3,0.2
440,344041815.3756101,343936642.3053726,3,0.2
460,344020605.1884445,343571320.91284513,3,0.2
480,344327372.49200976,343893543.9430922,3,0.2
500,343949134.65970707,344112925.74787736,3,0.2
520,343774117.1514554,343690471.87853396,3,0.2
540,344130434.85549784,343791938.1747658,3,0.2
560,344191960.33721435,343869450.2855104,3,0.2
580,343797174.66567785,343881319.77287424,3,0.2
600,343965859.7041516,343807875.13087004,3,0.2
620,344268994.2776625,344018501.26476836,3,0.2
640,343867850.61826676,343546290.4381182,3,0.2
660,343991763.6483433,343873755.81750166,3,0.2
680,344011990.3876325,343678026.3213186,3,0.2
700,344081877.81416804,343982996.56270534,3,0.2
720,343995145.72268546,343741163.84217656,3,0.2
740,344169612.55835176,343850325.85347474,3,0.2
760,343728318.9816668,343472048.5106256,3,0.2
780,344091420.84946597,343908360.7185544,3,0.2
0,155166408.28326082,155166408.28326082,3,0.01
20,163272508.53470832,321207870.83533955,3,0.01
40,171182065.4814819,321433818.00217676,3,0.01
60,172333934.5390124,319495095.39184403,3,0.01
80,167622857.74417877,318077974.65176475,3,0.01
100,164414030.9377806,319558792.52741,3,0.01
120,162314300.49251348,319025435.9921811,3,0.01
140,158219023.31378043,319766651.7471488,3,0.01
160,154396231.67875326,319609143.92634773,3,0.01
180,152086816.05164495,319161886.2609498,3,0.01
200,151877764.29811555,318562246.1272143,3,0.01
220,154962466.5420729,319334399.2210163,3,0.01
240,162266446.93140626,320468722.58081955,3,0.01
260,168052952.0446006,319116400.85124564,3,0.01
280,173004105.62348798,319843165.52321863,3,0.01
300,177552219.10303912,320897106.78949875,3,0.01
320,182019335.9084471,320034218.1466328,3,0.01
340,182256463.4247825,320567919.5253279,3,0.01
360,179042934.84424865,320954020.5779377,3,0.01
380,175702481.05522636,320151786.8268559,3,0.01
400,174528778.2513303,319868753.47841847,3,0.01
420,175781792.52593306,320607334.0086503,3,0.01
440,174323564.26893088,320662317.8868215,3,0.01
460,168934676.44818902,319715057.1781384,3,0.01
480,165849987.48178327,319095069.8708031,3,0.01
500,166899819.08501282,320027008.7457458,3,0.01
520,171346421.6333847,319560856.9576324,3,0.01
540,171385135.61828613,319612155.71060526,3,0.01
560,166255374.96952316,319684755.3457283,3,0.01
580,164930365.17526895,319190155.5103496,3,0.01
600,165435981.15349212,319585904.90241516,3,0.01
620,166521580.35381246,320094791.3293222,3,0.01
640,169071978.58908814,319692784.49633855,3,0.01
660,174688770.0081269,319141837.1903304,3,0.01
680,179989593.28650302,319506992.2891396,3,0.01
700,183445332.4036469,318607314.725574,3,0.01
720,185609145.2536115,319363551.023391,3,0.01
740,185380000.5323339,318323128.00964427,3,0.01
760,179747589.33024067,317905132.09853137,3,0.01
780,167785377.42550707,317901131.44765496,3,0.01
0,333448595.1329898,333448595.1329898,3,0.05
20,334651556.48769605,339008491.47464925,3,0.05
40,333445022.9030447,337943907.08773106,3,0.05
60,335591211.7637576,338436799.0967667,3,0.05
80,334284826.544334,339380176.73214656,3,0.05
100,335883136.59354436,338372409.28185487,3,0.05
120,336649097.6010677,339404460.0972091,3,0.05
140,337160785.7176044,339308761.9938335,3,0.05
160,337314567.0804342,338707733.64637053,3,0.05
180,336679260.2939648,339611174.51014054,3,0.05
200,335928736.58640426,338995524.13530475,3,0.05
220,333946054.3722799,338572389.313483,3,0.05
240,334489981.44927,338158046.43244815,3,0.05
260,333843713.70966077,338138422.8061476,3,0.05
280,333913947.20419145,338164388.85819554,3,0.05
300,333164807.77787197,338324772.6455507,3,0.05
320,331512500.5660982,337722553.6705033,3,0.05
340,334471429.522329,338343890.9150079,3,0.05
360,334073340.17916656,339325251.948056,3,0.05
380,334691623.7152776,338850417.60168886,3,0.05
400,334394102.04357564,339343316.8139807,3,0.05
420,332981237.34666044,337646049.05502677,3,0.05
440,334043973.710201,338148709.40764403,3,0.05
460,333699558.46153826,338086612.7864199,3,0.05
480,334080759.9936308,338939198.45411515,3,0.05
500,332189646.2031784,336277708.9747586,3,0.05
520,333101119.7491215,337389133.8292508,3,0.05
540,331720375.5697133,336668502.09621274,3,0.05
560,330793490.09144795,336764015.5893693,3,0.05
580,334391426.9957761,337455544.7487437,3,0.05
600,333095612.4842124,338602825.9274357,3,0.05
620,330176540.81472147,338386732.2065172,3,0.05
640,333524667.82424283,337793914.16839033,3,0.05
660,331746212.18965167,337962243.5596539,3,0.05
680,333841517.09151816,339125960.0929781,3,0.05
700,335759143.1179767,338610807.59727275,3,0.05
720,334735412.2280499,338601830.642778,3,0.05
740,335150782.1510658,339463282.0248347,3,0.05
760,334535733.21406686,338857862.3307755,3,0.05
780,334050275.42708325,338686125.15270835,3,0.05
0,286035157.31446075,286035157.31446075,3,0.03
20,296493421.0156767,335340125.79917204,3,0.03
40,304835793.338779,335255421.27902627,3,0.03
60,298876370.4892616,334973961.2057511,3,0.03
80,289303914.3809212,335883375.71165895,3,0.03
100,291801723.9045378,335581223.04836303,3,0.03
120,297803824.2732778,335470901.58514094,3,0.03
140,290746703.77848095,334484415.8561872,3,0.03
160,286427847.13698596,333701979.746319,3,0.03
180,298285416.5088775,334796229.65706897,3,0.03
200,296003605.26221037,332646972.60377496,3,0.03
220,293727526.2491138,330827997.0767741,3,0.03
240,295693057.6730608,332564730.06650406,3,0.03
260,299040108.57071173,332450445.60407555,3,0.03
280,297781919.393554,332439293.5412659,3,0.03
300,296692734.8860627,333037947.54201823,3,0.03
320,285228844.89817035,332441007.3817603,3,0.03
340,273811810.2323283,332992240.91617715,3,0.03
360,269750465.77091205,333062076.2802521,3,0.03
380,281798704.2777314,331990587.6451545,3,0.03
400,289942769.1764564,333540672.378683,3,0.03
420,283239262.0258236,333152535.6561264,3,0.03
440,287988251.02489257,332466422.86861104,3,0.03
460,301312053.83417344,335644972.7235404,3,0.03
480,309822294.1807386,333740719.07364327,3,0.03
500,305425077.8287795,335996591.0269563,3,0.03
520,314398464.5998306,334978388.79396963,3,0.03
540,316245036.18509156,335952990.059667,3,0.03
560,314476322.0380664,335194212.0512806,3,0.03
580,304537308.416721,333990470.6595249,3,0.03
600,308172444.12813175,333917866.2976377,3,0.03
620,300509021.5446167,333494470.7226737,3,0.03
640,300480614.85721827,333586991.61485136,3,0.03
660,306106986.3432482,334178654.1872007,3,0.03
680,309929626.163531,334662037.7163916,3,0.03
700,308377220.0482297,333862420.1425494,3,0.03
720,304678016.8376385,334389641.7528277,3,0.03
740,293246788.4336667,333414024.5397306,3,0.03
760,278037839.09877324,333657439.01228166,3,0.03
780,274307785.5519747,332672545.4622559,3,0.03
0,335330244.1607634,335330244.1607634,3,0.07
20,339180525.5933938,341088715.6631145,3,0.07
40,336347643.5904834,340529021.3773861,3,0.07
60,339037083.7971469,341142560.10613734,3,0.07
80,336770904.10114384,340012260.13955534,3,0.07
100,338985750.8413618,340200162.1129767,3,0.07
120,338508306.494565,340433375.68403333,3,0.07
140,338487208.01544607,340358653.2533649,3,0.07
160,339067971.9499078,340353976.7826262,3,0.07
180,339042724.50910735,341549774.3983522,3,0.07
200,338534655.8814169,340693486.6334375,3,0.07
220,338696411.92018944,341048748.9263447,3,0.07
240,338434350.6445838,340343629.2581298,3,0.07
260,337446664.2476494,340027455.5753184,3,0.07
280,335812589.3163482,340031610.6165351,3,0.07
300,337657420.04061127,339658765.7596781,3,0.07
320,337192138.0489689,338868648.2621042,3,0.07
340,336952488.2063164,340038572.0487174,3,0.07
360,335033430.63810086,338612096.81887484,3,0.07
380,336363712.0496337,339411666.0613893,3,0.07
400,337914771.6546391,339763411.14099723,3,0.07
420,339795691.4644206,340572795.7020245,3,0.07
440,339254009.0524762,340844321.34670615,3,0.07
460,339772086.03637594,340800710.676556,3,0.07
480,340307171.8903131,341055347.2126901,3,0.07
500,337903980.0993465,339648807.01247656,3,0.07
520,338258782.7856431,340642291.7445177,3,0.07
540,337602957.91566557,340271378.014651,3,0.07
560,335877267.27419513,338432708.34127444,3,0.07
580,338873369.9139161,339009969.9978014,3,0.07
600,336161587.147236,339047019.9035739,3,0.07
620,338984280.6769506,339697010.6805434,3,0.07
640,337319208.63049126,339021351.8315878,3,0.07
660,338965245.71345156,339560806.2938416,3,0.07
680,337027376.4909907,339107167.71934104,3,0.07
700,340267601.02677304,341458128.3109319,3,0.07
720,338195575.6845095,339892608.0923875,3,0.07
740,338109552.67042243,340676834.3337313,3,0.07
760,339311231.6414485,340410458.66190386,3,0.07
780,338983802.21991205,340189259.6139684,3,0.07
0,344019919.621475,344019919.621475,3,0.2
20,344021866.1584235,343611755.9718325,3,0.2
40,344042780.2518476,343815446.3287289,3,0.2
60,344184700.9382122,343957199.1260226,3,0.2
80,344202291.11800706,344103669.5331137,3,0.2
100,344201537.077199,344078071.88311255,3,0.2
120,343997978.1724236,343863608.0693284,3,0.2
140,343999500.71034575,343668984.4273191,3,0.2
160,344043264.8988254,343686491.1482787,3,0.2
180,343559206.0754793,343460734.49971485,3,0.2
200,343931077.742306,343805692.01729053,3,0.2
220,343817922.0481193,343556468.9361286,3,0.2
240,343655163.9581766,343633364.92331076,3,0.2
260,343777292.09059393,343508354.8617991,3,0.2
280,343709369.9745532,343686166.56004906,3,0.2
300,343942205.4690929,343719989.6888561,3,0.2
320,344109861.25023985,344057271.9737438,3,0.2
340,343843341.15216064,343512206.2340492,3,0.2
360,343896601.6511046,343313290.8815757,3,0.2
380,344374544.9436004,344048804.07797617,3,0.2
400,343703177.1365042,343678958.4609719,3,0.2
420,343932018.55826473,343976385.0294564,3,0.2
440,343954589.2239219,343618643.22920084,3,0.2
460,344111839.08275706,344032560.2051379,3,0.2
480,343938963.1841692,343804771.16272175,3,0.2
500,343959661.7243707,343948309.3638469,3,0.2
520,343873637.82427436,343643740.50574994,3,0.2
540,344066886.4369836,343843532.04137015,3,0.2
560,344035600.5173976,343906458.4457623,3,0.2
580,344107282.5004387,343795601.6136691,3,0.2
600,343952221.8003011,343708991.8774964,3,0.2
620,344050413.179148,343819561.524891,3,0.2
640,344140746.1577033,344038211.710425,3,0.2
660,344049308.5540124,343786511.9293014,3,0.2
680,343513058.15546876,343517902.77384305,3,0.2
700,344044976.0762832,343800591.71089244,3,0.2
720,344031707.4740907,343819014.85656977,3,0.2
740,343719553.09034026,343674195.39494014,3,0.2
760,344102687.96968126,344022581.81718045,3,0.2
780,343966547.6457968,343621363.5762379,3,0.2
0,115631678.63678336,115631678.63678336,3,0.01
20,124024536.51972048,320260275.7658317,3,0.01
40,122759616.90506849,319484745.0403644,3,0.01
60,115900668.11593184,319292896.3324872,3,0.01
80,109950941.58449772,318892153.14549816,3,0.01
100,108054048.08474824,319263705.31621337,3,0.01
120,105177969.86486,318281949.07445323,3,0.01
140,98659472.17737076,317870160.9582226,3,0.01
160,96007113.81808987,318752770.2253465,3,0.01
180,97332189.83906454,318328127.9389101,3,0.01
200,104585862.33441897,318036903.43364036,3,0.01
220,110845729.32282443,317585826.8647494,3,0.01
240,113952414.5935294,316528708.9689028,3,0.01
260,115376996.56467016,316590218.40191555,3,0.01
280,114659781.28525884,317753727.09304965,3,0.01
300,115756550.15433784,317792581.7777916,3,0.01
320,117528056.1278756,317866617.74937457,3,0.01
340,118055568.37422758,317727919.94059134,3,0.01
360,117554071.7817754,317058838.34739965,3,0.01
380,123577999.95283924,317319660.9870313,3,0.01
400,131718752.01145124,317949143.5956439,3,0.01
420,135759839.5647247,317265347.02636886,3,0.01
440,140943651.41894418,318022201.806126,3,0.01
460,142513135.8576953,319131853.822155,3,0.01
480,138125018.69480973,318532994.0809051,3,0.01
500,135745006.9375174,317754504.6247141,3,0.01
520,132350049.3620028,315708088.61961865,3,0.01
540,129504421.29223032,315475543.1097014,3,0.01
560,128858062.897376,314203347.12056273,3,0.01
580,127704338.16944394,314671596.6595775,3,0.01
600,126978407.5082406,313802280.6273252,3,0.01
620,123400360.67244431,315512581.1820479,3,0.01
640,113224266.93701234,317110186.8693908,3,0.01
660,102343404.31201252,317772610.8573352,3,0.01
680,98745801.88040188,318230591.02124834,3,0.01
700,96407866.54981548,319597211.43981403,3,0.01
720,92498151.20558128,318499966.91085404,3,0.01
740,89732382.32899883,318622066.3293747,3,0.01
760,86895088.22511838,317476954.3957568,3,0.01
780,83505404.21271884,317080536.4035569,3,0.01
0,334740535.2377093,334740535.2377093,3,0.05
20,331927675.57930404,338517075.2819165,3,0.05
40,332865403.8341419,338311010.75383556,3,0.05
60,327931783.38018763,338177469.3168732,3,0.05
80,328344064.4572774,338646174.2341238,3,0.05
100,334223420.51467705,338661359.649591,3,0.05
120,328162479.2143498,338055525.39889985,3,0.05
140,331159978.1889211,338598954.8275912,3,0.05
160,335348390.01788217,338867636.9296557,3,0.05
180,335158446.9228233,338884954.52062476,3,0.05
200,332098159.565572,338429576.9211079,3,0.05
220,333991936.03865194,338920153.2958463,3,0.05
240,333059005.5499895,340188094.84311295,3,0.05
260,330137012.2333412,338567420.4197765,3,0.05
280,328469189.1518154,339747029.0214176,3,0.05
300,331955704.7302166,338383369.1348444,3,0.05
320,328842211.369879,338564969.2014853,3,0.05
340,327553196.38293517,339138270.1378211,3,0.05
360,331407816.59970367,339021681.64757836,3,0.05
380,329905290.4523483,337881976.31996,3,0.05
400,330307696.72982985,338250822.8858992,3,0.05
420,332839758.9090979,338060770.65935135,3,0.05
440,328232899.9720737,336924912.6509378,3,0.05
460,327875975.74439037,335497756.35010624,3,0.05
480,331519553.99309725,337992206.2047839,3,0.05
500,329932711.97770816,338380390.64861584,3,0.05
520,326966522.73041004,336441385.8567072,3,0.05
540,329820827.7755073,337159119.4490941,3,0.05
560,328559529.19208384,337458561.4960297,3,0.05
580,322156415.8336591,337748119.3951832,3,0.05
600,324427880.001324,338292234.761963,3,0.05
620,316289458.5816393,337779472.8294972,3,0.05
640,310537325.9976881,336760382.3592332,3,0.05
660,319387181.09002364,338134203.06145084,3,0.05
680,320390832.3565766,337389604.53904724,3,0.05
700,319297986.1839501,336145523.4438438,3,0.05
720,317091555.72259176,338110657.48136383,3,0.05
740,314045894.19738466,336393553.2098816,3,0.05
760,320266612.6944204,337576067.9473437,3,0.05
780,322884416.5148726,338877776.4454199,3,0.05
0,321298821.1780646,321298821.1780646,3,0.03
20,318879357.0585782,334792081.0045734,3,0.03
40,319916933.46555555,335724821.6603654,3,0.03
60,323331975.8816035,335957996.1059677,3,0.03
80,322364981.28741956,334766754.1035942,3,0.03
100,317359795.0802534,333195352.6129047,3,0.03
120,311732030.0352807,332700128.0014141,3,0.03
140,314519396.75976056,334539450.07937723,3,0.03
160,308264193.63843393,334578617.2376465,3,0.03
180,304041503.04462606,333299039.2829511,3,0.03
200,308036283.82648724,333548817.3882399,3,0.03
220,307795634.7049859,334025953.88802946,3,0.03
240,311541819.3776071,333544883.7105314,3,0.03
260,309988646.50609964,333000100.8032923,3,0.03
280,310867102.55214745,333688464.0366897,3,0.03
300,314390502.49855435,333706416.5781665,3,0.03
320,314609902.73757106,333303905.33061945,3,0.03
340,319462007.2290934,334424751.96685386,3,0.03
360,323673276.1839201,335291068.08871436,3,0.03
380,323422821.10419595,335830271.3533683,3,0.03
400,317014182.327931,332654208.75773567,3,0.03
420,313861179.2789631,332829048.15531564,3,0.03
440,316048453.09165204,333815530.91990197,3,0.03
460,318212910.5857336,334439803.59867895,3,0.03
480,308115258.6165074,334494671.45059747,3,0.03
500,303668106.2785392,333490310.32873243,3,0.03
520,298522741.3712121,334610499.1587426,3,0.03
540,301417464.05622613,333374633.7901648,3,0.03
560,317861862.274722,333440659.60330343,3,0.03
580,316223028.26254386,334690705.60280246,3,0.03
600,307906228.95670426,332752720.88890266,3,0.03
620,307197269.7620686,333840412.76123405,3,0.03
640,310682054.9712348,333170187.27746785,3,0.03
660,319108859.01652884,333702322.94079363,3,0.03
680,320840643.70491654,333989942.2684973,3,0.03
700,318872007.23752296,334045924.584188,3,0.03
720,320076249.0536125,334682588.7248955,3,0.03
740,319766892.6826,335265731.8737938,3,0.03
760,320511338.70138454,334955919.477141,3,0.03
780,317218100.4007525,335067460.4373424,3,0.03
0,338808600.4349688,338808600.4349688,3,0.07
20,338842480.56366634,340044419.5565903,3,0.07
40,338479352.14190954,339911558.20595175,3,0.07
60,339083075.86666876,340110088.33748484,3,0.07
80,338635668.62224734,340144015.5375548,3,0.07
100,338669576.98522216,340577237.23270035,3,0.07
120,338341048.910003,340372628.3287117,3,0.07
140,339491051.2941402,341114207.97800475,3,0.07
160,340672966.4954812,341169728.34552044,3,0.07
180,339688006.00688815,341015487.6346482,3,0.07
200,339034675.94467014,340302395.6306591,3,0.07
220,337933442.94318426,339455628.5188725,3,0.07
240,337284405.80805266,340639992.37261426,3,0.07
260,338942849.89715266,341257068.3632042,3,0.07
280,337812019.7385102,340815046.829861,3,0.07
300,339329426.77817804,340264271.0095781,3,0.07
320,339133763.34177333,340678464.5336783,3,0.07
340,337823683.06293607,339032931.74880606,3,0.07
360,337703258.0239645,340035730.589079,3,0.07
380,339023205.18856335,339980362.4071905,3,0.07
400,337797667.9890547,339961753.14763474,3,0.07
420,338837266.32481086,340353467.59979343,3,0.07
440,337540844.1699198,339569326.0252654,3,0.07
460,339844412.38177425,340682044.9821696,3,0.07
480,336726159.9025896,340453544.02176785,3,0.07
500,336841387.47350943,340333204.43166465,3,0.07
520,337970522.8078698,340211153.2861625,3,0.07
540,339001658.4644541,340632297.2764552,3,0.07
560,337119102.07152534,340183938.11674255,3,0.07
580,339079101.2816584,340505165.4416883,3,0.07
600,339849433.31686914,341005137.86066425,3,0.07
620,339312887.61757004,340852197.04661435,3,0.07
640,340411989.7995832,340996127.0355836,3,0.07
660,338532233.5670155,340719983.0463938,3,0.07
680,340620490.1895277,341168278.49864745,3,0.07
700,339624124.7682215,340784461.0808678,3,0.07
720,339870305.8495373,341355405.8704097,3,0.07
740,338704002.3987962,340861759.9488934,3,0.07
760,339986548.00349265,340822396.1824653,3,0.07
780,337722478.5298261,340888048.30700433,3,0.07
0,344272364.64002526,344272364.64002526,3,0.2
20,344203745.4700687,343944465.8549175,3,0.2
40,344327452.1715809,343995528.0170289,3,0.2
60,343980121.18840885,343715151.68041396,3,0.2
80,343892142.68628824,343565091.1397319,3,0.2
100,343526708.1578553,343341283.2624912,3,0.2
120,344000890.6858294,343830921.2905283,3,0.2
140,343987764.4483459,343840666.86620414,3,0.2
160,343878085.8659398,343860483.30760056,3,0.2
180,343780775.73062444,343791772.9464911,3,0.2
200,344172541.6167272,343940687.2341275,3,0.2
220,344163434.5021244,343924272.1222722,3,0.2
240,344142274.8302462,343829525.5163455,3,0.2
260,344141315.8111459,343886790.3560029,3,0.2
280,344083413.4627005,343698262.48695624,3,0.2
300,344188048.7094389,344004622.17037106,3,0.2
320,343962371.739557,343892363.4350615,3,0.2
340,343769713.3305534,343755152.4651884,3,0.2
360,343773579.3852176,343635333.02044195,3,0.2
380,343847823.7434549,343540502.5151731,3,0.2
400,344067085.5804605,343973082.08638024,3,0.2
420,344107099.91226465,343869579.4487179,3,0.2
440,344237019.8336055,343896593.4655157,3,0.2
460,344090612.5682584,343890585.45314693,3,0.2
480,343963724.0258185,343605618.9328267,3,0.2
500,343669920.02172726,343804483.91346824,3,0.2
520,343960292.1497648,343436006.12048066,3,0.2
540,343962518.98287016,343803553.8712318,3,0.2
560,344221856.54128647,343999628.75077355,3,0.2
580,343832399.01227355,343817999.423914,3,0.2
600,343620619.3469558,343607785.18527126,3,0.2
620,343559302.65133095,343498844.7112553,3,0.2
640,343619217.01304924,343641311.3326872,3,0.2
660,344056292.0373955,343833091.2185581,3,0.2
680,343749774.83519906,343909470.33789873,3,0.2
700,343945901.6855154,343882180.3519838,3,0.2
720,343850578.31381106,343629326.7622305,3,0.2
740,343715213.8774175,343662183.3940581,3,0.2
760,343858596.7441995,343595437.80278313,3,0.2
780,343966167.7291397,343839638.40021145,3,0.2
0,179001929.46962827,179001929.46962827,3,0.01
20,183909937.7578487,320594470.7344457,3,0.01
40,190860407.60904303,318111215.8944688,3,0.01
60,196685639.25809807,317484592.3560363,3,0.01
80,201971021.6972688,318243193.7162517,3,0.01
100,206688130.06638983,318064158.6602838,3,0.01
120,204246827.73559767,317505950.7089742,3,0.01
140,196022568.17514247,316657576.9408887,3,0.01
160,187831647.8328362,316674894.24405944,3,0.01
180,174239011.1210751,317509870.9540559,3,0.01
200,158975758.9307121,317598803.38039035,3,0.01
220,146158256.81106573,320060242.10879636,3,0.01
240,141459139.4053918,319984615.5883322,3,0.01
260,143825176.93729827,319659907.0856321,3,0.01
280,152212653.98689526,320521096.17885107,3,0.01
300,156157508.80417973,321374839.371964,3,0.01
320,156985236.82362255,320856821.6715595,3,0.01
340,155387511.67171675,320788483.01495546,3,0.01
360,149349211.73062217,320074955.00597644,3,0.01
380,144501268.318124,318282390.24075973,3,0.01
400,139507499.73757842,317574441.26013327,3,0.01
420,135148351.46408692,317921919.3991402,3,0.01
440,130758198.70879406,317066801.7700237,3,0.01
460,128517575.67706232,317971902.4699558,3,0.01
480,123204185.23050807,318663771.7915184,3,0.01
500,116772008.56896035,318987480.0828979,3,0.01
520,119710201.09751798,318381722.8578214,3,0.01
540,129600229.55418187,318657288.0676076,3,0.01
560,139532266.62007612,318111303.2863617,3,0.01
580,149713114.37628192,319349585.13621855,3,0.01
600,160955993.1858491,319828317.6955962,3,0.01
620,170396861.27781263,319729885.38261867,3,0.01
640,183181310.9551604,318350621.88658905,3,0.01
660,191169210.4173146,318857161.12617,3,0.01
680,193373183.50359184,318656526.8345897,3,0.01
700,191962318.72499728,317687063.47368014,3,0.01
720,186835184.33485633,319143864.8887787,3,0.01
740,180673649.43255097,318497598.9221828,3,0.01
760,179387015.80843014,318721665.876463,3,0.01
780,178468708.5562744,320288947.22015566,3,0.01
0,334261325.94904846,334261325.94904846,3,0.05
20,333348181.38345313,338314317.17079794,3,0.05
40,336548301.24975586,339320271.2619659,3,0.05
60,332142962.49299467,338353900.2921573,3,0.05
80,333434744.0850879,338599987.983826,3,0.05
100,333095614.564566,336999617.2764151,3,0.05
120,333144535.6431817,337786953.5216299,3,0.05
140,334199261.31498796,339471607.2111529,3,0.05
160,331991552.3298402,338002792.1141934,3,0.05
180,335964875.06780815,338986821.9866749,3,0.05
200,335959152.5108607,339650975.8509409,3,0.05
220,335250916.7746688,339281662.9225621,3,0.05
240,335525146.63430923,339382350.3541408,3,0.05
260,338148777.85071766,340223039.2080272,3,0.05
280,335125301.5684825,338925675.08823067,3,0.05
300,337204990.86104965,339013923.72798216,3,0.05
320,335235137.89988273,339209326.8925639,3,0.05
340,333162373.82024324,337876476.7272229,3,0.05
360,332375861.5885346,338337791.7923304,3,0.05
380,333382417.1514131,337793297.43387663,3,0.05
400,333269552.18960464,337941295.4468559,3,0.05
420,330898900.41685677,339174184.1924406,3,0.05
440,332410157.09528977,337965837.37901616,3,0.05
460,330096401.3180969,338374145.9375755,3,0.05
480,332509059.1867417,339185709.16985834,3,0.05
500,333320126.535428,339098420.6582371,3,0.05
520,334996958.04433584,339787885.5682157,3,0.05
540,333388248.31213325,338156694.2433331,3,0.05
560,332585895.34953845,338810168.0071372,3,0.05
580,335798698.28954107,338477792.8766127,3,0.05
600,334093076.99283427,338659483.6587463,3,0.05
620,333922611.73013574,338545493.19052815,3,0.05
640,334056258.188944,338691088.67620766,3,0.05
660,329338742.99462897,338123081.9203867,3,0.05
680,324765741.54079705,337434813.62191045,3,0.05
700,328622051.18931335,337471113.4606621,3,0.05
720,327238319.0092728,339458357.01312906,3,0.05
740,328346204.932492,337274601.72445667,3,0.05
760,332905810.3366391,338023205.64292955,3,0.05
780,332499948.6473483,338849624.13501644,3,0.05
0,324286806.8290365,324286806.8290365,3,0.03
20,322232386.20833975,334832727.3029617,3,0.03
40,316514389.5646442,334650163.2971288,3,0.03
60,316832342.32387686,334131774.73144674,3,0.03
80,319224523.928526,333926115.02901495,3,0.03
100,314969663.53824294,334565854.0607612,3,0.03
120,316814836.4017006,333881436.1512556,3,0.03
140,313186324.81103545,334327351.7163981,3,0.03
160,311636818.3551781,332570789.0655824,3,0.03
180,314420973.8248408,332267341.0174334,3,0.03
200,314373669.6442058,333592570.1679951,3,0.03
220,311550421.7151901,334473766.6226433,3,0.03
240,303394831.59736586,334833898.31506336,3,0.03
260,304640121.69340336,335046224.0619281,3,0.03
280,314207560.66611874,334471219.42523575,3,0.03
300,317983527.49577713,334276031.0383661,3,0.03
320,320588776.18269,334077298.3271596,3,0.03
340,320515020.18795097,334296552.37134314,3,0.03
360,320566643.53304636,333449407.34842885,3,0.03
380,321003723.5469521,333647235.92603654,3,0.03
400,322773324.5318178,333101623.12477374,3,0.03
420,318492987.54784954,333113236.7769947,3,0.03
440,311001715.726395,331416532.51682717,3,0.03
460,311021733.0258208,333296953.2896615,3,0.03
480,317557619.8571371,334931030.19635946,3,0.03
500,317474761.6412815,333492822.7412789,3,0.03
520,312854878.02268505,334408403.0670412,3,0.03
540,312041106.311826,333819315.4742213,3,0.03
560,315914126.0449613,334580812.93863344,3,0.03
580,314590991.0020781,334009279.0466248,3,0.03
600,316889060.89885366,333439306.69624245,3,0.03
620,315541118.32443714,332816030.05844617,3,0.03
640,313976043.5925814,332397210.05912745,3,0.03
660,312855974.1124289,332818476.95451224,3,0.03
680,308798116.6188862,332841094.2085611,3,0.03
700,317435928.6502986,333946369.75992167,3,0.03
720,322456232.2637105,335162953.02561826,3,0.03
740,320718412.4441243,333130316.8715321,3,0.03
760,322300359.22027206,333863074.4457856,3,0.03
780,319190830.375924,333492404.84975344,3,0.03
0,338452838.0173533,338452838.0173533,3,0.07
20,337863526.92582035,340575126.4642867,3,0.07
40,338841832.9284089,340813810.72901833,3,0.07
60,336902305.62061644,340653803.5746032,3,0.07
80,338400260.07147825,339467408.01990426,3,0.07
100,335604120.5781721,340003838.9060807,3,0.07
120,338142059.2013537,339550501.33696544,3,0.07
140,337486865.5776605,339620416.7385429,3,0.07
160,338386007.7074752,340831659.0700537,3,0.07
180,338775336.5261333,340606490.77867764,3,0.07
200,338075211.5920539,340259127.7710947,3,0.07
220,338287669.2212942,340181337.6984778,3,0.07
240,337249592.352122,340202340.3331133,3,0.07
260,337829754.5094026,339776091.5874438,3,0.07
280,338137072.37213194,339825476.83395505,3,0.07
300,337009971.6395472,341484622.1199364,3,0.07
320,335023505.8549701,339651105.77096903,3,0.07
340,335598887.0690361,339974447.8605151,3,0.07
360,336852737.0040605,339429490.0011637,3,0.07
380,336297748.8453207,340437160.0196627,3,0.07
400,336086854.44800025,339890481.2950923,3,0.07
420,338841314.75044113,340485545.435868,3,0.07
440,338345535.620134,339388689.06488204,3,0.07
460,337437437.96268904,339981889.9743669,3,0.07
480,335376266.7887875,339640115.76477766,3,0.07
500,334297285.43064654,340202892.2843627,3,0.07
520,334428343.04677606,339575794.8199382,3,0.07
540,336430662.7465108,340463926.4773834,3,0.07
560,337179431.0065959,340980308.0288922,3,0.07
580,338341588.69857836,340169235.83737296,3,0.07
600,340837376.44658613,341306725.90828025,3,0.07
620,340365952.32189775,341462099.4260139,3,0.07
640,338890358.8525092,340897632.7014373,3,0.07
660,338472969.35146475,340500743.3793312,3,0.07
680,338688626.98269516,340064149.04683566,3,0.07
700,337846597.9006554,340057739.55038387,3,0.07
720,338029505.0383885,340873009.8973199,3,0.07
740,339319993.4616638,341267425.320488,3,0.07
760,338417070.4219073,340731812.18095875,3,0.07
780,339551436.18703645,341065303.137223,3,0.07
0,343889322.12586397,343889322.12586397,3,0.2
20,344168289.264092,343483483.6193118,3,0.2
40,343942968.2368173,343550043.4400224,3,0.2
60,343979057.4506186,343808421.9939713,3,0.2
80,344084402.1051556,343815559.5770625,3,0.2
100,343654131.7270747,343721336.8114707,3,0.2
120,343856044.0164917,343402871.651568,3,0.2
140,343416823.8483589,343582620.9793702,3,0.2
160,344213527.58968467,343955985.2534905,3,0.2
180,344010463.94675285,343828963.5285914,3,0.2
200,344218461.795172,343905058.28752995,3,0.2
220,344033765.4262521,343898910.76045287,3,0.2
240,344216248.5449918,343968441.09473467,3,0.2
260,344268227.30938804,344024354.7784401,3,0.2
280,343603403.4027852,343823353.9682441,3,0.2
300,344051145.3455591,343860370.7843356,3,0.2
320,344154956.7530245,344084183.18832386,3,0.2
340,344131338.0767578,343502770.256181,3,0.2
360,343898552.4252263,343498585.1418723,3,0.2
380,343653076.97213805,343551308.0567416,3,0.2
400,343683535.6203925,343404908.5366765,3,0.2
420,343513844.76398546,343378785.24178815,3,0.2
440,344371797.91744614,343864287.420527,3,0.2
460,343901433.0541842,343785097.67775464,3,0.2
480,343585953.1766684,343657867.2756823,3,0.2
500,343915523.41222817,343851312.2882388,3,0.2
520,343929552.23503613,343473130.0074843,3,0.2
540,344123811.0249914,343430659.23417276,3,0.2
560,344036059.61716694,343585928.81282526,3,0.2
580,343530545.7897974,343664065.9313922,3,0.2
600,343591686.06460744,343605280.6359384,3,0.2
620,344252235.3708116,343789691.20500576,3,0.2
640,343881085.4250078,343796136.18570745,3,0.2
660,343680306.3747293,343790022.5691116,3,0.2
680,344401951.5190476,343994178.35548484,3,0.2
700,343737243.62586105,343708291.5784474,3,0.2
720,344272181.98156905,344198706.212965,3,0.2
740,344364867.50244915,344012182.22039473,3,0.2
760,343445055.7065646,343475933.60379124,3,0.2
780,343929911.9447311,343786708.2295817,3,0.2
0,108254238.71508352,108254238.71508352,3,0.01
20,98001913.9376738,321321725.94909537,3,0.01
40,85777797.0073339,320631523.6397735,3,0.01
60,79773693.08788729,321714642.69208694,3,0.01
80,80999481.06470954,322141579.94867945,3,0.01
100,88055602.97597872,321858117.2930778,3,0.01
120,92304954.22649851,321400170.9942405,3,0.01
140,96080678.4448915,320593180.65639377,3,0.01
160,99961856.07963276,320475356.8935355,3,0.01
180,105533192.069632,318625609.1388405,3,0.01
200,111316281.99159072,319719234.3075063,3,0.01
220,110260967.8895652,318232034.9649009,3,0.01
240,106614504.5502076,318822257.3129381,3,0.01
260,101712138.3435096,318149234.56842,3,0.01
280,95470000.79923882,319210756.5986129,3,0.01
300,91624010.76671872,320436710.76852334,3,0.01
320,93522730.57021604,319422781.4251144,3,0.01
340,100790961.92066967,319465172.99024653,3,0.01
360,109635049.29429804,320166354.9821501,3,0.01
380,122065761.5980246,319490960.7473364,3,0.01
400,134365944.87088633,318972651.98486245,3,0.01
420,144468967.96699825,319994115.14294016,3,0.01
440,152201318.30792204,319202164.27889496,3,0.01
460,156587326.7857896,319216550.759816,3,0.01
480,154766636.2859434,318789006.1137772,3,0.01
500,146404824.35240877,316809870.17930865,3,0.01
520,138598973.34825313,317355088.0665951,3,0.01
540,131316271.70246875,318025175.4584271,3,0.01
560,125670979.63375811,316352522.11716986,3,0.01
580,124673312.2801424,317190084.9920676,3,0.01
600,131286127.27921164,317359278.7092724,3,0.01
620,143166609.63114136,314856302.6888721,3,0.01
640,157487563.6354528,316325059.83233005,3,0.01
660,174470785.4995954,318147868.73085123,3,0.01
680,189165378.8559315,318467362.65311146,3,0.01
700,199317684.35173777,317550719.14545953,3,0.01
720,201017666.30054608,319459666.95782906,3,0.01
740,201058754.84595495,317828821.7907146,3,0.01
760,190910739.922652,316697336.16114026,3,0.01
780,177823239.28931695,317191063.8923789,3,0.01
0,329507410.54560626,329507410.54560626,3,0.05
20,328950247.7223541,337874592.5958863,3,0.05
40,333212411.90303713,338543970.9898906,3,0.05
60,334371042.5781139,338894279.3921967,3,0.05
80,329491821.46528876,338725303.1886827,3,0.05
100,329895275.5671094,337461585.0630467,3,0.05
120,332874183.8790004,338616497.20801926,3,0.05
140,332313775.1879238,338835376.4516847,3,0.05
160,336846769.42278606,338789102.8278389,3,0.05
180,337466268.01231587,338181203.56342906,3,0.05
200,336553026.63426304,338802503.2221656,3,0.05
220,333994085.59332657,336965893.8178872,3,0.05
240,335644188.1830757,337188439.89307797,3,0.05
260,334339036.4718082,337849401.0435266,3,0.05
280,331926018.8083252,337036596.60472274,3,0.05
300,333030712.72650456,336569200.6030355,3,0.05
320,331849867.9664422,336737203.3517354,3,0.05
340,333546380.54400074,338020314.19793975,3,0.05
360,334942542.1900802,338455161.76787937,3,0.05
380,332666919.5090753,337003380.074029,3,0.05
400,331540121.52641094,336235307.99991775,3,0.05
420,334498395.94242543,337475683.26845145,3,0.05
440,330872577.0050621,338314324.29391134,3,0.05
460,331558919.0372284,338747194.21302545,3,0.05
480,333506000.1834841,337161109.2716711,3,0.05
500,330295813.07584,338075266.79594314,3,0.05
520,330884568.6864237,338141080.5305195,3,0.05
540,331112108.11691934,336307802.6060143,3,0.05
560,332061725.87707734,336824255.86116856,3,0.05
580,331620598.559625,338336690.1437015,3,0.05
600,329858832.8961034,337472004.10189164,3,0.05
620,336040380.1749975,339146638.3706501,3,0.05
640,335082377.1108979,338268423.2164956,3,0.05
660,334239497.60932827,338377748.2857854,3,0.05
680,333536336.8536202,338686560.4375275,3,0.05
700,330366493.06470656,338365458.488475,3,0.05
720,327808844.79188263,337789204.53011805,3,0.05
740,330340401.4969092,338236426.04624194,3,0.05
760,330884133.8246769,339090782.68930924,3,0.05
780,331927116.5498177,337857871.699554,3,0.05
0,315010804.5186845,315010804.5186845,3,0.03
20,315815700.4195782,335042250.5761122,3,0.03
40,318416301.1556244,334491268.67086154,3,0.03
60,320275840.086331,334028348.32999045,3,0.03
80,322466425.197574,336232226.7091196,3,0.03
100,319707957.3088945,336364765.28233445,3,0.03
120,320628520.3227677,336042675.60265243,3,0.03
140,324119316.6558656,336475746.31802404,3,0.03
160,323976628.8804511,335700360.34672654,3,0.03
180,314176172.8879876,333991604.05057514,3,0.03
200,316682646.6817277,332238085.8626877,3,0.03
220,320351070.1900447,334253352.67434746,3,0.03
240,322295635.24229217,334583987.4786842,3,0.03
260,319714163.02857184,333881053.11120373,3,0.03
280,315217689.6390486,332526566.42326653,3,0.03
300,311859985.31289136,333432066.7976731,3,0.03
320,315176100.7322149,333977581.79005265,3,0.03
340,315726105.3403325,333887523.4130335,3,0.03
360,315609987.08373517,333022012.9374555,3,0.03
380,317249195.8777205,333000105.38612217,3,0.03
400,319402588.47345084,334791484.77365494,3,0.03
420,316628387.1303811,334358038.816406,3,0.03
440,321131782.57214767,334703698.8120827,3,0.03
460,323062529.9094194,334363109.31067044,3,0.03
480,324758251.00647473,335196848.4212916,3,0.03
500,322737593.1389012,336632014.95030284,3,0.03
520,324462268.77937996,336675050.08500373,3,0.03
540,320470373.11602116,336100969.564102,3,0.03
560,319584930.97639525,336489601.523989,3,0.03
580,319992564.062112,336748419.7041326,3,0.03
600,321562157.09474725,337959268.51759154,3,0.03
620,321247201.68131,336573606.6267662,3,0.03
640,320189851.9155209,335381777.04625964,3,0.03
660,320016370.1519705,334634575.0316219,3,0.03
680,316907164.5615799,335498477.79609936,3,0.03
700,314764480.18130326,335270637.6594758,3,0.03
720,313855098.3989418,333695412.58132654,3,0.03
740,315537531.9307672,332988252.015558,3,0.03
760,317946002.54806775,334998609.69426984,3,0.03
780,310093575.568788,334460887.5997734,3,0.03
0,340421462.84481966,340421462.84481966,3,0.07
20,338696785.15192354,340870202.05925035,3,0.07
40,336903948.95470643,340382718.339475,3,0.07
60,338619033.5612552,340408902.95152736,3,0.07
80,338685262.6771353,340321563.30970377,3,0.07
100,338066239.5637626,339562858.81892943,3,0.07
120,338616881.1616801,340744210.6267827,3,0.07
140,339908054.55056643,340489493.0156331,3,0.07
160,337864490.3265419,339775268.6127335,3,0.07
180,338113912.2600821,340611423.2872466,3,0.07
200,339671114.45739293,340328264.502235,3,0.07
220,339741999.17848295,341410176.53194666,3,0.07
240,340729208.81281966,340666905.7181705,3,0.07
260,338326926.92532957,340512583.54875314,3,0.07
280,340493298.06043273,340721539.3940816,3,0.07
300,339128480.3736627,340619941.8949237,3,0.07
320,339325574.1615019,340406000.27690434,3,0.07
340,340223699.40253764,340243456.86769915,3,0.07
360,338414802.96279395,340421521.1799593,3,0.07
380,338021043.9979281,340588002.9380664,3,0.07
400,338920016.9685648,341008805.9607477,3,0.07
420,339544627.83178735,340954566.6310035,3,0.07
440,339330220.56516564,341292985.2587718,3,0.07
460,337819448.3680618,340920748.83642685,3,0.07
480,339121578.5515461,340586831.0336567,3,0.07
500,338978305.51563764,340469412.69778186,3,0.07
520,338669393.5118027,340604327.96733826,3,0.07
540,337876871.13789964,339905295.1531441,3,0.07
560,334126804.4897682,338722252.70748246,3,0.07
580,334090219.97303975,339764626.6879349,3,0.07
600,332680972.3110566,338780403.7610332,3,0.07
620,338110299.1863517,338665913.3210269,3,0.07
640,338332284.86209995,338873113.8067528,3,0.07
660,337774445.1604235,340046153.4914363,3,0.07
680,336567392.09298104,338490387.7400699,3,0.07
700,339143162.69023204,340186724.7573565,3,0.07
720,339408482.0131258,339945770.9865508,3,0.07
740,338100090.15119123,340197121.48824227,3,0.07
760,338663926.5908618,339968349.0960516,3,0.07
780,337088312.4226297,339893396.4790789,3,0.07
0,343599314.6682104,343599314.6682104,3,0.2
20,344070697.69954634,344084967.3561441,3,0.2
40,343785504.9056033,343689300.04994404,3,0.2
60,343797741.72876877,343849101.0799888,3,0.2
80,343729820.32911426,343889245.0034342,3,0.2
100,344063883.9893187,343848459.29801536,3,0.2
120,343583507.69202995,343463283.6838183,3,0.2
140,343767561.7790301,343653442.2311585,3,0.2
160,343746251.49139863,343759290.7182858,3,0.2
180,344132855.6842548,343976240.20526844,3,0.2
200,344075066.5604879,343715222.2166475,3,0.2
220,344148033.88779247,343943285.943004,3,0.2
240,344138201.802438,343589655.1715174,3,0.2
260,343956467.4388538,343634903.56130445,3,0.2
280,344206474.02241576,343900853.5500066,3,0.2
300,343940054.9427559,343923576.03945863,3,0.2
320,344130283.82931614,343904199.70011604,3,0.2
340,344032755.4562393,344117580.3596068,3,0.2
360,344011004.57416606,344040474.98634815,3,0.2
380,344099629.5658742,343949662.1652162,3,0.2
400,343721181.1769656,343725898.72415036,3,0.2
420,343228153.5905463,343298769.8073556,3,0.2
440,344001611.0281611,343740269.33152425,3,0.2
460,343946808.1478754,343757566.0506487,3,0.2
480,343882642.4368355,343845054.61282647,3,0.2
500,344079540.96023643,343876974.2718462,3,0.2
520,344093872.9569286,343776616.9099364,3,0.2
540,343806069.0347715,343823719.70812213,3,0.2
560,343962706.6640986,343983986.2837359,3,0.2
580,343960352.39831495,343755811.05354166,3,0.2
600,344091573.42445564,343962771.7236309,3,0.2
620,344060751.2571641,343943292.50596756,3,0.2
640,343934539.5779949,343905591.4238912,3,0.2
660,343900178.0545399,343749411.51576304,3,0.2
680,344030715.0819051,343733154.3112099,3,0.2
700,343769951.1136428,343641827.5508239,3,0.2
720,343565392.7120648,343699422.37695473,3,0.2
740,343961940.0153774,343787835.32195574,3,0.2
760,343999449.4872609,343861152.2035572,3,0.2
780,343979374.0236647,343913159.5131486,3,0.2
0,254664643.7994271,254664643.7994271,4,0.01
20,253318034.89613977,331289126.0719259,4,0.01
40,254329653.52932557,330321948.2938462,4,0.01
60,250193261.56560323,331055248.61946,4,0.01
80,243483941.66883576,329719826.5057975,4,0.01
100,235110141.56615737,329750650.5007829,4,0.01
120,229233281.19050276,329712210.57085055,4,0.01
140,225316834.37120432,330142796.49274564,4,0.01
160,220750725.52410415,330496106.0206973,4,0.01
180,217238223.1450035,331922554.36437476,4,0.01
200,210644434.55615917,331531608.9876464,4,0.01
220,208397348.98301864,331222692.111456,4,0.01
240,209096621.6481234,331544972.9804422,4,0.01
260,209306020.08061367,331308806.94446796,4,0.01
280,210965145.7062019,330668965.42118496,4,0.01
300,216126734.85900572,331408124.8218757,4,0.01
320,218706405.0634025,331034070.3177066,4,0.01
340,217817374.7165414,330385826.0229879,4,0.01
360,215268268.2940226,330672985.7301704,4,0.01
380,216436838.64998463,331511440.5188063,4,0.01
400,223314210.35714155,331007146.27867043,4,0.01
420,224882573.52172363,329438953.0017961,4,0.01
440,223060127.55940932,329934028.9219722,4,0.01
460,218534260.65298545,330086761.2728511,4,0.01
480,214554899.34148815,331437021.32665205,4,0.01
500,214615984.00117064,331755982.227633,4,0.01
520,219307865.47912097,331974698.56017786,4,0.01
540,225148078.3201371,331627380.72929883,4,0.01
560,224922182.4706658,331867598.08105564,4,0.01
580,223027146.3331613,331641655.901241,4,0.01
600,220402074.43737996,332261920.4970679,4,0.01
620,215831729.76819375,331842069.936845,4,0.01
640,210630283.46739683,331592274.5907659,4,0.01
660,206497306.21243685,330451573.8537338,4,0.01
680,202482361.0314699,331362934.8337174,4,0.01
700,198816957.9171652,331523457.99081504,4,0.01
720,193713065.33038408,331097766.83236957,4,0.01
740,189971387.8303678,332021607.0633732,4,0.01
760,190889848.99225023,331554645.09069264,4,0.01
780,192105069.0237596,331093475.8040658,4,0.01
0,346610206.5347437,346610206.5347437,4,0.05
20,347464256.187167,348828374.24577403,4,0.05
40,346427834.65374905,348563355.9352397,4,0.05
60,345657110.03052956,348443064.56003,4,0.05
80,344765997.27255297,347013923.46251756,4,0.05
100,345922825.60567033,347421358.8438972,4,0.05
120,345535011.4456377,348011718.039389,4,0.05
140,345995865.0869801,348173786.13960457,4,0.05
160,345605186.92919815,347939319.53479767,4,0.05
180,347181989.789985,348394026.55216247,4,0.05
200,346718731.4198803,348653831.2029352,4,0.05
220,344994181.28764045,347694694.3205555,4,0.05
240,344523646.2711625,347154428.52297926,4,0.05
260,344494886.2974272,348473517.4863992,4,0.05
280,346184408.05562735,348338419.7201227,4,0.05
300,346272713.6684205,348526139.40434676,4,0.05
320,345228833.35549486,348625685.33184314,4,0.05
340,346506469.88614005,348773655.1515904,4,0.05
360,347518246.7858536,349071432.28834915,4,0.05
380,345626900.30351126,348301732.7586497,4,0.05
400,345955683.39652395,347541112.7507148,4,0.05
420,345688464.27484334,347633267.00618446,4,0.05
440,346086743.47882426,347491333.6226898,4,0.05
460,347754145.8176056,347992130.4899533,4,0.05
480,347924588.6650994,348654229.1078061,4,0.05
500,347696735.36105394,348965907.68709695,4,0.05
520,347204647.63292325,348974159.4379959,4,0.05
540,347537615.41864115,349068879.7738104,4,0.05
560,347725891.44953877,349362231.37300456,4,0.05
580,347413485.2083553,349110827.64607644,4,0.05
600,347657265.18422306,349068069.0780057,4,0.05
620,346858659.30271035,348847739.2263708,4,0.05
640,346926499.3011706,348369112.21067053,4,0.05
660,346842461.1902522,348610213.08196294,4,0.05
680,346056629.00179577,348625829.2259338,4,0.05
700,346093040.20113504,346991129.7987861,4,0.05
720,346923752.15366936,347819617.1888076,4,0.05
740,344735880.9405599,347742296.27582335,4,0.05
760,346242310.4870539,348287238.2159,4,0.05
780,345017978.6953062,348679775.45357895,4,0.05
0,338837736.9682501,338837736.9682501,4,0.03
20,336733265.1404599,345494050.80851775,4,0.03
40,332379874.84247446,344834758.9324296,4,0.03
60,334039347.58839166,344016923.7092625,4,0.03
80,335113997.5554217,344685040.07057565,4,0.03
100,335805775.4262178,343887798.450768,4,0.03
120,335459849.6106591,345048487.9017577,4,0.03
140,332267257.4966787,343848981.13892806,4,0.03
160,334091902.7938465,344646569.97263515,4,0.03
180,331872460.86900496,343770743.018697,4,0.03
200,337079851.4920534,344936929.2675648,4,0.03
220,337498346.49938554,345128781.1835573,4,0.03
240,339531761.7506018,346146175.1328795,4,0.03
260,337604100.06680477,345087125.2698692,4,0.03
280,336977763.39828056,345119989.79089296,4,0.03
300,338992566.4630351,345130242.7868359,4,0.03
320,336306089.9093056,343995277.94735074,4,0.03
340,337463889.5698965,344170712.82131386,4,0.03
360,340262859.2648867,344562756.4167482,4,0.03
380,339984161.7130363,344885396.84792554,4,0.03
400,338436317.1754752,345547452.4913162,4,0.03
420,337318558.2837981,344983159.19580567,4,0.03
440,335163692.7467471,344801856.9415725,4,0.03
460,338740178.5380659,345183464.02298427,4,0.03
480,337744201.0879222,344959737.3963508,4,0.03
500,334733009.9758524,344312678.3018548,4,0.03
520,331324772.58900917,344908142.69520044,4,0.03
540,333077002.78514826,345083436.9583218,4,0.03
560,330328667.49973285,344989628.18192554,4,0.03
580,329731709.52882147,345159549.2042531,4,0.03
600,331746151.75935346,345311334.1843234,4,0.03
620,335807805.6434015,345003206.28484476,4,0.03
640,331268463.72142273,344862225.27699244,4,0.03
660,330853869.6014775,344206960.12675595,4,0.03
680,331427085.59011203,344233059.1397475,4,0.03
700,336059012.51948714,344624887.9425043,4,0.03
720,335920100.37391627,344843635.4034196,4,0.03
740,335774557.6060761,345640857.0781851,4,0.03
760,334346551.9431396,344598319.9092485,4,0.03
780,335717415.4139999,345104884.8721528,4,0.03
0,346759121.762205,346759121.762205,4,0.07
20,348597760.5400239,349196784.8952226,4,0.07
40,349427086.7321962,349518158.49577045,4,0.07
60,349044573.6237745,349739690.8029182,4,0.07
80,350247338.1462796,350171786.3406966,4,0.07
100,349134914.022781,349778711.0587679,4,0.07
120,349336802.769998,349461905.36571985,4,0.07
140,348394396.23800075,349487503.0572674,4,0.07
160,349461729.9618205,350103785.12898964,4,0.07
180,348748369.6055695,350157116.2248978,4,0.07
200,347904354.81150764,349989240.5862386,4,0.07
220,347849681.1038976,349418429.1602969,4,0.07
240,349402693.2093463,349133324.1659696,4,0.07
260,350634088.44974124,349464191.11870027,4,0.07
280,349940499.70114744,349785336.8472428,4,0.07
300,349489531.47940075,349785524.9892755,4,0.07
320,349290365.44543207,350103862.21881044,4,0.07
340,350195651.5679977,349755555.09676206,4,0.07
360,349227603.437361,349301855.45586705,4,0.07
380,348978471.2245174,349347779.4801105,4,0.07
400,348515482.5065595,349629153.94190395,4,0.07
420,349724294.85896796,349508338.3095535,4,0.07
440,348790875.43277526,349564086.586576,4,0.07
460,349639719.0902307,349532845.7998153,4,0.07
480,349774073.5973152,349887120.6219305,4,0.07
500,349142729.3395877,349671497.98945093,4,0.07
520,349666616.7111666,349874991.25031173,4,0.07
540,348784077.19453466,349437721.64525306,4,0.07
560,349087775.6231974,349745429.8760311,4,0.07
580,348883506.0887284,349486385.0857161,4,0.07
600,348723902.2320411,349693526.73228747,4,0.07
620,350451714.35021263,350860536.01615775,4,0.07
640,350103328.87741935,349993175.72382426,4,0.07
660,348936203.038615,349214266.2180583,4,0.07
680,348856296.081707,349594416.325336,4,0.07
700,348873763.63932455,349783220.9262364,4,0.07
720,349600858.41305006,349525802.8791233,4,0.07
740,349339228.67957115,349732012.87242806,4,0.07
760,350414884.69510573,350480882.9058243,4,0.07
780,349304591.5640081,350303723.6310942,4,0.07
0,352652041.91933525,352652041.91933525,4,0.2
20,352668247.083332,352560830.1183607,4,0.2
40,352632952.53817236,352356734.7533477,4,0.2
60,352669069.42811906,352523726.35483694,4,0.2
80,352671290.8522385,352422586.53927267,4,0.2
100,352582221.4900481,352383931.07446074,4,0.2
120,352628845.54360545,352433530.8117894,4,0.2
140,352461674.22516894,352422155.0142337,4,0.2
160,352666838.4860404,352442631.0093581,4,0.2
180,352520803.48403794,352343450.0019395,4,0.2
200,352093617.71609235,352148238.4546771,4,0.2
220,352378527.97275186,351991249.1303667,4,0.2
240,352741424.383961,352156896.35751635,4,0.2
260,352344901.787102,352196341.288743,4,0.2
280,352432220.48429966,352138425.35414445,4,0.2
300,352384372.4510256,352305504.26355916,4,0.2
320,352472549.9901837,352205308.7447288,4,0.2
340,352778300.7005125,352526475.8703139,4,0.2
360,352699134.93734884,352420634.7338639,4,0.2
380,352597594.8681213,352443669.90913975,4,0.2
400,352466561.600646,351994233.18798053,4,0.2
420,352644209.28899944,352340533.71304715,4,0.2
440,352676445.223799,352471206.32587314,4,0.2
460,352600716.0065792,352423109.9881023,4,0.2
480,352345715.93984216,352313667.3698318,4,0.2
500,352547218.7734355,352300058.36460674,4,0.2
520,352511756.2348654,352225435.7870962,4,0.2
540,352649106.75515676,352477017.71488404,4,0.2
560,352686664.99159163,352408637.5318328,4,0.2
580,352638193.91566074,352393642.2968178,4,0.2
600,352629343.40495944,352312119.934378,4,0.2
620,352529927.2454046,352472278.2218387,4,0.2
640,352471793.35497224,352341878.63075066,4,0.2
660,352589281.83156145,352313021.0742588,4,0.2
680,352617753.54344535,352643189.67986166,4,0.2
700,352585454.4819517,352396642.5473104,4,0.2
720,352459165.7427006,352304549.99475235,4,0.2
740,352325952.18253756,352174514.5944102,4,0.2
760,352762251.84402716,352572488.0131669,4,0.2
780,352417903.08156174,352364957.26695865,4,0.2
0,260048405.083272,260048405.083272,4,0.01
20,261568098.45636997,331827689.22530556,4,0.01
40,264381401.09281904,331323422.9262392,4,0.01
60,265663316.57225809,331640758.1338131,4,0.01
80,263306708.61740893,330801392.89178944,4,0.01
100,258914973.2449736,331490074.1495739,4,0.01
120,250269638.2093155,331948457.2000315,4,0.01
140,237933582.198328,331487844.46259356,4,0.01
160,225086187.1215397,331091162.7278414,4,0.01
180,212610061.5184015,329772864.18468535,4,0.01
200,201689194.9772351,330488594.46174455,4,0.01
220,200132275.9065431,330764457.15326345,4,0.01
240,202023494.923203,330711981.52742916,4,0.01
260,200425311.6777253,330361554.5485698,4,0.01
280,199948505.81542623,329486714.71656024,4,0.01
300,208364184.043416,329068324.3024434,4,0.01
320,215685110.21554923,330367395.09593046,4,0.01
340,219467943.42745733,330087675.3735451,4,0.01
360,217268435.5206375,329505356.4538985,4,0.01
380,213848050.3132102,330379494.0037272,4,0.01
400,206611495.38896847,329620705.9743997,4,0.01
420,195961699.04649824,330294681.4849191,4,0.01
440,186491568.61035863,330516572.70884615,4,0.01
460,182933118.08944705,331374229.0026933,4,0.01
480,178631857.80539197,330259373.3694804,4,0.01
500,181324941.09550297,328923897.8586684,4,0.01
520,192058858.34376505,327864121.68579614,4,0.01
540,204171224.6362235,327206225.78936195,4,0.01
560,213929658.0517523,327102945.7436333,4,0.01
580,221320722.1041842,328345100.9846493,4,0.01
600,230304041.93549603,330286939.3631369,4,0.01
620,235918389.5238774,329320140.5758489,4,0.01
640,240827088.41319436,330345727.74358356,4,0.01
660,237961058.2371499,329130750.6666806,4,0.01
680,239518199.10092324,328501860.2520772,4,0.01
700,242023942.9986654,329641554.5115523,4,0.01
720,243576388.19698185,328978283.03167474,4,0.01
740,243125169.96572864,328396211.1717564,4,0.01
760,237626845.28866455,330057708.04713845,4,0.01
780,235954732.24968415,329163898.19622886,4,0.01
0,347613137.1767148,347613137.1767148,4,0.05
20,345807778.79409105,349192981.36426115,4,0.05
40,348092388.62722623,349315874.05950636,4,0.05
60,348300613.4204254,349822806.4325725,4,0.05
80,347031713.8097576,348628134.8726435,4,0.05
100,346399816.1102207,348761548.0090223,4,0.05
120,345996670.44116354,348720335.4124377,4,0.05
140,347029179.80805707,348493663.46550685,4,0.05
160,345966539.10092634,347521667.5747845,4,0.05
180,346483588.92996764,347400257.0844339,4,0.05
200,344955996.16282094,348475249.872481,4,0.05
220,345293638.653112,347996693.4604312,4,0.05
240,346075374.5110819,348074136.4330606,4,0.05
260,346225940.7942355,348463523.0796802,4,0.05
280,345962633.4433433,347811212.3188092,4,0.05
300,345420306.2981062,347180615.6000483,4,0.05
320,345623464.2550223,347523974.9744178,4,0.05
340,346346508.4918403,348194460.6452519,4,0.05
360,344307953.26231444,348282366.8896458,4,0.05
380,343755646.41893077,347931558.16739815,4,0.05
400,346288819.37676805,348563645.2659939,4,0.05
420,345270146.01532793,348606300.9124588,4,0.05
440,346187455.5455361,349250352.519526,4,0.05
460,345523912.46427894,348550315.6631017,4,0.05
480,345385796.6531804,348759445.2207892,4,0.05
500,344505346.5849925,347880554.62399244,4,0.05
520,343567627.904999,346513180.5088021,4,0.05
540,344306945.8702844,347375599.62517077,4,0.05
560,346665276.4134822,347572215.6890831,4,0.05
580,346803823.5688887,347274885.2181547,4,0.05
600,345949921.8883258,346941716.5638106,4,0.05
620,346380979.3981705,348310714.2301112,4,0.05
640,345165056.2819708,348108064.41521746,4,0.05
660,346202770.708377,348265446.07770395,4,0.05
680,347696099.2121271,348886121.4936824,4,0.05
700,347757048.8110384,348573914.3796258,4,0.05
720,346696993.2178483,348621657.5596671,4,0.05
740,346903339.2552606,348746351.33411205,4,0.05
760,346757485.28765464,348385870.35586905,4,0.05
780,346919959.08690333,348403485.56598246,4,0.05
0,332228148.7866509,332228148.7866509,4,0.03
20,335281715.5024878,344108940.2914679,4,0.03
40,334862288.99073875,344858483.0956804,4,0.03
60,331250863.31659967,344825804.4790902,4,0.03
80,329960401.5154854,344544703.705438,4,0.03
100,335679076.3540046,344975370.81351477,4,0.03
120,333523975.4273478,344925129.946295,4,0.03
140,331887136.4293735,344917842.3336113,4,0.03
160,329806690.934292,344290507.7111896,4,0.03
180,330369013.28230333,344016192.2572408,4,0.03
200,336477955.15865046,344324837.70069283,4,0.03
220,329355283.76461935,344070419.6726725,4,0.03
240,334769658.12896085,343590271.66931,4,0.03
260,333492197.30718243,343747908.055966,4,0.03
280,338059941.4034867,343356030.6827285,4,0.03
300,332499536.6673191,343728013.61524975,4,0.03
320,335555252.63790405,343915706.65609676,4,0.03
340,336952009.9898273,344774089.1488228,4,0.03
360,338897906.84958,344880139.40823734,4,0.03
380,335608401.8800445,344545004.8108127,4,0.03
400,335654562.04839444,344905438.3169056,4,0.03
420,335320192.3956573,345386224.90847987,4,0.03
440,333370861.0185983,345961807.12018514,4,0.03
460,332843426.9688482,344593524.7113588,4,0.03
480,332175676.32944477,345168120.402478,4,0.03
500,327471501.46164525,344462530.49240875,4,0.03
520,323857903.2983084,344546513.34099495,4,0.03
540,326676433.17037046,344402809.54218554,4,0.03
560,324387704.0101166,344284378.9791516,4,0.03
580,327692959.17149675,344777517.4395164,4,0.03
600,325797940.64264965,344601095.59528,4,0.03
620,330415221.4910154,344687641.02111506,4,0.03
640,330378107.3648061,344690439.43434024,4,0.03
660,333378382.01462555,344270370.29416573,4,0.03
680,334347713.7439319,344283962.17645484,4,0.03
700,337580793.6334486,344805614.4582032,4,0.03
720,335623380.0447895,345071655.90902126,4,0.03
740,333682554.0049994,345377954.7622628,4,0.03
760,336568400.61096025,345155618.64295626,4,0.03
780,339653204.9833586,345275777.8488734,4,0.03
0,347809154.4150865,347809154.4150865,4,0.07
20,349138924.8192756,349185561.2548369,4,0.07
40,348493250.3650584,348924098.6995863,4,0.07
60,349214303.9601426,349785273.13750875,4,0.07
80,349311207.6268016,349806069.5786313,4,0.07
100,348556840.9800609,350049511.565861,4,0.07
120,349210035.57804155,350010014.22203064,4,0.07
140,349604443.0941709,349950977.43395716,4,0.07
160,350126604.70294344,350337914.7007202,4,0.07
180,350096239.15820783,350572687.5295633,4,0.07
200,349695240.72293764,350131619.9210303,4,0.07
220,349701082.1382762,350321829.42753077,4,0.07
240,349996473.5358925,350775449.19338524,4,0.07
260,349406417.48893905,349865578.7975924,4,0.07
280,348839876.71898115,349896243.1434324,4,0.07
300,349011934.47765875,349847988.1547939,4,0.07
320,347808027.3431869,349341312.7928195,4,0.07
340,347932904.02569294,349182424.59947604,4,0.07
360,348657053.43298286,349969721.6002527,4,0.07
380,349308861.06655693,349842395.9994067,4,0.07
400,349015322.54035985,350144687.48180616,4,0.07
420,350569503.7156991,350980754.61183465,4,0.07
440,350465850.98037964,350597392.91440755,4,0.07
460,350862699.30031693,350749296.60928357,4,0.07
480,348945457.254052,349429487.8349181,4,0.07
500,349827797.0423473,349954009.19425523,4,0.07
520,350233158.8781674,350017841.77499914,4,0.07
540,349613341.0052682,349286947.0133933,4,0.07
560,348830156.8399498,350006350.92635167,4,0.07
580,349897889.8493924,350215450.40410674,4,0.07
600,349538795.0218932,349972288.80363,4,0.07
620,349882786.91274095,350434487.3130365,4,0.07
640,350144086.32888263,350553983.31650317,4,0.07
660,349928219.52162135,350971216.88465774,4,0.07
680,349755762.16279066,350396639.3220917,4,0.07
700,350595801.7146211,350483879.9935788,4,0.07
720,350328501.2256694,350227605.6670686,4,0.07
740,349866756.14398825,350711678.24287033,4,0.07
760,349939832.0949224,350319520.7547852,4,0.07
780,349714494.2626415,350339623.36198205,4,0.07
0,352751028.9310337,352751028.9310337,4,0.2
20,352511504.28868276,352426334.5316486,4,0.2
40,352582879.229159,352636007.82090235,4,0.2
60,352582861.7592743,352352314.288836,4,0.2
80,352542141.16825366,352323280.84518963,4,0.2
100,352587619.08055794,352351616.3591989,4,0.2
120,352670635.6761831,352564692.4014608,4,0.2
140,352695737.6238531,352464970.13486254,4,0.2
160,352535432.564766,352330731.3798127,4,0.2
180,352775920.50433683,352628403.6307881,4,0.2
200,352764953.9281944,352563748.5564825,4,0.2
220,352578759.0746316,352243894.1523956,4,0.2
240,352699227.2897485,352523376.8853779,4,0.2
260,352670437.15372753,352483971.0263878,4,0.2
280,352561263.99076545,352304019.72809154,4,0.2
300,352528969.69090945,352346600.56087834,4,0.2
320,352706241.4446182,352523299.75855255,4,0.2
340,352715444.1060113,352356874.873094,4,0.2
360,352842139.26978433,352704418.8544594,4,0.2
380,352465842.8904781,352485814.3015504,4,0.2
400,352379543.50584114,352206788.92038536,4,0.2
420,352523302.2307759,352386362.4594342,4,0.2
440,352505164.96936876,352361908.4186096,4,0.2
460,352463703.17568505,352235608.4266374,4,0.2
480,352451352.5944005,352285586.73627245,4,0.2
500,352549315.416939,352479054.8764521,4,0.2
520,352620029.658099,352461215.48521554,4,0.2
540,352552038.51784325,352365954.91391665,4,0.2
560,352652777.417137,352218671.8953794,4,0.2
580,352686152.2821481,352381931.5456803,4,0.2
600,352540955.15621126,352229048.16204274,4,0.2
620,352615492.03084385,352489582.50364256,4,0.2
640,352737061.5675105,352681696.3446883,4,0.2
660,352755883.9042727,352575774.47369814,4,0.2
680,352525184.5170356,352361925.2533655,4,0.2
700,352397955.12034434,352482540.1626961,4,0.2
720,352281537.7396134,352275602.43928,4,0.2
740,352573736.37584233,352348098.49968135,4,0.2
760,352550419.0086603,352375300.91128254,4,0.2
780,352535618.46641135,352399561.5986183,4,0.2
0,176896808.44343424,176896808.44343424,4,0.01
20,176736425.1091348,331597549.5713846,4,0.01
40,176479221.67778018,331147622.71082395,4,0.01
60,173633214.0640861,331816494.62831455,4,0.01
80,172662259.5685447,331813540.37010574,4,0.01
100,171201528.53985146,332303334.03146243,4,0.01
120,167461814.19049028,332059678.2904635,4,0.01
140,164346988.76777744,332133144.9118645,4,0.01
160,163513358.02634084,332295685.58422244,4,0.01
180,165959731.0675626,332121203.4383129,4,0.01
200,167476865.11198154,332126800.0404801,4,0.01
220,171331004.73115617,332031207.7643687,4,0.01
240,182238029.91495863,331534032.8700551,4,0.01
260,193159268.4478538,331547462.25120646,4,0.01
280,199614556.14676687,330643140.6285765,4,0.01
300,202702558.6903136,331047464.3783716,4,0.01
320,202945645.41057783,330440756.04282993,4,0.01
340,204595374.46367887,331166819.2821548,4,0.01
360,206358424.98279068,331034702.6421238,4,0.01
380,207265464.48262525,329557295.5772477,4,0.01
400,208607151.39887685,330171826.48334366,4,0.01
420,207771672.8662631,329858732.1907917,4,0.01
440,206348551.08579552,329922088.0485778,4,0.01
460,207977231.79347017,329554436.24790066,4,0.01
480,212162339.08654833,329627888.78147596,4,0.01
500,214877594.95671025,329824408.83833486,4,0.01
520,217822729.15899804,330288067.735585,4,0.01
540,219772912.29374772,329367161.66414464,4,0.01
560,224565143.7039314,328692469.7665715,4,0.01
580,228639676.75011775,329107060.43844897,4,0.01
600,230264871.20252925,330445933.7371775,4,0.01
620,228404769.8720816,329263956.903901,4,0.01
640,225380248.49183455,328966986.61169446,4,0.01
660,223678083.54953915,329697667.26521695,4,0.01
680,220876981.5233224,329404171.0717529,4,0.01
700,219549446.6199223,330255173.330141,4,0.01
720,222247229.35085815,329774124.0392257,4,0.01
740,220081375.81815675,329605184.59529674,4,0.01
760,218821029.52627727,329820443.2899582,4,0.01
780,220605749.79634175,329630978.31618774,4,0.01
0,347417726.6306927,347417726.6306927,4,0.05
20,346926133.6138902,348609950.1387701,4,0.05
40,347756208.0484568,348860497.3817482,4,0.05
60,346080934.98472834,348617632.58245224,4,0.05
80,346359634.40019083,349057460.7661858,4,0.05
100,347460407.8719243,348504359.24075735,4,0.05
120,347925480.0099248,348404892.6515627,4,0.05
140,347720849.6002066,348349467.44105375,4,0.05
160,346804729.7975626,348508641.33988774,4,0.05
180,347351787.0070846,348983412.2011708,4,0.05
200,347091737.09243536,348575748.9290925,4,0.05
220,348103100.4187433,348582782.49257714,4,0.05
240,347824451.2411984,349326036.7762826,4,0.05
260,347299500.78548884,348657722.16751623,4,0.05
280,347763088.93968785,348600815.84460235,4,0.05
300,345471393.3046316,348423115.1461614,4,0.05
320,346499165.08858883,347872690.007399,4,0.05
340,346887208.79488266,348253670.16238666,4,0.05
360,346375012.3447622,347879624.7020134,4,0.05
380,348456214.24938786,348160251.0837458,4,0.05
400,345877924.735257,348176015.642331,4,0.05
420,347578793.3959888,348895692.0864379,4,0.05
440,346918379.1503667,349157244.7520522,4,0.05
460,345408804.4333268,348569672.6886003,4,0.05
480,346134570.3516981,348141315.81615704,4,0.05
500,344152716.46015024,347944947.0792327,4,0.05
520,345487132.0701888,347885666.00328743,4,0.05
540,345375347.85683924,347457805.94070745,4,0.05
560,345355398.949877,348147877.91472584,4,0.05
580,346028653.8978844,348318984.9479194,4,0.05
600,345541285.31644356,347942016.23990667,4,0.05
620,346293713.0983969,347878361.4913676,4,0.05
640,346360248.7754317,348612122.8711415,4,0.05
660,346441773.5571859,349137903.6627742,4,0.05
680,346140422.6480089,348911331.9231641,4,0.05
700,346455859.021823,348242602.9149437,4,0.05
720,346022302.45036936,348758194.4644715,4,0.05
740,347380186.79823136,348812839.87118876,4,0.05
760,345354112.21145284,348333426.27135354,4,0.05
780,346172603.4730838,348442142.8424431,4,0.05
0,335333837.7691165,335333837.7691165,4,0.03
20,335243365.025356,344718278.6829376,4,0.03
40,338432822.652246,343910262.9003434,4,0.03
60,331105593.40132487,344345312.2814752,4,0.03
80,336896023.42792267,345648072.944553,4,0.03
100,337984240.047823,345713391.9937401,4,0.03
120,335115387.3404132,345400535.7518637,4,0.03
140,335362518.31582415,345504233.06326073,4,0.03
160,332374645.81651247,345067371.0578313,4,0.03
180,334139732.2659955,345550999.4435484,4,0.03
200,334943239.08317494,345363705.1564541,4,0.03
220,335144921.94863755,344753447.719178,4,0.03
240,335246665.62957656,345046588.34080344,4,0.03
260,333239428.47623545,345405355.27825224,4,0.03
280,335647633.7075225,345506472.2300352,4,0.03
300,335087376.6933075,345656356.83954185,4,0.03
320,338065959.7798431,345470963.6617633,4,0.03
340,337910338.40645325,346073447.87441856,4,0.03
360,338393004.1135747,345659013.03673947,4,0.03
380,337281807.62274516,345402129.43456936,4,0.03
400,337957189.494382,344553330.33812165,4,0.03
420,336699557.9443079,343964127.49261785,4,0.03
440,337984170.967326,344323865.39799243,4,0.03
460,335488763.44875944,345134352.77562463,4,0.03
480,336683262.0580548,344335657.4679805,4,0.03
500,337978592.9454261,345619461.3263354,4,0.03
520,338640368.40936387,345104959.5690876,4,0.03
540,338612284.60878605,345216153.1010587,4,0.03
560,338315684.440086,345941773.90537244,4,0.03
580,337244917.57469463,345066905.6393878,4,0.03
600,339823144.41874796,345106671.49345344,4,0.03
620,338185288.9238095,344889712.91964954,4,0.03
640,339453357.6274578,345316334.998161,4,0.03
660,339273943.8864396,345167881.54764056,4,0.03
680,338471022.9335393,344765852.3098141,4,0.03
700,337559944.1362662,344671693.5562184,4,0.03
720,339415749.3740923,344551672.39975226,4,0.03
740,341038129.6924211,344636504.2979136,4,0.03
760,334855558.5706376,344259087.61657286,4,0.03
780,338615012.2711232,343997133.78000295,4,0.03
0,349224834.17583454,349224834.17583454,4,0.07
20,348886304.35849744,349928332.87960804,4,0.07
40,349202613.207837,350296737.6772002,4,0.07
60,349208398.274572,349891779.0564728,4,0.07
80,349359210.911571,350010225.4528779,4,0.07
100,349554761.3646337,349835689.0156692,4,0.07
120,350032446.81837994,349911185.7762056,4,0.07
140,349550365.49811673,350054337.3498306,4,0.07
160,349400304.3371569,350321428.1927932,4,0.07
180,350635830.4503128,350473619.83510256,4,0.07
200,348692420.1178724,350159803.01796263,4,0.07
220,350222205.8330251,349958534.8299846,4,0.07
240,350280789.0344486,350864703.1584361,4,0.07
260,348980302.3526294,350590740.3247936,4,0.07
280,349421070.56599694,350547646.61337316,4,0.07
300,349332597.09350795,350479029.73276275,4,0.07
320,349469423.5966499,350242287.3598038,4,0.07
340,348959431.01054716,350064474.5472059,4,0.07
360,350437258.3764062,350493880.0958046,4,0.07
380,349479258.90205085,350239980.9165472,4,0.07
400,350171696.91752446,350287574.26257646,4,0.07
420,349421046.9310279,349191513.16571915,4,0.07
440,348102613.1568668,349548999.0493605,4,0.07
460,348534040.4734053,350170713.4272038,4,0.07
480,350800012.4318861,349660325.41679156,4,0.07
500,349317850.2261822,349873671.3009378,4,0.07
520,349012397.83907974,350088166.90487075,4,0.07
540,349931665.04450506,349911902.9915199,4,0.07
560,347210486.0629869,349863844.2648978,4,0.07
580,349616389.5945699,350072091.414046,4,0.07
600,349068006.6844796,349391908.81199265,4,0.07
620,349401316.9693887,349081849.44396865,4,0.07
640,348749422.5870703,349453226.02832544,4,0.07
660,349173240.6736725,349208799.1463461,4,0.07
680,350338458.2344483,349640046.2925862,4,0.07
700,349902188.988181,349134849.5302306,4,0.07
720,349733512.04774296,350083204.92385453,4,0.07
740,350415922.35758585,349563177.5135141,4,0.07
760,349744342.3483007,350173013.7258746,4,0.07
780,349617633.2528699,349626756.1956589,4,0.07
0,352751948.1335993,352751948.1335993,4,0.2
20,352720383.42953205,352488429.1111059,4,0.2
40,352705814.7131502,352464316.6262275,4,0.2
60,352548655.18731797,352371678.79038537,4,0.2
80,352460574.71786726,352281733.93163383,4,0.2
100,352628346.49000484,352318757.3304353,4,0.2
120,352649959.0265037,352421689.9236202,4,0.2
140,352647891.76378596,352530640.3047564,4,0.2
160,352687125.5605712,352421949.6866412,4,0.2
180,352582516.7003026,352336005.72750086,4,0.2
200,352487029.4607948,352397049.5591867,4,0.2
220,352706711.3919439,352535313.67169523,4,0.2
240,352597878.1767733,352440891.3291302,4,0.2
260,352637322.50626886,352485564.17363656,4,0.2
280,352547235.9311167,352317817.3822473,4,0.2
300,352637417.4230289,352544083.90029186,4,0.2
320,352703934.5535443,352550747.4981009,4,0.2
340,352587357.5170709,352437419.20954525,4,0.2
360,352602582.74677825,352392278.01615995,4,0.2
380,352494449.0316775,352317075.2597478,4,0.2
400,352598814.8247096,352537696.0302574,4,0.2
420,352408406.3142087,352279780.0266433,4,0.2
440,352583994.23435843,352483629.76076597,4,0.2
460,352468535.4443524,352325932.4650799,4,0.2
480,352640852.7068143,352374002.49429786,4,0.2
500,352585709.7778116,352458153.2851423,4,0.2
520,352701508.593362,352458448.68007535,4,0.2
540,352797217.03604484,352640271.44591975,4,0.2
560,352538532.4038862,352354519.41908,4,0.2
580,352258876.2394383,352174399.49001783,4,0.2
600,352464963.72382975,352337661.1801462,4,0.2
620,352644727.7189912,352442760.39413637,4,0.2
640,352286512.2343472,352382863.9864127,4,0.2
660,352468601.1639178,352484451.4416331,4,0.2
680,352475195.53231,352214677.2641274,4,0.2
700,352521304.35166013,352415476.3438343,4,0.2
720,352734662.11028254,352519221.9403612,4,0.2
740,352607148.0665422,352285436.53013945,4,0.2
760,352451298.99850845,352325502.325924,4,0.2
780,352660223.1218456,352336631.1040837,4,0.2
0,237006314.975408,237006314.975408,4,0.01
20,235575876.82758123,330154328.4283811,4,0.01
40,227513900.63907033,329735898.6344069,4,0.01
60,219815950.61616343,329830711.9303595,4,0.01
80,214732210.34823084,330480853.6372626,4,0.01
100,217100298.706088,330193183.08623815,4,0.01
120,223169870.284378,329940957.38691056,4,0.01
140,233214860.9717591,330179629.1980721,4,0.01
160,242243415.255038,330409380.765648,4,0.01
180,249127961.7623596,330889039.25707334,4,0.01
200,253017879.78803656,330111363.57357883,4,0.01
220,254629020.3133877,330321683.1542238,4,0.01
240,253964950.47206545,330373018.42520535,4,0.01
260,252154006.9477936,330452880.3582032,4,0.01
280,251613636.4329848,331288429.9099394,4,0.01
300,252255182.65163553,330114902.71372265,4,0.01
320,251898636.4626396,330532943.19458455,4,0.01
340,249601163.50818527,330402560.5630742,4,0.01
360,247053380.47735333,331129158.39694417,4,0.01
380,247271558.55248767,331780230.99937916,4,0.01
400,251101064.81791115,331632491.6477083,4,0.01
420,255126614.6781957,330658813.23836064,4,0.01
440,256496464.16709825,329919340.21182495,4,0.01
460,254111937.51621124,330315090.1756604,4,0.01
480,250790503.50320023,330847980.5649593,4,0.01
500,247087071.40877905,331429253.73038715,4,0.01
520,246835351.96035343,332115656.70837635,4,0.01
540,246247159.62381023,330902278.49541104,4,0.01
560,241096696.5538292,330645974.72663033,4,0.01
580,241205923.6478473,331693158.17590845,4,0.01
600,244207142.9470676,331220971.53376627,4,0.01
620,248830719.9481237,332203724.3477614,4,0.01
640,249619078.65606928,331916327.9594737,4,0.01
660,252478128.0389942,332220659.67679954,4,0.01
680,249551842.03211457,331609761.9268292,4,0.01
700,245307580.18309876,330885873.6939119,4,0.01
720,242892848.9138773,330633515.9991151,4,0.01
740,246839176.45295563,331165111.931807,4,0.01
760,252803773.00344795,331905443.75621974,4,0.01
780,255363806.89251655,331637451.1523569,4,0.01
0,345822975.4632282,345822975.4632282,4,0.05
20,346204906.03663534,348676493.9858185,4,0.05
40,346101359.8010334,348540518.90081745,4,0.05
60,345487501.74765366,348245526.4411683,4,0.05
80,347379482.22100246,348705535.6698283,4,0.05
100,345817415.9028053,348244463.7011733,4,0.05
120,346237811.9419269,348311812.0162725,4,0.05
140,346971332.0150949,348498969.02449447,4,0.05
160,346866866.5041002,348995616.35481304,4,0.05
180,346267766.9500694,348554256.13770616,4,0.05
200,345739441.1697204,348044062.11939275,4,0.05
220,347419294.0389802,348796884.53145003,4,0.05
240,345397362.8036186,348545544.69037855,4,0.05
260,346887253.0007536,348584074.75749135,4,0.05
280,348482889.6022701,348751640.8935152,4,0.05
300,347102885.6027036,348146300.84802604,4,0.05
320,346572393.69395715,348839875.1122419,4,0.05
340,347608301.1705709,348246613.69262457,4,0.05
360,346166588.28696126,347921029.4511595,4,0.05
380,346614506.52580476,347544383.6958965,4,0.05
400,346506839.13229835,347922213.3151816,4,0.05
420,347818812.9296397,347514419.2283573,4,0.05
440,347736086.19116586,348640234.2502543,4,0.05
460,345898469.8861314,348293762.1077949,4,0.05
480,346059437.78252923,348525073.1101389,4,0.05
500,347389076.1739689,348559503.1037009,4,0.05
520,347538920.21809924,349265662.40217274,4,0.05
540,347852340.9958566,348870025.1731436,4,0.05
560,346685398.9739963,348503866.49923456,4,0.05
580,346831460.5449866,348635873.3169635,4,0.05
600,346011581.4359795,348421364.51746404,4,0.05
620,344427407.51110196,348090862.43971014,4,0.05
640,346512606.2773642,348307016.81727755,4,0.05
660,347928934.4894093,348716763.7166807,4,0.05
680,346740487.998876,349012127.9432283,4,0.05
700,346696717.3792447,348958434.655636,4,0.05
720,348304871.03312844,348878208.9042524,4,0.05
740,347105609.93282396,348438159.995528,4,0.05
760,347090755.55159587,348633886.9741138,4,0.05
780,346540802.8528713,348303660.55185556,4,0.05
0,330294003.26962924,330294003.26962924,4,0.03
20,332846069.43772686,345351941.65145767,4,0.03
40,333354792.3241214,346609384.4633497,4,0.03
60,334430995.1844629,346088700.3236755,4,0.03
80,332802615.89005494,345290885.15225697,4,0.03
100,328129896.61710703,343985143.3143225,4,0.03
120,330286623.2316119,342902894.6704447,4,0.03
140,333967180.25431645,343366562.7341837,4,0.03
160,334383657.9506891,343149717.44317865,4,0.03
180,333968854.1150013,344024033.00429374,4,0.03
200,332258412.9891397,343418220.95547163,4,0.03
220,337060983.25172853,343355846.74280584,4,0.03
240,335093534.01131684,344219326.29458725,4,0.03
260,337049250.91239506,344509641.0508068,4,0.03
280,335164325.4997585,345037312.76458883,4,0.03
300,333841064.7414644,344890986.11828136,4,0.03
320,337287283.5841064,344716645.82953763,4,0.03
340,338938752.2764525,345016654.74310666,4,0.03
360,337097413.8205066,345033394.423681,4,0.03
380,337010793.27917624,344363357.2190988,4,0.03
400,335002086.4868597,343833473.97462344,4,0.03
420,335512636.0648472,344721894.8435992,4,0.03
440,337383836.6169599,344731331.76668155,4,0.03
460,335444829.88583255,344802084.3625616,4,0.03
480,338836382.3470198,344052803.86131406,4,0.03
500,337798173.9828329,344874405.6541194,4,0.03
520,338804424.3283422,345682525.539124,4,0.03
540,338543660.8396527,345353490.5859705,4,0.03
560,337923341.7958971,345791745.467549,4,0.03
580,339476053.4483578,345804611.79297984,4,0.03
600,340759966.34553725,346396973.0483983,4,0.03
620,339240344.77076197,345841296.89336675,4,0.03
640,338542489.88292783,345123969.61854076,4,0.03
660,336806709.7183109,345369529.5811869,4,0.03
680,338057270.95370543,346028473.94513077,4,0.03
700,336637394.18077314,345029143.7368566,4,0.03
720,335432782.2484713,344280856.6647377,4,0.03
740,333071827.3833859,344891263.90622544,4,0.03
760,334666177.6769461,343319435.94453144,4,0.03
780,334262253.7308372,344051984.0588562,4,0.03
0,349635417.64945155,349635417.64945155,4,0.07
20,349126804.37855583,350412098.856308,4,0.07
40,349100989.3612532,350090646.85258967,4,0.07
60,349474759.9777708,349622149.90224594,4,0.07
80,349310628.7891334,350440190.16747075,4,0.07
100,349262526.56368214,350095461.892915,4,0.07
120,349392542.28514457,349617963.9156971,4,0.07
140,349551205.0397957,349859881.67037416,4,0.07
160,349338064.7163007,349846424.09209424,4,0.07
180,350048031.1694017,350464511.01892495,4,0.07
200,349593585.5638786,349882197.0592705,4,0.07
220,349534316.1214839,350354060.34216297,4,0.07
240,348585062.0434318,350225737.3546985,4,0.07
260,348919850.58834225,349821874.42404634,4,0.07
280,349478665.1959289,349591678.69871104,4,0.07
300,348524035.1488054,349397485.0060843,4,0.07
320,349491770.8381717,349860322.9046283,4,0.07
340,350019066.35979164,350599965.70504683,4,0.07
360,349422610.06644845,349534120.3757706,4,0.07
380,348360996.6412752,349613606.4314162,4,0.07
400,348341328.83377045,349195348.0791683,4,0.07
420,347105348.0179274,348619559.4445216,4,0.07
440,347779315.02331716,349302696.7920035,4,0.07
460,347373927.60840267,349695708.8640255,4,0.07
480,349188633.0839436,349782533.4206021,4,0.07
500,348447488.1377194,349548021.69088113,4,0.07
520,348846933.08126986,349563642.1015022,4,0.07
540,349427991.73855317,349614408.3750777,4,0.07
560,349641571.3314969,349714423.0111017,4,0.07
580,349560362.9183676,349795468.2009177,4,0.07
600,350422032.89603597,350048747.36947507,4,0.07
620,348924916.56306607,349861569.72783244,4,0.07
640,349780895.5720675,350543128.5828415,4,0.07
660,350382798.3387151,350275209.38820195,4,0.07
680,349287714.6584182,349765074.0892547,4,0.07
700,349176246.4271883,349802287.7758218,4,0.07
720,350453671.24211836,350063353.3287786,4,0.07
740,349085044.3308295,350165699.91390276,4,0.07
760,350614118.65623546,350639106.9937546,4,0.07
780,349723376.7134151,350037323.17619705,4,0.07
0,352632290.6122558,352632290.6122558,4,0.2
20,352491940.19177395,352210878.027977,4,0.2
40,352795256.04514396,352566437.41740227,4,0.2
60,352928755.16247976,352583144.285255,4,0.2
80,352571958.728392,352380826.4142567,4,0.2
100,352827156.16329384,352468113.347362,4,0.2
120,352652496.8613548,352447412.8986305,4,0.2
140,352462047.50695944,352206015.6761607,4,0.2
160,352624692.18679667,352380609.3171671,4,0.2
180,352536766.659276,352280297.35805994,4,0.2
200,352656081.89984816,352450138.4721799,4,0.2
220,352616128.9353198,352429851.82699835,4,0.2
240,352627572.74584836,352367893.21627367,4,0.2
260,352655095.60908693,352593417.238047,4,0.2
280,352601763.27724826,352432857.5323229,4,0.2
300,352682861.25484216,352441736.8637214,4,0.2
320,352792658.5441325,352562710.0558057,4,0.2
340,352709992.2965981,352263457.31120384,4,0.2
360,352562887.3022219,352264084.31948006,4,0.2
380,352533055.8275994,352294373.0931861,4,0.2
400,352559029.1085677,352364324.16757023,4,0.2
420,352505859.3869467,352277313.3515794,4,0.2
440,352487974.4998189,352368653.99316657,4,0.2
460,352546245.0456997,352354771.8755801,4,0.2
480,352422925.56762266,352336602.4442805,4,0.2
500,352623564.5195305,352545998.8946464,4,0.2
520,352713840.34808695,352347071.6418241,4,0.2
540,352618763.1465745,352331696.1910441,4,0.2
560,352370146.9556518,352210899.2509315,4,0.2
580,352418030.5704539,352167805.22427905,4,0.2
600,352709791.95839113,352341197.94976515,4,0.2
620,352203033.78274274,352219670.21062905,4,0.2
640,352485777.52314335,352200630.57760096,4,0.2
660,352470017.11445844,352104970.3391903,4,0.2
680,352603710.7631816,351996493.3146843,4,0.2
700,352497018.45414495,352306659.78257203,4,0.2
720,352403056.354169,352337947.880817,4,0.2
740,352679658.5179193,352373605.61587393,4,0.2
760,352590625.62769437,352531138.5507475,4,0.2
780,352685350.0336452,352426825.9636502,4,0.2
0,259652181.91163465,259652181.91163465,4,0.01
20,260082654.60158193,332592270.378147,4,0.01
40,254790918.31389853,331611893.874274,4,0.01
60,244732766.9952984,330969994.74724364,4,0.01
80,241288584.38980484,330022377.66304153,4,0.01
100,242426806.44852936,330102476.6159344,4,0.01
120,238917779.2631683,329112167.3153645,4,0.01
140,231420096.67190772,329458256.63640356,4,0.01
160,228443046.17115057,329757051.54075474,4,0.01
180,229657837.8996825,329421375.33900076,4,0.01
200,235184264.43187863,329407529.44742846,4,0.01
220,239479588.71399456,329785077.2957344,4,0.01
240,241598573.25242352,329333693.99419177,4,0.01
260,243592955.36663952,329498750.8668628,4,0.01
280,246092327.9194727,329872396.4361241,4,0.01
300,247482235.9213792,330446414.06518745,4,0.01
320,248391287.512381,329550092.20676464,4,0.01
340,246330339.3646744,329038596.5651678,4,0.01
360,244569569.7016429,328454469.75378454,4,0.01
380,247261075.7263764,328713011.0915347,4,0.01
400,250678726.13112116,328038560.9441677,4,0.01
420,247954487.99614537,327597343.4242741,4,0.01
440,244425562.92983252,327307335.99053454,4,0.01
460,244592752.1504788,327553716.0840397,4,0.01
480,247778431.30388364,327338911.30139863,4,0.01
500,250541209.0132568,328495668.6394603,4,0.01
520,251936385.96744823,328561075.44059736,4,0.01
540,252891069.01179,327695167.77938735,4,0.01
560,252680962.6017664,327691565.7899536,4,0.01
580,257906407.26733276,327815381.0397115,4,0.01
600,260872265.76793033,327467775.5512302,4,0.01
620,264635877.68667457,327794418.51892585,4,0.01
640,264909944.49516952,327553916.18078625,4,0.01
660,264656495.9865085,327452047.9818175,4,0.01
680,264801767.11249027,327986452.6309023,4,0.01
700,267180799.46263844,329273057.57109064,4,0.01
720,271590650.31375957,329398376.75884044,4,0.01
740,270901573.29969656,328368700.6210552,4,0.01
760,267913497.2164476,329122172.95553476,4,0.01
780,266934308.4758435,329657903.2639083,4,0.01
0,342956218.67636895,342956218.67636895,4,0.05
20,346332229.9214301,348264726.5014627,4,0.05
40,346522810.1163157,348164214.4301134,4,0.05
60,345962918.1469541,348348736.8468547,4,0.05
80,347491951.3300461,348958227.45552874,4,0.05
100,346978868.0784541,348831894.68286467,4,0.05
120,346515901.7945437,348769329.10128176,4,0.05
140,348230655.95482814,348959274.1587632,4,0.05
160,347286199.65413547,348532572.1350814,4,0.05
180,345249634.96490014,348072175.0182907,4,0.05
200,346807811.431205,348014357.9503478,4,0.05
220,349041625.46276784,348496105.661187,4,0.05
240,346705212.75264114,348664727.611269,4,0.05
260,346239454.3899879,348691900.4605524,4,0.05
280,347466256.0465412,349284918.60878503,4,0.05
300,347174186.7491404,348905895.62257755,4,0.05
320,347725112.87481135,348651120.3742075,4,0.05
340,346410135.3498107,347974487.892254,4,0.05
360,347319526.7816086,348077311.9183806,4,0.05
380,347599155.5302522,349365097.3337333,4,0.05
400,346317816.64698523,349076304.3919799,4,0.05
420,346708653.9605586,348672989.97947264,4,0.05
440,348442193.74161184,349372686.7722812,4,0.05
460,347274242.5521471,348619076.31083775,4,0.05
480,347686019.21502197,348549513.8720534,4,0.05
500,347268081.4250047,348714744.8686307,4,0.05
520,346389269.0682074,347884371.73026884,4,0.05
540,347332874.4674196,347935959.89506525,4,0.05
560,347099733.5801707,348177282.1228416,4,0.05
580,347562139.02196383,348073305.6801454,4,0.05
600,346905521.91545236,347967833.1573703,4,0.05
620,346813664.44321203,348002652.5006182,4,0.05
640,346244462.2618073,348401590.53340304,4,0.05
660,346393454.57765484,348501686.7704541,4,0.05
680,346713448.6053339,348822177.26512325,4,0.05
700,347028643.1828668,348894984.16804993,4,0.05
720,346101114.8039583,348890569.9416153,4,0.05
740,347307101.3354933,348987234.47416794,4,0.05
760,347252597.1651745,348998177.0020833,4,0.05
780,345648557.02657944,348393919.8738679,4,0.05
0,336158389.7826313,336158389.7826313,4,0.03
20,335325217.6031613,343916066.7569413,4,0.03
40,336872604.1886818,343856086.286292,4,0.03
60,337752076.1751182,344529670.05427504,4,0.03
80,336699737.97372085,344152598.414209,4,0.03
100,337923327.99269605,344204951.24251425,4,0.03
120,337382555.82935643,344469117.8475162,4,0.03
140,339393496.6864511,345214010.84217244,4,0.03
160,336736212.99915665,345233267.28196466,4,0.03
180,340005589.21098024,345450271.7177782,4,0.03
200,337273684.739207,345858928.10072327,4,0.03
220,339351851.613797,346625944.34893215,4,0.03
240,340902180.1567963,346733284.64231867,4,0.03
260,336107736.94587505,346926171.2363282,4,0.03
280,338391842.55292153,346094396.64267147,4,0.03
300,338065359.8144978,346662365.716259,4,0.03
320,339800315.85914975,344955059.4444804,4,0.03
340,334370605.86083055,345185229.7079319,4,0.03
360,328999921.4142003,346264011.7908839,4,0.03
380,331954959.4358362,344555838.77285707,4,0.03
400,329852967.2017634,344463853.7232288,4,0.03
420,333323996.92710066,343432054.22244745,4,0.03
440,326595304.1896217,343960588.8284989,4,0.03
460,328634577.81559026,344097609.6455569,4,0.03
480,325457344.2233577,343454279.9498718,4,0.03
500,333503920.679516,344695554.46012485,4,0.03
520,328883842.40658885,345909201.3548677,4,0.03
540,329786190.7367424,345942751.72154146,4,0.03
560,327032442.23499596,345547656.7170117,4,0.03
580,330314235.18370306,344428767.9921813,4,0.03
600,336327604.1081344,345170469.7743875,4,0.03
620,334853720.3433783,345128729.9832365,4,0.03
640,336052138.3561126,345373281.53716004,4,0.03
660,337460495.9923891,344565489.48653525,4,0.03
680,337162677.49737316,345077841.2233199,4,0.03
700,337909703.1543758,344547034.1402671,4,0.03
720,335933841.5530026,345124300.84825647,4,0.03
740,335643737.34722984,344512936.1130525,4,0.03
760,333499491.17279375,343844628.9118828,4,0.03
780,332929035.2174345,342983639.4752576,4,0.03
0,349603696.79896575,349603696.79896575,4,0.07
20,349770332.62159085,350295217.85698986,4,0.07
40,350241173.9994514,350547066.2226175,4,0.07
60,350236576.0370587,350299495.43275666,4,0.07
80,349420142.4368727,350562514.3908086,4,0.07
100,348641960.4778671,350254822.8726076,4,0.07
120,349883347.8844126,349849299.1220082,4,0.07
140,349535226.05566764,350209394.1120365,4,0.07
160,349982627.0556363,349848431.154817,4,0.07
180,349244003.2291273,349966217.1167829,4,0.07
200,349099892.4616858,349777096.8348434,4,0.07
220,349065767.8137567,349654945.27985334,4,0.07
240,349668256.1177863,350058224.26172304,4,0.07
260,349664553.7396691,349868437.7232854,4,0.07
280,349304714.2020628,350596408.36403584,4,0.07
300,349880613.22327185,350273187.30799013,4,0.07
320,349347377.0646224,350416610.49989843,4,0.07
340,350024762.00271076,350759297.9274748,4,0.07
360,350125727.9356798,349940001.37577105,4,0.07
380,349872141.76184726,349860388.3324477,4,0.07
400,349056153.08506435,349005802.666033,4,0.07
420,348740403.3957005,349585406.8433945,4,0.07
440,348982276.35874975,349959127.0908357,4,0.07
460,349672248.2995191,350377620.0591441,4,0.07
480,350323069.64107585,350251410.69712585,4,0.07
500,349686185.66424775,350313568.0233482,4,0.07
520,349212332.31839466,350391893.93273306,4,0.07
540,348810726.7143667,349887656.87558794,4,0.07
560,349360581.79442734,350185144.50242615,4,0.07
580,348389930.15469116,350073600.34042907,4,0.07
600,349742182.6881041,350030305.54769295,4,0.07
620,348615883.6879908,349879875.05483186,4,0.07
640,348664952.7883296,349839150.86266315,4,0.07
660,348865796.0312292,349867916.51416135,4,0.07
680,349794151.40404874,349890547.5249945,4,0.07
700,349843090.2794143,350154690.0783328,4,0.07
720,349809193.0631629,350375535.5047044,4,0.07
740,349382801.34288394,350350035.1182153,4,0.07
760,350252301.63506806,350203309.1970269,4,0.07
780,349956742.2358293,350218246.5723368,4,0.07
0,352627422.85658574,352627422.85658574,4,0.2
20,352179846.85476524,352091401.4449959,4,0.2
40,352519406.7247616,352341578.76650023,4,0.2
60,352621899.8097613,352519363.0566615,4,0.2
80,352406455.7343542,352392635.4532821,4,0.2
100,352639752.82942754,352393882.9175408,4,0.2
120,352651971.12239146,352330226.3129823,4,0.2
140,352549347.28312945,352414585.0635361,4,0.2
160,352789191.87509,352658714.2206856,4,0.2
180,352608758.69881314,352461714.6881491,4,0.2
200,352606580.3857546,352441897.16534793,4,0.2
220,352674935.25186926,352480887.9680799,4,0.2
240,352306638.7892175,352275188.0889491,4,0.2
260,352782624.2583864,352482277.3489294,4,0.2
280,352461332.7416754,352266788.64783585,4,0.2
300,352561153.094141,352312565.193637,4,0.2
320,352516240.4726033,352418392.3118761,4,0.2
340,352411497.1463362,352362301.2798239,4,0.2
360,352363047.99084765,352411282.9251684,4,0.2
380,352614849.52428937,352455071.4582406,4,0.2
400,352553251.12513113,352394128.4445375,4,0.2
420,352552970.98453206,352539364.9322727,4,0.2
440,352543704.4362854,352453442.28594464,4,0.2
460,352540838.9606214,352556943.52140486,4,0.2
480,352563054.2205238,352463214.50936234,4,0.2
500,352315860.3719352,352404648.4073814,4,0.2
520,352383648.10869205,352390394.9925204,4,0.2
540,352375799.3822782,352413820.8979759,4,0.2
560,352703232.9128118,352504183.2269772,4,0.2
580,352542813.1914896,352449660.23463523,4,0.2
600,352528482.8063109,352456172.88795197,4,0.2
620,352597782.45117176,352335626.073017,4,0.2
640,352389625.6091416,352264171.32532763,4,0.2
660,352834618.681211,352528325.1111743,4,0.2
680,352473501.4281027,352382361.174797,4,0.2
700,352429830.0555913,352326830.6184473,4,0.2
720,352567386.5860416,352534957.67087054,4,0.2
740,352537259.15647185,352395761.88081634,4,0.2
760,352348122.44759715,352363511.9693612,4,0.2
780,352701638.50147414,352484212.64504063,4,0.2
0,286216131.4283578,286216131.4283578,5,0.01
20,289186170.0402312,341370935.10009253,5,0.01
40,293133747.51120347,340332794.23065513,5,0.01
60,292285807.11664796,340217893.29408014,5,0.01
80,289956011.12634265,340367073.2485444,5,0.01
100,287111444.46779,340697441.1105808,5,0.01
120,288291714.44633985,340100884.72537714,5,0.01
140,292554895.20943093,340762073.66180986,5,0.01
160,295313083.4245779,340546103.47146547,5,0.01
180,295678368.0966373,341246905.7925389,5,0.01
200,294305667.2750541,341199176.0857467,5,0.01
220,291231748.35154736,340995062.00392723,5,0.01
240,290545959.72708964,340433367.85776067,5,0.01
260,291829117.0591061,340350988.4599115,5,0.01
280,289597615.73075914,340771055.16233456,5,0.01
300,285883721.01647764,339721837.3534135,5,0.01
320,285307512.83058095,339828931.80878866,5,0.01
340,283923049.59822357,339431344.5038382,5,0.01
360,284223211.80589294,338391230.96336055,5,0.01
380,285885112.8434291,339412454.5354493,5,0.01
400,287532874.6898575,339587238.8435633,5,0.01
420,287243848.705045,339294920.4484859,5,0.01
440,284087328.0236925,339250503.5117076,5,0.01
460,280395109.3602639,338627112.2730376,5,0.01
480,281689699.54626626,338984517.2504231,5,0.01
500,281744850.04060704,338643334.3261927,5,0.01
520,278333063.22594523,339383601.42213976,5,0.01
540,276444306.17288184,339272655.8112595,5,0.01
560,275646000.45423335,338519482.8955661,5,0.01
580,276888466.0724274,338623218.6687665,5,0.01
600,276038331.1035257,338599704.6012585,5,0.01
620,276964223.52126586,339496596.72843266,5,0.01
640,276051278.11946505,340034844.0942651,5,0.01
660,275641469.4616754,339523004.402402,5,0.01
680,275712589.6135228,339439341.9902694,5,0.01
700,276179059.2189778,339073424.29428077,5,0.01
720,277628107.45099413,339277570.0398871,5,0.01
740,278979631.7236726,339122533.9794899,5,0.01
760,277494349.30395865,338304788.2915007,5,0.01
780,275827502.5258478,338629709.7111825,5,0.01
0,354059770.5234006,354059770.5234006,5,0.05
20,355203648.8805095,357521089.8610873,5,0.05
40,353871811.7401073,357062348.88042176,5,0.05
60,353828968.5500611,356678771.8747979,5,0.05
80,355287930.36200666,356912322.2349053,5,0.05
100,354440626.9943466,356618749.8296518,5,0.05
120,354661543.29395235,356485676.6207332,5,0.05
140,355445552.8834102,356944439.4964794,5,0.05
160,353479400.28217506,356058458.8428031,5,0.05
180,352781546.0310909,356001789.1944888,5,0.05
200,352727330.57373416,356226039.48051256,5,0.05
220,354207980.84859073,355616589.6585018,5,0.05
240,354589508.6666317,356406850.89070505,5,0.05
260,354369992.2970583,356674867.46774405,5,0.05
280,353831705.6555994,356216037.9094329,5,0.05
300,355266966.4346731,357156344.68623847,5,0.05
320,355049448.14975053,356881893.18726456,5,0.05
340,355394935.5041256,356767510.833609,5,0.05
360,356257641.2341862,357432947.9558727,5,0.05
380,355000806.7694539,356997098.02290404,5,0.05
400,355154606.2126771,357144327.51387054,5,0.05
420,355379241.30477643,357500076.532801,5,0.05
440,355886028.49280345,357425019.1973676,5,0.05
460,356062427.3024667,357606813.1715499,5,0.05
480,356442277.9233719,357867102.93959284,5,0.05
500,356517080.8660437,357669501.84052396,5,0.05
520,356115265.9664283,357328641.30091643,5,0.05
540,355052851.910384,356972038.7801248,5,0.05
560,354887962.5885747,357259278.7191349,5,0.05
580,356221660.78955597,357270225.25394,5,0.05
600,356207173.10168105,356896125.0933782,5,0.05
620,355790503.3973261,357161045.63409793,5,0.05
640,355756025.11121887,357302443.3434343,5,0.05
660,354971519.6692101,357199453.35641104,5,0.05
680,354537335.7161259,357071463.4682441,5,0.05
700,355875121.06005627,357381891.7756674,5,0.05
720,355200871.5322398,357940529.19166887,5,0.05
740,355260347.21850085,357332278.29038024,5,0.05
760,355585722.1082343,357404271.8176091,5,0.05
780,355199185.97762823,356715417.3529724,5,0.05
0,347386328.87272537,347386328.87272537,5,0.03
20,348634177.72449625,353601695.73779637,5,0.03
40,348272892.4980167,354255445.18847245,5,0.03
60,346335449.43904954,353593703.5722354,5,0.03
80,348966824.7968431,354038758.3666061,5,0.03
100,347968347.4936503,354023029.8930096,5,0.03
120,349639108.9841726,354234951.74931026,5,0.03
140,349033833.3817383,354828057.50988615,5,0.03
160,349373273.4386046,354787552.11529684,5,0.03
180,346908378.26769304,354260105.01115084,5,0.03
200,347119502.38049173,354116464.8922396,5,0.03
220,347801216.58335745,354279713.7375053,5,0.03
240,347859804.810452,354140256.2694086,5,0.03
260,347074138.7695259,353740637.1625862,5,0.03
280,346009575.81765705,353375655.0675746,5,0.03
300,346548990.97213644,353378254.3102312,5,0.03
320,346373484.2921862,353493343.3746966,5,0.03
340,348498630.5333288,353742894.0069227,5,0.03
360,347830802.9819201,352966364.56309366,5,0.03
380,347714722.0615384,353727912.4277111,5,0.03
400,344778685.6153884,353481882.0929706,5,0.03
420,347359444.6550068,353782693.81391704,5,0.03
440,348772151.41929996,353563642.0797999,5,0.03
460,349156895.6722045,353307020.7227379,5,0.03
480,346357796.2814948,354467704.8641658,5,0.03
500,346972309.3937881,354409967.76338744,5,0.03
520,346816743.30617297,353976349.7926075,5,0.03
540,348256227.29283714,354723593.09629905,5,0.03
560,348272355.75088364,353930731.26046467,5,0.03
580,348233084.4744462,354163061.322742,5,0.03
600,348930825.70286536,354452426.994764,5,0.03
620,349521392.71404463,354740210.4498789,5,0.03
640,347680968.3598487,354266369.77555704,5,0.03
660,348840214.90046656,354417534.3271692,5,0.03
680,349140384.7954271,353846010.4962133,5,0.03
700,348653672.48533297,354039043.6838648,5,0.03
720,350070505.9972712,354353361.9908963,5,0.03
740,348540403.79911983,353913610.3188069,5,0.03
760,349299826.5224943,354131722.73631406,5,0.03
780,349571997.6592911,353831457.649367,5,0.03
0,357487124.5639502,357487124.5639502,5,0.07
20,357852510.8807649,358889004.42652786,5,0.07
40,358179244.98291796,358712333.80125064,5,0.07
60,357856405.7388656,358485492.2012683,5,0.07
80,357668601.7537974,358515476.9058038,5,0.07
100,357372900.757508,358028977.4019516,5,0.07
120,358290936.98666424,358765346.0035712,5,0.07
140,358380648.91133803,358870111.5900057,5,0.07
160,358007401.44695485,358757754.8239597,5,0.07
180,358540614.3704065,358660018.2003355,5,0.07
200,357930340.2802962,358741939.31130624,5,0.07
220,357727387.7798266,358301715.1778137,5,0.07
240,357587573.59654045,358475749.2798518,5,0.07
260,358306390.98056763,358555519.20933235,5,0.07
280,358555893.55912304,358848947.41173875,5,0.07
300,358033014.5142732,358656198.6981519,5,0.07
320,357015629.1164893,358625932.730938,5,0.07
340,357919119.6129831,358923176.2202772,5,0.07
360,357348259.2777472,358886640.1873561,5,0.07
380,357635902.63649243,358865932.0986596,5,0.07
400,357404073.1522161,358475944.3281276,5,0.07
420,357771975.54549605,358411224.14628464,5,0.07
440,357839383.0357029,358824122.0420923,5,0.07
460,358647188.7106784,358787960.10576546,5,0.07
480,358665663.1179291,358856962.05271506,5,0.07
500,358293029.30662954,358760399.80176616,5,0.07
520,358221846.44122994,358581999.33132493,5,0.07
540,357428497.39314985,358683507.23980194,5,0.07
560,357719727.9600787,358397181.89872473,5,0.07
580,357485426.29410887,358394977.09333444,5,0.07
600,357194320.0230052,358069039.7928637,5,0.07
620,356888343.39774513,357993652.61498594,5,0.07
640,357686579.8466179,358057112.43124807,5,0.07
660,357522718.61862457,358196123.0585824,5,0.07
680,356519260.11951756,357538422.02796555,5,0.07
700,355523195.53645027,357443369.69410324,5,0.07
720,356450197.5299012,357973237.6704936,5,0.07
740,355998077.8901005,357666015.56291234,5,0.07
760,356404424.87961054,358058702.9055923,5,0.07
780,357899361.1718961,358321565.49414897,5,0.07
0,360723073.21207464,360723073.21207464,5,0.2
20,360722713.2331618,360675373.42066383,5,0.2
40,360796699.4374356,360600105.1704372,5,0.2
60,360673153.6669394,360601563.5021244,5,0.2
80,360765882.7969168,360669855.3043529,5,0.2
100,360486116.20616627,360572745.7318907,5,0.2
120,360553096.845191,360659233.1029198,5,0.2
140,360610567.5189285,360668750.0877707,5,0.2
160,360611315.0830224,360603078.9576583,5,0.2
180,360567781.415452,360539946.2209597,5,0.2
200,360491185.9732841,360623259.3198471,5,0.2
220,360568656.0632429,360520362.0570171,5,0.2
240,360168539.8145429,360357865.34074354,5,0.2
260,360579338.4417497,360683411.2182038,5,0.2
280,360744418.0618806,360616595.49756336,5,0.2
300,360806596.2184024,360711816.75604486,5,0.2
320,360667866.667339,360575046.7914717,5,0.2
340,360177370.3444765,360451549.2948709,5,0.2
360,360383321.2451587,360525136.1289327,5,0.2
380,360247678.69608337,360467226.2099433,5,0.2
400,360887933.0878821,360738797.500778,5,0.2
420,360899583.22278607,360680251.16118073,5,0.2
440,360572774.97787225,360523772.1800387,5,0.2
460,360595305.84337264,360659839.14691794,5,0.2
480,360735428.00756747,360538950.3014769,5,0.2
500,360583425.97316945,360568642.90288055,5,0.2
520,360800550.99867105,360669976.671829,5,0.2
540,360032665.28260356,360277481.0762932,5,0.2
560,360497021.8841806,360640742.7719067,5,0.2
580,360177710.04441446,360131076.5838977,5,0.2
600,359587940.1902749,360179492.50261366,5,0.2
620,360257294.9593367,360557923.7154727,5,0.2
640,360760354.2128098,360701741.8426717,5,0.2
660,360677570.1927332,360551477.8501587,5,0.2
680,360678731.5632497,360598688.09754336,5,0.2
700,360719871.33782566,360616846.6676724,5,0.2
720,360530007.4752036,360579659.6230426,5,0.2
740,360926580.75747824,360716339.128307,5,0.2
760,360844663.095467,360735202.7993671,5,0.2
780,360834202.97031206,360729736.75550973,5,0.2
0,278606360.43794596,278606360.43794596,5,0.01
20,280285444.1217118,342957737.88686055,5,0.01
40,284831493.9485911,342341369.6480638,5,0.01
60,287077145.59883356,341146242.7769666,5,0.01
80,281348672.2386118,340751369.4838003,5,0.01
100,266214496.42648673,340653122.0226728,5,0.01
120,258168199.7248577,341379998.0138347,5,0.01
140,255496245.1759782,340907524.57247114,5,0.01
160,251020595.4324354,340832124.876112,5,0.01
180,248537953.66991967,340224353.4575583,5,0.01
200,248671807.36466268,340512850.9772327,5,0.01
220,250136029.8020914,340935783.1150606,5,0.01
240,255036054.02249292,341388688.36492604,5,0.01
260,259065688.7067656,341168666.5483668,5,0.01
280,261575537.94990176,341599952.2183132,5,0.01
300,262547635.6496428,341151104.06676817,5,0.01
320,261226342.57521796,341318816.0155571,5,0.01
340,260840404.85125208,341373924.8065161,5,0.01
360,258289780.85899043,340883243.14914924,5,0.01
380,253099461.66599745,340474733.9852734,5,0.01
400,245619122.6645569,339958937.68028253,5,0.01
420,241222864.96697432,340409620.6586987,5,0.01
440,237037263.15961748,341400784.0606508,5,0.01
460,231838234.41205844,339707205.89242923,5,0.01
480,229183310.34124547,338906584.8501067,5,0.01
500,232558519.3484791,339102726.3601233,5,0.01
520,239410765.69554985,339872816.172549,5,0.01
540,246469973.0959164,340084726.09509695,5,0.01
560,244260109.72274023,339248784.90084344,5,0.01
580,238356760.01916283,339387938.0809493,5,0.01
600,235731195.8066179,338849350.2376909,5,0.01
620,239138474.99532303,338949342.98019326,5,0.01
640,244337793.2724863,338597891.81344306,5,0.01
660,246313052.19365168,338897177.4227735,5,0.01
680,245868175.18130377,338239895.1490401,5,0.01
700,239955638.78458023,338275690.41587853,5,0.01
720,231696058.998035,338702458.5723716,5,0.01
740,224939227.89842063,338757967.9023613,5,0.01
760,221755244.0754376,338829181.87133896,5,0.01
780,217744720.4213627,338898605.9168625,5,0.01
0,355509825.65368265,355509825.65368265,5,0.05
20,355745600.36271065,357569153.4249222,5,0.05
40,355432660.78857356,357471334.2275413,5,0.05
60,356052101.35049933,357509041.7993872,5,0.05
80,356169497.00772786,357228577.2734512,5,0.05
100,355866697.90504503,357180903.63735867,5,0.05
120,354850384.40613455,357505933.5425774,5,0.05
140,356191403.1990701,357665993.2065566,5,0.05
160,356789248.1069263,357998500.55253345,5,0.05
180,356298527.1075226,358054326.7114372,5,0.05
200,355959686.8289242,357532466.2903618,5,0.05
220,356547832.0015328,357587785.7319492,5,0.05
240,355855945.4362594,357479355.6889275,5,0.05
260,356391854.6697173,357545624.60377437,5,0.05
280,356067832.68861026,357628173.7083328,5,0.05
300,356513759.9015765,357571013.4879285,5,0.05
320,355899530.77576876,357567043.416909,5,0.05
340,356077088.47844785,357499353.52511585,5,0.05
360,355864191.352233,357241549.2875749,5,0.05
380,356581003.03400016,357859766.26427376,5,0.05
400,356186769.5908978,357630405.4541575,5,0.05
420,355987362.58524555,357461032.11312157,5,0.05
440,355927274.07738894,357571167.8038381,5,0.05
460,355685180.4003372,357881037.04116225,5,0.05
480,355424368.99263424,357253581.62075365,5,0.05
500,354704163.91238034,356577420.8530005,5,0.05
520,354638005.73636967,356895218.912287,5,0.05
540,355027959.6008011,356998039.2101652,5,0.05
560,354289795.4371291,356801505.0392638,5,0.05
580,354589017.89842284,357055861.71479446,5,0.05
600,355240798.7756234,356844566.3635179,5,0.05
620,355374560.7066938,356926074.14689946,5,0.05
640,355452130.6444456,357243143.02996266,5,0.05
660,355884464.57653713,357285069.23792815,5,0.05
680,356141583.25989115,357695864.17485493,5,0.05
700,355822865.8137337,357961501.6363151,5,0.05
720,356761034.5883958,357775064.94419134,5,0.05
740,356331994.1494696,357644073.2137257,5,0.05
760,356172962.7249841,357643837.2159921,5,0.05
780,356481167.47582144,357704701.59992075,5,0.05
0,348519260.3590456,348519260.3590456,5,0.03
20,346776744.6735849,353988775.28359646,5,0.03
40,347660028.61320734,354938369.66975456,5,0.03
60,347755900.96689785,354616065.3481795,5,0.03
80,347998205.97085506,354946832.34945214,5,0.03
100,348259207.07325476,354707973.4374826,5,0.03
120,347448319.07173723,354739409.9426184,5,0.03
140,348069173.51656044,355179726.91066045,5,0.03
160,348759108.9490505,355130131.07234746,5,0.03
180,349361182.9647029,354592681.149618,5,0.03
200,348452180.8081266,355188737.3224091,5,0.03
220,349835229.5227181,354306539.2993146,5,0.03
240,349395270.2829263,354319264.3719166,5,0.03
260,349718222.19512063,354450106.49645823,5,0.03
280,349464475.59658575,354826258.22018254,5,0.03
300,349375820.88877183,354492335.2348616,5,0.03
320,348639245.5981804,354399440.12405777,5,0.03
340,347624990.64339405,354232613.6741967,5,0.03
360,347805979.5492728,354120810.0243679,5,0.03
380,349739095.03819126,354662541.8682171,5,0.03
400,349329203.6433234,354680429.3892795,5,0.03
420,350293041.2732934,354658832.2015696,5,0.03
440,348842829.9072028,354135608.2426821,5,0.03
460,349448137.299062,354743033.9485285,5,0.03
480,348872350.3553244,354047829.38488805,5,0.03
500,348239079.804988,354450473.94127405,5,0.03
520,349129134.54282403,354937225.2676701,5,0.03
540,348884631.06259775,354703694.095405,5,0.03
560,347463509.3327428,353969472.98898935,5,0.03
580,348060566.4523516,354073999.886149,5,0.03
600,347911350.14192796,354215300.60262036,5,0.03
620,346001803.5150521,354079049.54189086,5,0.03
640,346478114.4280027,353885653.473794,5,0.03
660,347521935.2260303,354055577.39485264,5,0.03
680,348937648.00601554,354260593.6589742,5,0.03
700,348621065.3144655,353944679.7278277,5,0.03
720,349393520.71703744,354373995.1555374,5,0.03
740,349457073.3862082,353641769.9625349,5,0.03
760,350833226.09611744,354487623.8700816,5,0.03
780,350864251.8392638,354751845.9709073,5,0.03
0,358492079.4673072,358492079.4673072,5,0.07
20,358942003.5069661,359162417.34116316,5,0.07
40,357857784.0832826,358453582.15205586,5,0.07
60,357866535.2206975,358807978.84552157,5,0.07
80,357823819.42980456,358586566.7134334,5,0.07
100,357977666.83361703,358759989.22728014,5,0.07
120,357527298.92983794,358840554.50823534,5,0.07
140,357719083.3629048,358679766.03468484,5,0.07
160,358228973.49334705,358679819.21972615,5,0.07
180,357660205.78762734,358405255.6782047,5,0.07
200,357827765.6756235,358676112.7158939,5,0.07
220,357171203.6040087,358404934.8197606,5,0.07
240,357047247.0243226,358243653.87318885,5,0.07
260,357199117.32774436,358169403.8779619,5,0.07
280,356757935.5796215,358448820.56496465,5,0.07
300,357945118.8816117,358513639.2020422,5,0.07
320,357138785.74028677,358750234.90777415,5,0.07
340,358025707.89904904,358410283.0040263,5,0.07
360,356561820.7430355,358371832.121997,5,0.07
380,357120120.18957394,358390812.08253884,5,0.07
400,357560010.566583,358527648.8245886,5,0.07
420,357657176.7302666,358739431.26774955,5,0.07
440,357664724.7209555,358438850.3000663,5,0.07
460,357558062.4366174,358601564.61280346,5,0.07
480,358415620.805236,358685230.60589445,5,0.07
500,357802681.8422728,358843814.09469694,5,0.07
520,357826244.96072596,358940687.69739306,5,0.07
540,358825387.3431828,359180935.7896272,5,0.07
560,358590771.59644353,358779579.70049417,5,0.07
580,358211793.70098513,358761470.73956,5,0.07
600,358014438.82792777,358599260.629496,5,0.07
620,358253503.9794458,358706887.4458645,5,0.07
640,358497450.1820112,358661345.41902167,5,0.07
660,357612722.94009405,358456503.38671017,5,0.07
680,357955310.2726925,358740977.7188326,5,0.07
700,357068044.85476,358291111.96975416,5,0.07
720,357537591.3780389,358720967.25229,5,0.07
740,358553483.45367515,358800439.6059108,5,0.07
760,359032173.4778698,359190812.7240978,5,0.07
780,358928522.3174113,358881971.7672184,5,0.07
0,360501855.4873351,360501855.4873351,5,0.2
20,360316500.1834394,360590788.2369033,5,0.2
40,360660523.301836,360583767.36258376,5,0.2
60,360681701.3424545,360589687.7703158,5,0.2
80,360822784.26495874,360720809.7209698,5,0.2
100,360642878.45584226,360660257.688364,5,0.2
120,360578379.4865052,360472151.4863081,5,0.2
140,360336725.0701268,360468846.8129126,5,0.2
160,360535997.9243574,360582696.66926944,5,0.2
180,360569404.4958977,360486129.0498122,5,0.2
200,360909128.8100734,360611950.8574812,5,0.2
220,360424188.24446166,360407027.09293425,5,0.2
240,360801559.2019756,360625559.016505,5,0.2
260,360638256.3993024,360556943.8842612,5,0.2
280,360293813.0988996,360434956.93221873,5,0.2
300,360415758.57043326,360535234.1688895,5,0.2
320,360460414.71814,360603463.0822581,5,0.2
340,360771097.2137331,360723917.22221816,5,0.2
360,360670613.9634168,360533813.6208084,5,0.2
380,360395255.9094615,360646879.6891876,5,0.2
400,360679898.83066773,360688612.8550166,5,0.2
420,360663187.4816065,360580697.9006363,5,0.2
440,360063918.5808884,360297761.1093541,5,0.2
460,360233311.0899676,360429834.41987646,5,0.2
480,360065182.49924564,360440417.46651983,5,0.2
500,360064429.4051833,360395054.6027675,5,0.2
520,359772075.42900074,360095482.21244746,5,0.2
540,360182067.30676436,360295577.9514122,5,0.2
560,359926859.8733992,360235846.97752136,5,0.2
580,359974888.5221723,360311087.3309645,5,0.2
600,360287638.57343113,360524635.38307023,5,0.2
620,360409012.5556731,360544823.4564501,5,0.2
640,360369262.60907865,360482285.8667674,5,0.2
660,360189618.12058365,360421041.2213682,5,0.2
680,360714885.63196105,360720433.0503776,5,0.2
700,360377254.1008051,360472802.3526349,5,0.2
720,360598905.8935592,360646413.2880505,5,0.2
740,360607847.2970244,360558357.75622714,5,0.2
760,360713946.7325412,360628371.1650592,5,0.2
780,360728701.3559855,360561442.2254602,5,0.2
0,222245921.78216544,222245921.78216544,5,0.01
20,222791518.26015088,339153275.23896515,5,0.01
40,221015521.30473647,339122242.56241393,5,0.01
60,222352669.2116756,339296419.98724747,5,0.01
80,225374124.820598,338928483.7376348,5,0.01
100,226255018.41872555,339312913.5065681,5,0.01
120,225144388.28927335,339831038.52827346,5,0.01
140,221923211.7285626,339023007.8030786,5,0.01
160,218267417.56336933,338960395.2194987,5,0.01
180,216154185.93038693,338770286.1291584,5,0.01
200,208238154.4527052,338991352.19220924,5,0.01
220,203514659.91106436,339142212.4886213,5,0.01
240,203476804.3348047,339426873.8287215,5,0.01
260,202522885.2993846,339041994.5000402,5,0.01
280,202082560.85686553,338750102.7122236,5,0.01
300,202150656.8925128,339642454.5403209,5,0.01
320,201868229.29245293,338791069.3730127,5,0.01
340,208130586.11576045,338594856.6000016,5,0.01
360,215992333.66116428,338543357.0126781,5,0.01
380,224224341.40040612,338664366.2065075,5,0.01
400,230063909.772388,338536711.9447029,5,0.01
420,234970388.2811267,339430505.87044364,5,0.01
440,236163705.71671152,338485141.23442435,5,0.01
460,243714729.0498797,338689441.7157829,5,0.01
480,248203026.1146282,338758876.9294408,5,0.01
500,251238670.27186584,339721872.01157033,5,0.01
520,260044961.54072148,339224216.8129474,5,0.01
540,269068807.4180947,339040739.6313943,5,0.01
560,272424277.7410903,338923918.3990948,5,0.01
580,274144294.0212884,339699728.1133336,5,0.01
600,277957229.801488,339842807.2526562,5,0.01
620,279811458.0788802,339604277.8052776,5,0.01
640,283506799.50144994,339462680.44063324,5,0.01
660,284957521.64467275,339941977.9324014,5,0.01
680,279083726.95413226,339080363.6649893,5,0.01
700,273577649.3815785,339563804.5302095,5,0.01
720,270745863.00456715,339919298.9603566,5,0.01
740,270582516.04521465,340211341.886815,5,0.01
760,271476979.8552491,339604564.75622106,5,0.01
780,270687004.3826378,339673194.304631,5,0.01
0,356891087.31895936,356891087.31895936,5,0.05
20,357291317.62872666,357749698.36360765,5,0.05
40,357139700.0658593,357971411.6615399,5,0.05
60,356649653.6161769,357533742.93717843,5,0.05
80,356154175.8786435,357561412.16775894,5,0.05
100,355952115.9206772,357246968.85082316,5,0.05
120,356052816.3303051,357472335.2211652,5,0.05
140,356064472.08798087,357471054.0035914,5,0.05
160,356161681.91030097,356855173.62751174,5,0.05
180,356297272.35323656,357111288.56477296,5,0.05
200,355866660.7970197,357039639.9942514,5,0.05
220,355423240.0241546,356862320.7232835,5,0.05
240,356042778.2459723,357469762.02854073,5,0.05
260,356532079.6118204,357741623.9134237,5,0.05
280,356225071.4990855,357589390.98254246,5,0.05
300,355788232.0094965,357145036.7800673,5,0.05
320,355760874.22185874,357462323.6364878,5,0.05
340,356019603.89998865,357203946.4751165,5,0.05
360,355815872.5454946,357371693.31311405,5,0.05
380,356762541.51126814,357745433.1592772,5,0.05
400,356103795.58811486,357905325.3153013,5,0.05
420,356104870.3487764,357678708.3919451,5,0.05
440,356425013.10045743,357790913.45366764,5,0.05
460,356362419.3400957,358074270.56107515,5,0.05
480,356060289.7099802,357556125.45759654,5,0.05
500,355282138.0816457,357119730.0176716,5,0.05
520,355399136.88873756,357013931.63542044,5,0.05
540,354555088.6672263,356638802.36767644,5,0.05
560,356291568.83383363,357228090.02535456,5,0.05
580,356258491.6125215,357478302.1079036,5,0.05
600,355752295.9270151,357480910.3606508,5,0.05
620,354897087.3258129,357550502.46979403,5,0.05
640,356162137.90930486,357785547.4371126,5,0.05
660,355795201.9304181,357752646.14125776,5,0.05
680,356083820.85916793,357194915.6035993,5,0.05
700,356656612.42767614,357634520.50331044,5,0.05
720,356590544.5780811,357558258.45042866,5,0.05
740,356725887.97626066,357342394.9434525,5,0.05
760,356320217.07932353,357615372.4593786,5,0.05
780,355287665.0406449,357574095.9882152,5,0.05
0,349333787.4755287,349333787.4755287,5,0.03
20,348617623.4083147,354794037.00613123,5,0.03
40,350237123.675672,354990804.38613,5,0.03
60,349372163.3995199,354027396.65656376,5,0.03
80,351229524.0792929,354589250.1335999,5,0.03
100,352022795.0904921,354757646.288821,5,0.03
120,352437070.27132726,355221297.27915144,5,0.03
140,350438203.05269134,354767819.65143806,5,0.03
160,349761130.29778576,354469340.5175196,5,0.03
180,350354384.15550005,354323708.93684816,5,0.03
200,348826323.3757,353714890.5577353,5,0.03
220,349304668.4222648,353883506.4376915,5,0.03
240,348883062.3429949,353873545.75235283,5,0.03
260,347679392.09233105,353003067.8873006,5,0.03
280,347879646.2077938,353668058.3012211,5,0.03
300,344132511.1727601,353888784.04030967,5,0.03
320,346281386.0560148,353921917.6078696,5,0.03
340,345144088.93917584,353636480.0281054,5,0.03
360,346218773.2942022,354128725.67511034,5,0.03
380,347141219.36394674,353277973.0715027,5,0.03
400,346459463.6263094,353996036.1653317,5,0.03
420,347635523.71926963,354196892.2747274,5,0.03
440,345924479.983098,353728103.77077806,5,0.03
460,349780872.7863184,354233854.0513145,5,0.03
480,345721421.7584188,353819123.6633849,5,0.03
500,349402485.0602074,354388734.3878584,5,0.03
520,347624495.8475789,353543350.25746465,5,0.03
540,349239124.710711,354408579.4599456,5,0.03
560,346148629.39422834,353577555.7341789,5,0.03
580,344465201.8432136,353332384.0318042,5,0.03
600,345327296.35138977,353509335.1552774,5,0.03
620,343991448.25104237,353430141.9090289,5,0.03
640,349056044.9520532,353927104.789683,5,0.03
660,344453092.2085718,353823052.76853764,5,0.03
680,343338251.8856921,353736925.63109,5,0.03
700,345174448.03330576,354498141.4981497,5,0.03
720,346446108.7250684,353152927.80098283,5,0.03
740,348490170.3363536,353357940.977257,5,0.03
760,349204100.9484672,353219897.3919451,5,0.03
780,346461970.11037755,352899661.05936146,5,0.03
0,357814678.67624533,357814678.67624533,5,0.07
20,357287952.0964786,358873910.944877,5,0.07
40,357295681.320467,358500873.54666173,5,0.07
60,357868949.1552263,358795854.58760154,5,0.07
80,357255021.22586596,358516883.5631623,5,0.07
100,357973569.34442234,358672562.9060845,5,0.07
120,358105857.828117,358921873.5199192,5,0.07
140,357242117.9494165,358269965.14918435,5,0.07
160,357625827.06860965,358847765.83026075,5,0.07
180,358494082.42117834,358821557.7024573,5,0.07
200,358504107.0017855,358893161.4510919,5,0.07
220,358823162.7488117,359258952.05577636,5,0.07
240,358569744.7950529,359029080.2564732,5,0.07
260,358434023.25364506,358843085.99149156,5,0.07
280,357980983.6374448,358576003.6372831,5,0.07
300,358001157.8873668,358495166.0449187,5,0.07
320,358280056.8228696,358956332.57997423,5,0.07
340,358392430.5266089,358894110.7814715,5,0.07
360,358175651.4412701,358745673.75052524,5,0.07
380,358198203.5700792,358567681.6015397,5,0.07
400,358018003.7204815,358573444.2753363,5,0.07
420,358655333.76974857,358786716.92454344,5,0.07
440,358454248.94186985,358719151.0062922,5,0.07
460,357216058.37788486,358064431.1395311,5,0.07
480,357411891.267656,358591291.51689225,5,0.07
500,357050370.2356801,358418718.96379626,5,0.07
520,357009421.698288,358496676.03998613,5,0.07
540,357992121.0064657,359071612.8772503,5,0.07
560,358203735.266356,359091195.678293,5,0.07
580,358539738.7384339,358888424.5918827,5,0.07
600,358768384.6559021,358799063.62028015,5,0.07
620,358295732.4877522,358667486.71185607,5,0.07
640,358457078.49815124,358608161.1729121,5,0.07
660,358000970.36331636,358361926.8761697,5,0.07
680,358226380.08270466,358732069.2969713,5,0.07
700,358552507.8697722,358935066.196453,5,0.07
720,357975245.5206096,358679383.4682176,5,0.07
740,358703889.09192485,359095554.865701,5,0.07
760,357920982.08784866,359070357.0832166,5,0.07
780,358043826.0519198,359083825.4393808,5,0.07
0,360851952.06639856,360851952.06639856,5,0.2
20,360779330.5181364,360633913.0696682,5,0.2
40,360769066.34502184,360538718.8400674,5,0.2
60,360782959.6972867,360740754.445394,5,0.2
80,360721705.10021305,360638372.92746985,5,0.2
100,360688829.43340504,360619105.7196843,5,0.2
120,360789551.95140415,360679645.488232,5,0.2
140,360669320.34086615,360585238.419363,5,0.2
160,360893094.2156526,360723267.46549547,5,0.2
180,360731556.29891765,360604055.7233255,5,0.2
200,360408560.1190472,360432395.48035574,5,0.2
220,360382543.0097233,360599852.86224,5,0.2
240,360309320.7485359,360456823.82684064,5,0.2
260,360615321.53346694,360614075.4965637,5,0.2
280,360629008.8893378,360648975.1999309,5,0.2
300,360826495.5405236,360684122.85012805,5,0.2
320,360628397.3991909,360442063.61065817,5,0.2
340,360508922.2318513,360500960.6057803,5,0.2
360,360574988.6735647,360511866.88386095,5,0.2
380,360488940.7347098,360685661.6521567,5,0.2
400,360481250.689653,360559100.357604,5,0.2
420,360706841.6667777,360695756.5098899,5,0.2
440,360570769.4594651,360514544.1567803,5,0.2
460,360655669.87864274,360567112.2317791,5,0.2
480,360753273.8978016,360700617.8004681,5,0.2
500,360790677.4807977,360596796.5275461,5,0.2
520,360700082.59254473,360450135.30476296,5,0.2
540,360820606.71181464,360738034.45918536,5,0.2
560,360529995.3951605,360529864.7235069,5,0.2
580,360207960.29309255,360465161.7997539,5,0.2
600,360623801.7957665,360632958.3068131,5,0.2
620,360457637.3277201,360628545.6668517,5,0.2
640,360635403.17502,360617665.86990976,5,0.2
660,360600146.3925314,360621731.4552382,5,0.2
680,360508879.24133027,360515015.91297346,5,0.2
700,360701361.3103645,360692425.52970487,5,0.2
720,360792351.0288088,360740441.3195817,5,0.2
740,360894328.7533345,360718503.5334592,5,0.2
760,360615220.83159554,360523295.98822266,5,0.2
780,360506649.3440967,360618084.8349434,5,0.2
0,272424237.44920695,272424237.44920695,5,0.01
20,272534267.08982944,339881912.53467834,5,0.01
40,272727982.98170173,339368054.1541548,5,0.01
60,271716048.6442732,339811886.46273535,5,0.01
80,271191343.60860133,339622820.816263,5,0.01
100,269392643.8628504,339921119.71307725,5,0.01
120,266567436.29111996,339492514.4599114,5,0.01
140,269055302.9378327,339357170.041799,5,0.01
160,273364347.78167695,339608257.1286388,5,0.01
180,276597059.5365322,339678394.97429407,5,0.01
200,278275496.4398595,339055011.9759978,5,0.01
220,276403897.1936946,339862547.69738424,5,0.01
240,274611850.8578385,339368670.210971,5,0.01
260,273627733.009978,339351956.4947165,5,0.01
280,275887475.79949826,339443042.79759896,5,0.01
300,278850828.21119726,338854503.4328448,5,0.01
320,280957302.30373466,339370431.4936813,5,0.01
340,281518387.93813366,338116261.963096,5,0.01
360,279929276.0146924,338424769.0332252,5,0.01
380,278572037.15405875,338586553.8894446,5,0.01
400,279457734.34230196,338547688.6671636,5,0.01
420,282627623.5406537,338800624.58739173,5,0.01
440,286677722.0139656,338888776.04592514,5,0.01
460,289083360.9865049,338991001.0422425,5,0.01
480,290048715.0413662,338564145.415914,5,0.01
500,291213200.0457053,338208401.1865709,5,0.01
520,290956050.1873695,338200094.3060909,5,0.01
540,294100028.72792983,338200760.1281733,5,0.01
560,296363991.1156254,339016433.8314024,5,0.01
580,298452222.7948426,339968116.375165,5,0.01
600,302498003.1737246,340373705.81069493,5,0.01
620,305770674.8798766,340761961.76213574,5,0.01
640,303685987.9547951,341162019.78182715,5,0.01
660,298249065.24302846,340722854.7243741,5,0.01
680,295186367.73659503,340969737.9694794,5,0.01
700,290893638.3507363,340557555.22655153,5,0.01
720,286177212.98995656,340224106.7540687,5,0.01
740,282265083.69779533,340176198.115255,5,0.01
760,276897980.1500764,340517258.4695979,5,0.01
780,270261470.4388616,339874634.36352384,5,0.01
0,355927768.4463279,355927768.4463279,5,0.05
20,356014273.42169166,357138074.57092464,5,0.05
40,355049369.3211383,356692839.1659681,5,0.05
60,354910555.7933041,356922320.8542488,5,0.05
80,355288157.97564894,356728262.2368517,5,0.05
100,354147718.07048476,357222236.4666203,5,0.05
120,354300759.6074425,356900734.6630179,5,0.05
140,355084221.50042856,357213883.405061,5,0.05
160,354800277.90810835,356851188.9197392,5,0.05
180,354617393.63727796,356703494.9938096,5,0.05
200,355868252.94244367,357194909.3346497,5,0.05
220,354999708.88785493,356644700.54214007,5,0.05
240,356538880.8940634,357095940.05099154,5,0.05
260,356077190.1109967,357622865.0104566,5,0.05
280,355629943.3039725,357204107.9307328,5,0.05
300,356155415.0739976,356904291.0339891,5,0.05
320,355219120.7592863,356853461.2315521,5,0.05
340,355304397.4218797,356861060.13013685,5,0.05
360,356014561.8966528,357416460.8923863,5,0.05
380,355589942.9276446,357338702.9919926,5,0.05
400,355892288.6249431,357376470.3894087,5,0.05
420,355268468.5502745,357359786.58915585,5,0.05
440,354957545.10194206,356862981.7698074,5,0.05
460,354842671.03178054,356645281.44357264,5,0.05
480,355181557.98285353,357158086.71424603,5,0.05
500,354808484.05525094,357018702.99798524,5,0.05
520,355159429.7472421,356702324.94361734,5,0.05
540,356193539.9038791,357035184.591144,5,0.05
560,355321153.0268893,357168762.31724215,5,0.05
580,354641549.0822075,357100834.89843893,5,0.05
600,354664641.12354547,357300655.0690433,5,0.05
620,354920366.6156666,357143664.85176647,5,0.05
640,355188073.50277674,357328259.4433837,5,0.05
660,355770263.22051936,357384852.4060966,5,0.05
680,356543226.73387885,357833781.0713946,5,0.05
700,357261414.72218055,358140203.8578509,5,0.05
720,356745866.87430114,357692540.06999195,5,0.05
740,357077648.0528058,357910928.8621956,5,0.05
760,357007157.4908469,357824747.75734985,5,0.05
780,356144156.92979234,357329655.9348301,5,0.05
0,349064656.6901569,349064656.6901569,5,0.03
20,348617825.0786569,353828403.0632864,5,0.03
40,348338041.99698436,354158214.07434464,5,0.03
60,348012400.39140636,354301259.3088739,5,0.03
80,346768861.81524825,353525995.4952215,5,0.03
100,349385163.9580682,353630898.89945495,5,0.03
120,347621470.72173953,353877739.0505854,5,0.03
140,349991725.4506962,354476992.3378616,5,0.03
160,348223132.8252297,353823766.74963063,5,0.03
180,350843869.26128554,354189157.55525756,5,0.03
200,351092163.1714974,354447371.6608083,5,0.03
220,350668693.5325536,354523792.3258193,5,0.03
240,350328765.9564892,354642156.2680241,5,0.03
260,349503689.3193964,354413253.29771435,5,0.03
280,350588784.9134444,354608785.8249408,5,0.03
300,348850365.10866,354980333.40690917,5,0.03
320,349429034.6792728,354684708.060515,5,0.03
340,348762163.78274655,354368436.3480358,5,0.03
360,349143728.7221992,353793912.37014186,5,0.03
380,349898032.74915034,353782080.277485,5,0.03
400,350518589.72102904,354223888.81623983,5,0.03
420,350812187.1070947,354822690.43936235,5,0.03
440,350834338.4428991,355099607.70309114,5,0.03
460,348560650.72264093,354637679.6851905,5,0.03
480,348503549.5260308,354464708.65885687,5,0.03
500,349360545.98356247,354659384.7896035,5,0.03
520,347324610.4186896,353721671.52319765,5,0.03
540,347908536.3092735,353743353.4367777,5,0.03
560,346232786.1956812,354345880.04431903,5,0.03
580,348111160.56513715,354043771.5676535,5,0.03
600,348867533.269062,354487933.298252,5,0.03
620,345619838.25995743,353604505.28774154,5,0.03
640,346794692.62272286,354194802.92276,5,0.03
660,342732685.6721698,353988898.0465609,5,0.03
680,346771502.4965807,353929742.5901593,5,0.03
700,343221028.8607174,353604444.0255629,5,0.03
720,341894704.3526653,353910265.76481813,5,0.03
740,341497255.0352057,353190106.0261078,5,0.03
760,342552575.0036942,353743530.0630864,5,0.03
780,342726036.10383445,353077146.0253939,5,0.03
0,357438419.9923849,357438419.9923849,5,0.07
20,357629704.3289461,358906198.91389656,5,0.07
40,357580478.512624,358875093.22138095,5,0.07
60,357335547.87806684,358894208.3977971,5,0.07
80,358214085.42024744,359118850.9985803,5,0.07
100,357651987.48728895,358950832.95970845,5,0.07
120,357985812.0612854,359192942.2248231,5,0.07
140,358049299.7619742,359011369.1159185,5,0.07
160,358419854.30906177,358846663.5953514,5,0.07
180,358192761.16259235,358930295.7169222,5,0.07
200,358415363.70590705,358480773.1025312,5,0.07
220,358648791.69256735,358626674.37309384,5,0.07
240,358086317.0598837,358494295.68832576,5,0.07
260,358168285.77332014,358650128.3881476,5,0.07
280,357819719.4996892,358416378.6100734,5,0.07
300,358183936.4578517,358797857.94319165,5,0.07
320,358680247.8957726,359098360.47966325,5,0.07
340,358906582.40420693,359180186.2241131,5,0.07
360,358317032.8899502,359030000.18086797,5,0.07
380,358622937.60291004,358655796.44599634,5,0.07
400,358283079.68735665,358929333.49993765,5,0.07
420,357837188.59052813,358478433.23842144,5,0.07
440,358669410.0094279,358555538.3808001,5,0.07
460,358430849.75057524,358987843.6038296,5,0.07
480,357737183.1098751,358445902.08307993,5,0.07
500,357728384.96804214,358425376.3389623,5,0.07
520,356663354.80777764,357957356.98628867,5,0.07
540,356776028.84430635,358175269.9792141,5,0.07
560,356492937.33472645,357571201.7282607,5,0.07
580,356663168.3298655,357911436.76987255,5,0.07
600,356596006.90635663,358196864.7883408,5,0.07
620,356829338.19059503,358609936.0581482,5,0.07
640,357379133.7155854,358719398.65481335,5,0.07
660,357970220.90720737,358715229.4209135,5,0.07
680,357627124.9785043,358914296.57823116,5,0.07
700,357990811.166128,358627119.11352557,5,0.07
720,357532631.718235,358784072.44498736,5,0.07
740,358065979.209,358369112.7227322,5,0.07
760,357100519.87749285,357998385.6811543,5,0.07
780,356243903.58529913,357459673.7535945,5,0.07
0,360402621.3909084,360402621.3909084,5,0.2
20,360396261.29781187,360517525.80712813,5,0.2
40,360317053.34129834,360453524.56560373,5,0.2
60,360454337.574631,360513303.60943615,5,0.2
80,360168784.3572492,360392666.9804715,5,0.2
100,360279391.81893456,360522269.39990914,5,0.2
120,360263838.2512625,360366070.09193873,5,0.2
140,360505568.0419625,360667962.3421287,5,0.2
160,360446870.29469174,360604902.093645,5,0.2
180,360461803.89530253,360367028.85659504,5,0.2
200,360482065.2331045,360416196.6557852,5,0.2
220,360620489.41503346,360654768.0521065,5,0.2
240,360687881.57770634,360597935.9635543,5,0.2
260,360782340.9731978,360757169.52094793,5,0.2
280,360119375.5939626,360419294.95735246,5,0.2
300,360043124.0724498,360362505.60506535,5,0.2
320,360672663.3243099,360644962.09815574,5,0.2
340,360785604.4320248,360666747.3871734,5,0.2
360,360863230.6508683,360705603.59430754,5,0.2
380,360816846.98114,360584285.7937415,5,0.2
400,360910137.0998117,360599105.1240136,5,0.2
420,360637193.0476366,360475823.5401989,5,0.2
440,360836345.39641535,360752879.1449405,5,0.2
460,360832621.3066466,360720961.35089463,5,0.2
480,360717860.5460788,360657378.2894826,5,0.2
500,360524091.45941734,360570001.9497854,5,0.2
520,360401192.3400867,360499932.64984983,5,0.2
540,360441266.7985937,360603300.268682,5,0.2
560,360783277.0131676,360684409.5234482,5,0.2
580,360793249.8662583,360638557.4639203,5,0.2
600,360872158.29241526,360707165.8855197,5,0.2
620,360897567.64206326,360654750.5265161,5,0.2
640,360849194.074085,360638018.479534,5,0.2
660,360738416.2122322,360622851.1283191,5,0.2
680,360929984.9016305,360625472.5108137,5,0.2
700,360583343.5396539,360418551.9809731,5,0.2
720,360419069.01689315,360492155.7230863,5,0.2
740,360807513.1013939,360599731.7612263,5,0.2
760,360448068.19256216,360436496.3326299,5,0.2
780,360792766.8215945,360613781.98385406,5,0.2
0,196182236.0718414,196182236.0718414,5,0.01
20,195146521.665336,338862021.33013797,5,0.01
40,197942936.22845232,338804834.1303084,5,0.01
60,201093450.41409636,338805970.9487494,5,0.01
80,205848653.65877044,340020174.0097015,5,0.01
100,211972372.96995035,339973221.4004259,5,0.01
120,215602325.942138,339730223.1602322,5,0.01
140,219233672.3976813,338893711.0262107,5,0.01
160,223349891.27260453,338999963.17225623,5,0.01
180,229386925.97625473,339109962.840114,5,0.01
200,234931676.16457257,339185115.36214674,5,0.01
220,236276234.8244715,338867552.29531634,5,0.01
240,233756030.15565607,338943575.3953244,5,0.01
260,231922988.8594686,338231542.40740836,5,0.01
280,233811800.00209904,338947315.07674885,5,0.01
300,238799610.7350543,337911057.8567984,5,0.01
320,245687543.8309064,337995495.0297952,5,0.01
340,248989404.02991495,338340158.8110945,5,0.01
360,248141241.3007961,338545834.6237372,5,0.01
380,249443988.8592581,338250085.56497145,5,0.01
400,254766409.22517583,338451943.8728556,5,0.01
420,257811143.86774108,338376494.564348,5,0.01
440,256897574.88988823,338389986.9311327,5,0.01
460,254535440.1464799,339156851.35725015,5,0.01
480,250641493.9204655,339323783.9721146,5,0.01
500,248891079.96631247,339881973.30502796,5,0.01
520,250576540.2800632,339576578.41799355,5,0.01
540,252557949.78958213,339736812.4706951,5,0.01
560,250693402.49200097,339735347.0993776,5,0.01
580,243889772.37239355,340139569.3962169,5,0.01
600,239030865.66693285,341332930.4853798,5,0.01
620,239018833.83389437,342425989.5364368,5,0.01
640,237964242.9068272,341386797.5385928,5,0.01
660,233501458.14893585,341574845.26041865,5,0.01
680,230142161.0706764,342317962.7532306,5,0.01
700,228665869.07941163,341658546.1215954,5,0.01
720,231033036.68096557,341250444.7706204,5,0.01
740,238565773.8650116,341064412.0108138,5,0.01
760,249998015.34952903,340264446.7770222,5,0.01
780,257440090.56197947,340648537.722296,5,0.01
0,356693927.71204066,356693927.71204066,5,0.05
20,356096793.0862542,357455443.1745882,5,0.05
40,356059788.59029233,357711991.4199671,5,0.05
60,355637725.3550738,358000866.69715035,5,0.05
80,355851535.41633683,357701141.63568485,5,0.05
100,355245137.6180947,357283226.2598028,5,0.05
120,355554179.6485952,357640709.5445998,5,0.05
140,355731794.5354172,357571456.10053444,5,0.05
160,356181376.2845808,357831107.3133018,5,0.05
180,356386566.5322809,357934806.07385504,5,0.05
200,357104912.65056175,357604013.5996841,5,0.05
220,356148258.6709502,357434280.02083266,5,0.05
240,355432934.4604337,357269646.91891587,5,0.05
260,355815368.0399097,357687755.70323586,5,0.05
280,355927016.85720795,358027301.9228523,5,0.05
300,356360429.79335374,357890524.4289855,5,0.05
320,356016455.4188185,357630281.42303216,5,0.05
340,356125369.46114963,357866231.3572076,5,0.05
360,356056510.0438801,357796221.51198286,5,0.05
380,355521886.2766653,357470319.2319809,5,0.05
400,355626661.00557226,357633986.882465,5,0.05
420,356261441.83803904,358051809.25697476,5,0.05
440,355704037.79731214,357537433.6026038,5,0.05
460,356267025.8203655,357182224.5622333,5,0.05
480,356801381.4510584,357617235.027395,5,0.05
500,355702844.3895383,357078595.08884245,5,0.05
520,356203849.4590924,357161871.55030787,5,0.05
540,354708897.5233266,356957374.65584135,5,0.05
560,354386328.43602896,356943992.6906123,5,0.05
580,355001333.38897395,357182391.4175992,5,0.05
600,354337645.1422281,357213385.5801295,5,0.05
620,354693269.84671426,357271850.9455097,5,0.05
640,355654378.2020134,357305175.4826172,5,0.05
660,356399371.3439646,357787034.820259,5,0.05
680,356084843.1849423,357482194.6649693,5,0.05
700,354869795.7674183,357170015.13851047,5,0.05
720,355744403.6793296,357613585.87999034,5,0.05
740,355912784.9413666,357704486.3802782,5,0.05
760,355929910.13443244,357576039.6426335,5,0.05
780,354992143.4317055,357196537.3920038,5,0.05
0,346645086.68921036,346645086.68921036,5,0.03
20,346903944.2094514,353788528.5701534,5,0.03
40,346203122.25643754,354589573.0607312,5,0.03
60,345616167.004966,354156831.9801089,5,0.03
80,345531819.71612895,354463840.11984855,5,0.03
100,345008607.4823775,354285169.17300797,5,0.03
120,343818163.37809044,355102391.89950967,5,0.03
140,345723553.91283536,354085688.1755483,5,0.03
160,346699224.51312727,354007158.12167835,5,0.03
180,345778614.4148,353921590.4757595,5,0.03
200,346047216.5249404,353986294.5385848,5,0.03
220,347941284.4086083,354979906.72718996,5,0.03
240,348854541.84172237,354946111.759272,5,0.03
260,349321007.4922304,354574829.7763139,5,0.03
280,348228058.14370286,354173448.67466843,5,0.03
300,348076372.4814693,354174338.20562685,5,0.03
320,348453203.2780782,353773058.4261841,5,0.03
340,349021390.7986771,354173860.40199924,5,0.03
360,348152931.67266047,353946802.90012527,5,0.03
380,347227810.0362047,354031028.5143658,5,0.03
400,348572915.9599226,353519754.7718531,5,0.03
420,349390469.6947253,353641574.64084095,5,0.03
440,343674345.0046637,353759751.5661931,5,0.03
460,344257171.0409549,354133682.5808352,5,0.03
480,345258583.627104,354631789.2330651,5,0.03
500,345591349.0215235,353263158.14759743,5,0.03
520,348372262.0498028,353983006.98832595,5,0.03
540,345035208.77250564,353786593.2641193,5,0.03
560,345208096.634892,353556666.3928133,5,0.03
580,344198050.60854304,353663510.2816746,5,0.03
600,348128615.5164227,353810096.8078035,5,0.03
620,347360067.74665546,354076541.2119028,5,0.03
640,347880332.05850506,353554514.81799114,5,0.03
660,347440255.4053997,353313023.27030706,5,0.03
680,349517564.0088261,353998779.8513776,5,0.03
700,348725257.750561,355317697.98793006,5,0.03
720,348678078.00131255,353962670.5079787,5,0.03
740,348633819.8411261,354250247.9981341,5,0.03
760,346764950.0359548,353791826.8461434,5,0.03
780,347224864.76403016,354659250.6721615,5,0.03
0,357844079.9225503,357844079.9225503,5,0.07
20,357716976.4083934,358567332.3914039,5,0.07
40,357198728.82451063,358453054.5093123,5,0.07
60,358432229.6037508,359113412.25875425,5,0.07
80,358294073.7931775,358843830.08256537,5,0.07
100,358044888.8885271,359096291.1003511,5,0.07
120,358524986.16784257,358768126.53593326,5,0.07
140,358097901.01262546,358783940.4628297,5,0.07
160,358739647.55972767,358930810.4433969,5,0.07
180,358424403.901219,358836917.80171895,5,0.07
200,358507922.4066259,358834525.16408,5,0.07
220,358300106.5144888,358683967.78601587,5,0.07
240,358663567.76107836,359161391.15103626,5,0.07
260,358350765.14075315,358995564.61060226,5,0.07
280,357803620.06964266,358766935.49035156,5,0.07
300,357767549.13964,358723699.30893874,5,0.07
320,357787529.557896,358457363.37550676,5,0.07
340,357597086.9915645,358720898.20339507,5,0.07
360,357873525.13959646,358286371.2128995,5,0.07
380,357674480.45438665,359067815.6404986,5,0.07
400,358186691.00066525,358772968.1900071,5,0.07
420,358353085.2532094,358809243.9871069,5,0.07
440,358395430.48673177,358667335.70754695,5,0.07
460,357873815.10177666,358718426.8586519,5,0.07
480,357734236.2252694,358606015.16786796,5,0.07
500,357569257.0012095,358553000.3809252,5,0.07
520,357694264.9666046,358303327.65173024,5,0.07
540,357885908.3074164,358363549.80788946,5,0.07
560,357384830.85721046,358338239.5485033,5,0.07
580,357434545.3517603,358561627.58627355,5,0.07
600,357502979.9841002,358111244.3348619,5,0.07
620,358071417.6598763,358789429.9631254,5,0.07
640,357903987.39271784,358979408.6534469,5,0.07
660,357865144.0681345,358502883.7105881,5,0.07
680,357708515.89722306,358529558.9675389,5,0.07
700,358820828.8133781,358747586.31817794,5,0.07
720,357471594.4861076,358255023.1909995,5,0.07
740,357847698.6814461,358707830.26653945,5,0.07
760,358183658.8451255,358806088.56544816,5,0.07
780,357800414.31691855,358880503.704327,5,0.07
0,360631323.6978185,360631323.6978185,5,0.2
20,360551524.59360945,360544466.2430174,5,0.2
40,360784199.7600379,360589492.3436427,5,0.2
60,360823733.92824423,360611357.7472576,5,0.2
80,360771828.19145095,360655595.1241862,5,0.2
100,360777780.6214746,360560814.3403977,5,0.2
120,360859231.8327649,360565612.1143736,5,0.2
140,360657792.16712177,360552532.3806261,5,0.2
160,360582421.5285077,360546547.2178787,5,0.2
180,360835125.6953296,360699581.55706656,5,0.2
200,360717592.99626726,360433029.4814308,5,0.2
220,360563777.9926155,360412240.7261119,5,0.2
240,360778528.0764452,360695599.1989346,5,0.2
260,360576347.2245331,360479133.48559016,5,0.2
280,360459183.4418967,360466472.4111254,5,0.2
300,360610640.61469454,360649535.0836187,5,0.2
320,360517092.2531688,360525131.8187264,5,0.2
340,360166439.0745399,360459956.6566312,5,0.2
360,360393072.6461496,360533370.12107384,5,0.2
380,360706426.8497162,360681347.6373659,5,0.2
400,360621212.0027707,360662212.9617365,5,0.2
420,359992480.4169549,360255776.473126,5,0.2
440,360003426.5215504,360320345.110046,5,0.2
460,360318345.07776,360443223.70142543,5,0.2
480,360823598.72087187,360822131.9556287,5,0.2
500,360773312.95080626,360711665.86979735,5,0.2
520,360616430.16696304,360640789.7260828,5,0.2
540,360799449.94554234,360785375.1654757,5,0.2
560,360692761.78356814,360542994.55398995,5,0.2
580,360359425.4654524,360349450.10849,5,0.2
600,360393189.5009142,360570791.22019345,5,0.2
620,360553898.64746106,360560480.23531425,5,0.2
640,360747245.5719927,360523612.7917263,5,0.2
660,360750785.6395957,360691905.47133976,5,0.2
680,360845474.0109744,360646891.3465959,5,0.2
700,360761917.04688424,360642232.6728772,5,0.2
720,360337972.98769355,360470676.82042426,5,0.2
740,360763865.0746807,360811646.928204,5,0.2
760,360718561.0168328,360586592.71809816,5,0.2
780,360451776.97838056,360337844.00970745,5,0.2
0,14889077.707885534,14889077.707885534,1,0.01
20,12975333.394311905,216249663.4156663,1,0.01
40,11721924.252849678,222545529.92937332,1,0.01
60,10496035.577514362,222761137.5243052,1,0.01
80,9664552.266898498,220287062.98878124,1,0.01
100,8887344.54726494,221628543.72142023,1,0.01
120,7355328.612554,219928665.51547024,1,0.01
140,6793005.036940705,217037175.43602392,1,0.01
160,6797602.53212172,217052783.8387078,1,0.01
180,6255611.81082735,216539777.63335645,1,0.01
200,4696139.599393228,214365534.22409523,1,0.01
220,4829303.016062174,213783564.13706684,1,0.01
240,4527257.505409542,213021751.9282584,1,0.01
260,3470827.0829403717,211366528.88095945,1,0.01
280,3110427.735985972,214898809.60731667,1,0.01
300,2558222.5677343532,211515996.09327495,1,0.01
320,2210278.949006018,211960628.8073874,1,0.01
340,2602273.9077561344,214369864.52226985,1,0.01
360,3051047.546695123,214777562.08236647,1,0.01
380,3691262.386443961,207018389.3361999,1,0.01
400,3669586.817362973,210061652.1011065,1,0.01
420,3639965.0976188416,213820607.78181416,1,0.01
440,4001621.1165632466,207247461.42698056,1,0.01
460,4591404.091277637,210868863.29728824,1,0.01
480,4608893.952721519,210367725.8107353,1,0.01
500,3374988.350987808,210552017.3992493,1,0.01
520,3001079.072879034,212405043.621984,1,0.01
540,3392607.148509219,215355549.68376964,1,0.01
560,3247168.8665591134,213775225.8140827,1,0.01
580,3282403.3757725935,211835001.3837912,1,0.01
600,2716828.856305057,215491979.54834795,1,0.01
620,2314393.21502456,217294956.2425173,1,0.01
640,2666031.178894425,215250381.78336585,1,0.01
660,3007364.910479511,213893621.02688965,1,0.01
680,3239502.4662374044,215016830.88308913,1,0.01
700,3312325.1511220126,214294791.79471296,1,0.01
720,3331686.963676611,214042018.8362227,1,0.01
740,3393905.042134594,213859742.6355269,1,0.01
760,2714271.64351376,214524432.00749183,1,0.01
780,1548810.2000796665,215311079.6391627,1,0.01
0,211257895.945597,211257895.945597,1,0.05
20,208049441.62815708,236391784.2438289,1,0.05
40,209848014.8522836,236081732.52799016,1,0.05
60,203606267.69500256,234044886.72164512,1,0.05
80,203766671.7626323,235561095.73086345,1,0.05
100,214357885.57587895,237870268.551071,1,0.05
120,214826781.58168492,237667484.90905365,1,0.05
140,212758637.63352776,237652706.36133948,1,0.05
160,211750078.79572996,235604208.69666475,1,0.05
180,221550395.7518828,236568825.26612276,1,0.05
200,222108451.0379759,237207980.5504327,1,0.05
220,212848963.5048833,235829594.3881435,1,0.05
240,194520403.10289347,235977969.1963728,1,0.05
260,202467176.39392784,236548567.83836055,1,0.05
280,198044949.05507615,235692750.1122817,1,0.05
300,199114889.6352072,236911150.6137888,1,0.05
320,212848146.79824236,238393155.71761668,1,0.05
340,208984963.29267383,238338807.68011695,1,0.05
360,207468809.8893234,237238432.8037919,1,0.05
380,215073356.32472315,234525960.21816224,1,0.05
400,222576976.2954412,236288734.92781284,1,0.05
420,217137404.95879772,238196052.06318223,1,0.05
440,219812489.24661428,238370843.86411107,1,0.05
460,216623020.09615055,236316624.88540307,1,0.05
480,205934564.51128092,234801420.46912497,1,0.05
500,203591560.537913,235190553.72494727,1,0.05
520,192254020.75313345,236204473.7714216,1,0.05
540,195200770.3573405,233433363.68207943,1,0.05
560,185135854.6978023,232973459.468502,1,0.05
580,171872148.4183058,234836982.51522052,1,0.05
600,192273229.1104012,235532016.81299868,1,0.05
620,205925383.6607072,236536234.46481177,1,0.05
640,178956599.18400323,235830206.26122916,1,0.05
660,178462571.58601075,233903238.28145027,1,0.05
680,183700426.8441379,233682804.0947059,1,0.05
700,188958589.3020509,235483375.51258492,1,0.05
720,177715847.55796802,233964505.36187056,1,0.05
740,182397722.29035676,235481545.4124685,1,0.05
760,198149926.6607294,236354017.20418325,1,0.05
780,195324171.0219019,232112795.60133713,1,0.05
0,175877072.7643063,175877072.7643063,1,0.03
20,184299432.74723288,234749885.54506597,1,0.03
40,186951089.54534855,235169750.411722,1,0.03
60,191924562.4704724,235181331.22383833,1,0.03
80,187582269.63566196,235819533.47987637,1,0.03
100,185852870.4995508,236040693.9974225,1,0.03
120,190004775.19507557,236049944.32103625,1,0.03
140,185282793.2579964,236499701.96691477,1,0.03
160,177122045.86205223,236787283.0415046,1,0.03
180,180569050.51416984,236260386.2878833,1,0.03
200,177904362.55773467,236046697.80015495,1,0.03
220,167137765.63476443,234819579.9635557,1,0.03
240,154808812.2946298,233524601.7911655,1,0.03
260,156192263.89382812,234970292.4181015,1,0.03
280,164782917.463259,233516616.86562943,1,0.03
300,150594146.2412883,230073103.16066664,1,0.03
320,142158465.08639374,231117405.55100673,1,0.03
340,135780107.39120683,231095262.61366695,1,0.03
360,127561125.03064597,230730115.68901193,1,0.03
380,99460718.0018418,227551651.45695776,1,0.03
400,85238957.8977633,229426195.40103117,1,0.03
420,100912264.38418368,225036270.53856757,1,0.03
440,104102222.08716077,225130261.0294733,1,0.03
460,113857623.55517414,226512467.9154136,1,0.03
480,114816866.40837628,226549789.9495394,1,0.03
500,117657018.40415595,228503900.0978353,1,0.03
520,125315795.3286675,229062624.41607156,1,0.03
540,122655999.59097008,229913025.3651876,1,0.03
560,123276554.1584191,230281546.9657496,1,0.03
580,115093666.37441169,230545703.17276463,1,0.03
600,97188762.13418728,231270806.62365252,1,0.03
620,108637712.88983683,232507513.3667581,1,0.03
640,127578995.69481094,231164172.545092,1,0.03
660,135827689.6080284,234299755.03902447,1,0.03
680,142932549.70440233,234566744.84070933,1,0.03
700,146460404.94434756,234994192.86243948,1,0.03
720,155385174.62295756,236008923.35004023,1,0.03
740,166062494.1899875,235621543.6396085,1,0.03
760,163847892.2270527,235450313.21974897,1,0.03
780,159479301.77563033,234613155.09448063,1,0.03
0,199270150.62490845,199270150.62490845,1,0.07
20,198477427.92216808,236028031.2149881,1,0.07
40,217563466.33659935,238581214.48187867,1,0.07
60,229236965.73488045,239825858.33381575,1,0.07
80,229690119.2902161,239991213.53848416,1,0.07
100,233214855.7443892,240404113.889088,1,0.07
120,227701356.7441084,240423965.43465352,1,0.07
140,224783637.9710166,235880940.63680792,1,0.07
160,216426210.00954217,235675627.2275959,1,0.07
180,229732928.81869423,236393082.50637084,1,0.07
200,228190486.3639516,238545136.85320947,1,0.07
220,228246695.34265843,239534432.4740634,1,0.07
240,227267074.2027324,239921127.01517463,1,0.07
260,227306602.57520616,238466145.6544084,1,0.07
280,224246338.894559,236410380.4357125,1,0.07
300,213388265.0110849,234761129.07122493,1,0.07
320,211742394.7915317,237774665.10186708,1,0.07
340,214916726.37653923,239676819.15190193,1,0.07
360,222872522.24410635,240311901.76223376,1,0.07
380,227178738.2487645,240802764.1184312,1,0.07
400,211873494.17618993,240521573.15970948,1,0.07
420,214815091.30988592,237517438.2252215,1,0.07
440,212349771.41020545,238070748.6779121,1,0.07
460,223684318.30535728,237503537.03349137,1,0.07
480,211751749.34614164,237317907.167377,1,0.07
500,214627862.94092017,238592187.62818187,1,0.07
520,223331185.79914263,237258858.50310737,1,0.07
540,213595378.81362605,236992688.62154916,1,0.07
560,224032286.31737465,237375761.58834252,1,0.07
580,230352108.07685724,240399481.392109,1,0.07
600,228819797.778482,238818067.83874825,1,0.07
620,222205972.9468702,237072140.30963552,1,0.07
640,221618337.84183812,238968824.06820375,1,0.07
660,229171489.40366516,240809199.49359453,1,0.07
680,221839357.27478105,238356148.00769633,1,0.07
700,220322457.77964944,239633073.45826316,1,0.07
720,217300229.2623173,236642914.70379972,1,0.07
740,207795950.73408955,236710149.26091617,1,0.07
760,212719470.30654505,235005139.4566633,1,0.07
780,195098747.79770905,232652911.59448788,1,0.07
0,240806291.83235845,240806291.83235845,1,0.2
20,241965544.3421186,244001408.16922185,1,0.2
40,237946170.07512203,243034922.4000781,1,0.2
60,238117936.48339504,244189051.3900971,1,0.2
80,239963259.13626468,242320368.13394427,1,0.2
100,235937334.5232118,241652119.30371785,1,0.2
120,235117280.4028401,239419548.1188743,1,0.2
140,240268841.6062313,241566292.6231383,1,0.2
160,235399980.77120912,240154204.7320498,1,0.2
180,238638816.99189663,242286218.8110764,1,0.2
200,240527436.2788143,241636001.7345296,1,0.2
220,242298061.7070253,242884087.51504195,1,0.2
240,240940432.66507167,242042961.01688203,1,0.2
260,241638395.4852658,240734013.7862022,1,0.2
280,238482236.16527504,241852538.8202287,1,0.2
300,238030961.9520755,242100904.1079484,1,0.2
320,243265600.57653773,243861972.31939787,1,0.2
340,238862707.0313533,240855907.62841964,1,0.2
360,239081572.62699056,243069191.6513023,1,0.2
380,238262209.39730075,240849841.17876348,1,0.2
400,240638547.46707997,242552941.162453,1,0.2
420,242892194.2562613,243882230.60946977,1,0.2
440,240618313.7391796,242048336.44416532,1,0.2
460,243740439.03068817,243388416.19387707,1,0.2
480,242731989.74756855,244152806.5866425,1,0.2
500,242538385.6296611,242626357.63690063,1,0.2
520,241690973.10542637,243927187.292015,1,0.2
540,240823667.3454123,243833005.95364767,1,0.2
560,241053953.71218857,241630491.6109364,1,0.2
580,241607689.3477305,242800811.97261393,1,0.2
600,240369409.30392915,242151879.77363467,1,0.2
620,241990707.401978,241656647.8852582,1,0.2
640,238759109.71071443,241235858.88680568,1,0.2
660,232155243.0330002,240713099.9878062,1,0.2
680,225963595.8507222,240216118.2801211,1,0.2
700,237171216.20528385,241955084.19509828,1,0.2
720,237893020.1998728,240431293.65848976,1,0.2
740,243998605.243484,244586422.0290559,1,0.2
760,242584056.11903596,244213048.20034957,1,0.2
780,239691043.8616634,238902741.8371029,1,0.2
0,15651681.258791488,15651681.258791488,1,0.01
20,15182633.524997951,215203426.32995617,1,0.01
40,14386785.2268934,220629233.30150992,1,0.01
60,14243964.804348644,222519430.648814,1,0.01
80,14333434.77504396,219691454.26787627,1,0.01
100,13806131.741923545,222170414.39064085,1,0.01
120,14228219.161422754,220973140.64225817,1,0.01
140,14117075.896855086,220061143.18774655,1,0.01
160,13256357.211780556,219338579.3934841,1,0.01
180,11992023.425734196,218962088.16822204,1,0.01
200,10695811.704829242,217844624.72594267,1,0.01
220,8457650.33555334,216459272.74705637,1,0.01
240,6009407.471062867,218048227.41005185,1,0.01
260,4540124.899996291,217956039.74037215,1,0.01
280,4124167.980347649,218718640.593347,1,0.01
300,4944375.407016935,219081629.68203968,1,0.01
320,7033390.953611927,220384732.00097907,1,0.01
340,10489411.250135986,219861801.2117041,1,0.01
360,12911307.831990829,220528336.88630825,1,0.01
380,13874384.760035444,218365307.54335552,1,0.01
400,14384290.769933091,219760565.6136664,1,0.01
420,14918491.259525187,218586679.36499232,1,0.01
440,15821700.674424771,220377683.97525197,1,0.01
460,17737860.777979027,219737460.12049723,1,0.01
480,20518204.487448677,216952582.9093697,1,0.01
500,22631223.02321683,217575795.0148727,1,0.01
520,25728345.324383944,216084697.2145377,1,0.01
540,28146643.510514684,215501109.9654461,1,0.01
560,28044488.64563746,219839423.28087828,1,0.01
580,26922486.21934844,219315841.3300928,1,0.01
600,26631536.892236702,219595062.61023164,1,0.01
620,30341064.12712895,220023925.17510515,1,0.01
640,33453375.481519133,220499136.71440503,1,0.01
660,35020475.32635303,216985260.91109785,1,0.01
680,36898620.02975013,219125319.86747253,1,0.01
700,38178131.8760748,219381285.99569488,1,0.01
720,42251286.18441704,218309348.01706564,1,0.01
740,47441373.06678118,219798941.26859853,1,0.01
760,47103663.191817194,220285162.22380507,1,0.01
780,41589585.25966829,219467318.28982183,1,0.01
0,148799893.84672457,148799893.84672457,1,0.05
20,186507758.439997,238617985.00108767,1,0.05
40,198550090.07972008,239075998.53721952,1,0.05
60,211283619.21833593,239925441.4585811,1,0.05
80,211383891.19325045,238541212.79620075,1,0.05
100,202693459.96887112,237512691.206491,1,0.05
120,194580671.360433,236469917.17264417,1,0.05
140,187440545.97685653,236628018.64243168,1,0.05
160,201588960.8635116,235723149.00154492,1,0.05
180,184602427.55666032,233371128.60864863,1,0.05
200,176470519.52087694,233103994.13811392,1,0.05
220,194183259.53080872,234114580.2118475,1,0.05
240,180147396.69979855,233200405.799504,1,0.05
260,196349540.57897815,235302663.56559128,1,0.05
280,212299624.55225605,236465128.6332077,1,0.05
300,213984267.53518265,237109435.17735368,1,0.05
320,215934024.43519175,236796384.27594995,1,0.05
340,227338910.88970512,238853841.5523447,1,0.05
360,220635491.65527025,238907407.3353011,1,0.05
380,207793180.4672237,237143629.01380497,1,0.05
400,194191168.0062804,234386575.3597171,1,0.05
420,169309678.89866167,228456969.79090524,1,0.05
440,164602727.47340864,227233055.1784615,1,0.05
460,172618569.39047903,227997977.7677366,1,0.05
480,199782953.87672305,232612901.7590928,1,0.05
500,203834626.49723,232842883.31430808,1,0.05
520,185663544.95817584,229349254.7632814,1,0.05
540,194451420.6518726,227663103.72199363,1,0.05
560,175781367.36208397,226056032.76715335,1,0.05
580,155812516.00339428,223727704.11203352,1,0.05
600,164930579.0078959,226280441.29438663,1,0.05
620,165294574.1889879,229813832.3964805,1,0.05
640,192316314.24758595,233208180.20747888,1,0.05
660,196475781.9741776,233111810.75812215,1,0.05
680,201183462.52229407,234626924.9686823,1,0.05
700,199932768.55181137,235059957.178006,1,0.05
720,183201152.26404208,230629892.08608532,1,0.05
740,164441860.70645544,232684272.2916264,1,0.05
760,174471699.97749287,236142981.77478904,1,0.05
780,167957752.60947853,234793445.45511997,1,0.05
0,176611853.58019996,176611853.58019996,1,0.03
20,168030514.65898374,234730008.87080315,1,0.03
40,149188509.19909585,233346651.9365816,1,0.03
60,125693850.56986196,233009324.55519968,1,0.03
80,106934406.1490332,231594557.1489392,1,0.03
100,95529614.1984462,232142043.28535596,1,0.03
120,94176103.53488484,232104766.97028053,1,0.03
140,95422991.6676888,233149633.7989478,1,0.03
160,83022661.55012047,233157612.01548055,1,0.03
180,65328434.135825016,234212103.541754,1,0.03
200,50162993.997649744,232707093.3418194,1,0.03
220,39348933.93934229,233577568.326304,1,0.03
240,24703420.146549165,232616875.6597054,1,0.03
260,21067446.623324033,231783191.25401804,1,0.03
280,37084500.55521689,231503253.25880855,1,0.03
300,61836341.301544,231898709.7535943,1,0.03
320,82253108.53471231,230054651.29144785,1,0.03
340,89295168.85455278,231689463.01897067,1,0.03
360,96712458.32108516,232146759.8158203,1,0.03
380,92484750.07181324,231783361.62481236,1,0.03
400,91096725.75253709,232633019.3896325,1,0.03
420,80571184.12867144,233190839.141567,1,0.03
440,73738642.73538317,233792126.50803232,1,0.03
460,69419790.1282637,233394277.23622197,1,0.03
480,73561970.09455311,235451942.9386763,1,0.03
500,90525905.8063258,236511243.66344985,1,0.03
520,100891111.89244412,231710342.11320952,1,0.03
540,99940775.3891133,230318248.85579932,1,0.03
560,98329774.65786365,228975255.4425913,1,0.03
580,99910785.20449416,229376103.5218517,1,0.03
600,103303030.1951112,230423284.66199625,1,0.03
620,95621131.45921583,229168097.3609686,1,0.03
640,81230462.45425344,228594767.65459704,1,0.03
660,77230024.4266954,227152665.23974317,1,0.03
680,79355040.81191193,225423910.4615217,1,0.03
700,86648331.50983518,225478749.3313963,1,0.03
720,86437930.8970627,222949002.97595823,1,0.03
740,72334397.78083977,219925731.830556,1,0.03
760,65196673.62020704,217957190.7364168,1,0.03
780,57723149.9004085,217581497.9012422,1,0.03
0,220431156.5627082,220431156.5627082,1,0.07
20,226790441.9643134,238507401.06098625,1,0.07
40,220144070.8886319,238777285.08567,1,0.07
60,223899728.9367227,237640316.51132655,1,0.07
80,213160934.94959185,234211964.04265904,1,0.07
100,222533357.55095324,236216827.9092856,1,0.07
120,219510490.61824805,236905492.1238713,1,0.07
140,206250988.66094983,238824376.6750191,1,0.07
160,180437292.86903048,237062006.98472583,1,0.07
180,177909542.5921563,237517855.70932943,1,0.07
200,184237496.34600613,237379236.88648543,1,0.07
220,178254753.83207762,237639044.12389067,1,0.07
240,189206478.0728827,237854681.62504727,1,0.07
260,190553540.2488045,236994060.39134133,1,0.07
280,197116297.1319872,234614273.1696027,1,0.07
300,201136754.82567155,235494322.37955105,1,0.07
320,216323023.1044143,234871985.24019504,1,0.07
340,211154915.88350987,235781434.28167447,1,0.07
360,215964821.67798156,234442606.6528732,1,0.07
380,218821441.31743017,238443778.4435795,1,0.07
400,220028907.22350633,237178153.2713133,1,0.07
420,219145899.36021104,238108491.02890983,1,0.07
440,225383990.12054032,240249107.5168826,1,0.07
460,216503074.40571895,239591616.92970073,1,0.07
480,213137833.68978167,239681199.33299312,1,0.07
500,221021355.56977588,238173561.34591305,1,0.07
520,219491523.29543743,239778011.07288265,1,0.07
540,199542492.57126313,237962163.1737531,1,0.07
560,194244178.91423503,238820095.09807745,1,0.07
580,176362660.45478407,240006962.4219535,1,0.07
600,125350295.24192645,236163336.15512043,1,0.07
620,132738335.43924032,231505150.4924479,1,0.07
640,180023811.3556564,235032441.36599427,1,0.07
660,205018694.4058928,237131071.66415185,1,0.07
680,211531559.3310584,234146393.16939715,1,0.07
700,201120944.51480687,235322696.54274476,1,0.07
720,204088234.768691,237489617.6520763,1,0.07
740,189329359.14667696,237092752.40213853,1,0.07
760,177757901.44797075,237355285.35714164,1,0.07
780,166483494.31906456,233612198.7914609,1,0.07
0,242400481.23832163,242400481.23832163,1,0.2
20,244044505.2898517,243823223.10464245,1,0.2
40,241851758.36189225,243245646.40380424,1,0.2
60,242887168.48565105,243981171.1145492,1,0.2
80,243227728.0268957,243932623.76884255,1,0.2
100,243429734.37289563,244424809.22045588,1,0.2
120,242639002.9624976,244389760.1892656,1,0.2
140,243217460.56717455,244058485.41153592,1,0.2
160,239134418.5120024,242870590.78446293,1,0.2
180,239119054.17485815,242864354.91933575,1,0.2
200,240581085.3942136,243192022.2270304,1,0.2
220,239561354.872385,243449842.45131063,1,0.2
240,241038021.5078599,242839851.02007723,1,0.2
260,232610707.36227015,240975350.4871095,1,0.2
280,241232251.7095047,243092524.31643397,1,0.2
300,241871510.60631263,243210691.92369133,1,0.2
320,240909255.33713305,241077495.3626406,1,0.2
340,243440579.44860455,243779510.02552557,1,0.2
360,244244313.02540988,244502752.87089023,1,0.2
380,237423196.7581727,241454194.8574028,1,0.2
400,242419929.5939957,243437142.76982015,1,0.2
420,242474325.19486883,243060903.58098376,1,0.2
440,238470498.52206063,241742174.6189009,1,0.2
460,241486749.14789605,243324528.89167175,1,0.2
480,236994056.78386375,242942050.6378864,1,0.2
500,234080008.2481464,243087393.2470751,1,0.2
520,238369602.84187692,241386455.13255715,1,0.2
540,239829042.50703156,242336687.20985037,1,0.2
560,234597587.42506963,240028470.0017458,1,0.2
580,239416539.8739658,243463702.6222025,1,0.2
600,240503091.9738675,242266682.65536487,1,0.2
620,237980504.84097183,243503648.63355815,1,0.2
640,239727768.5666571,243033326.4639982,1,0.2
660,241915934.3040853,241963512.70120463,1,0.2
680,236235583.41196737,241692086.7497918,1,0.2
700,241203810.90255225,244483313.21229917,1,0.2
720,243317080.22454724,244269417.429696,1,0.2
740,241998249.97207692,245012469.09741333,1,0.2
760,242733756.44248775,243500853.19937727,1,0.2
780,243196381.89694637,244920944.00959545,1,0.2
0,19186984.705809154,19186984.705809154,1,0.01
20,22308726.693177614,217697566.22135615,1,0.01
40,24237397.9173216,221178749.27968115,1,0.01
60,27846060.079362996,221361029.61283803,1,0.01
80,32878300.64765473,217106483.13085788,1,0.01
100,37247096.74092983,220665275.58064213,1,0.01
120,36657320.51591734,221878077.66145468,1,0.01
140,30670749.50564328,221806040.7530641,1,0.01
160,24396399.781298734,221098171.10577852,1,0.01
180,19695816.080772925,219656573.67213827,1,0.01
200,15878879.46017024,222111321.89379203,1,0.01
220,13894578.303459937,220187277.87276867,1,0.01
240,12395911.86366954,221521431.78357857,1,0.01
260,10727851.686062336,221854742.2857722,1,0.01
280,9208555.169953551,216677232.6333551,1,0.01
300,9917187.936655426,217249492.65784168,1,0.01
320,12622030.463622574,218403993.75242463,1,0.01
340,15792045.785075288,219077295.5337879,1,0.01
360,18716103.64540569,214344077.8686968,1,0.01
380,20647053.297899675,216802557.85547227,1,0.01
400,20737478.05343654,213589184.6249294,1,0.01
420,19048272.34765077,213671542.7654897,1,0.01
440,17179684.68295786,215277002.18441784,1,0.01
460,16492196.09470923,217129979.19208536,1,0.01
480,17549188.937648237,214894097.69076157,1,0.01
500,20247676.795095272,218944717.6533383,1,0.01
520,20616053.00063301,217684457.3209785,1,0.01
540,18036496.507189013,218045150.36962575,1,0.01
560,15552561.36234039,219063651.31524655,1,0.01
580,14467769.483208949,220419763.55086768,1,0.01
600,13578586.698354663,221643902.20021752,1,0.01
620,12232208.399218656,220407303.5353127,1,0.01
640,9486750.259664947,217207157.8896183,1,0.01
660,7477430.478970371,218984954.6218839,1,0.01
680,7618515.1093429085,220060339.7180379,1,0.01
700,8895875.770941686,220579379.35620025,1,0.01
720,9837726.546254288,217497078.4231315,1,0.01
740,10776715.52327798,217982637.02136436,1,0.01
760,11877231.077120973,222381131.6692988,1,0.01
780,12935430.416974269,220815328.63431385,1,0.01
0,208556726.72678277,208556726.72678277,1,0.05
20,184843858.24116072,235309700.55472773,1,0.05
40,181546233.71090412,235557702.0425423,1,0.05
60,184445788.77726457,235058814.22213316,1,0.05
80,183355136.10431108,235161292.16861776,1,0.05
100,198122811.83325315,235744447.53530717,1,0.05
120,196231050.04515576,233818960.01537287,1,0.05
140,199423794.10631984,235870957.10626984,1,0.05
160,186482930.21268576,235637911.076392,1,0.05
180,180301987.07530996,237920441.6157843,1,0.05
200,175391876.3947085,235418210.1624998,1,0.05
220,161043656.1143903,233576088.7510674,1,0.05
240,180236089.71726337,234955439.10412544,1,0.05
260,199446695.96894956,236209123.524158,1,0.05
280,199469762.7676353,237751265.19250768,1,0.05
300,208221960.0442919,232750776.4144796,1,0.05
320,195242104.9760365,229438319.43374747,1,0.05
340,164707298.20504308,226086881.433208,1,0.05
360,158111245.94804382,225025939.97701555,1,0.05
380,180800784.28378424,229285934.13775444,1,0.05
400,189744035.32944584,236541597.71624935,1,0.05
420,168924289.07920682,236165623.16039765,1,0.05
440,127371373.13872813,236030763.9327404,1,0.05
460,118964534.17889231,235619863.8350239,1,0.05
480,115606891.11270362,237825311.95181516,1,0.05
500,121410751.39857858,237564669.72318244,1,0.05
520,134574197.17530233,236966597.85454595,1,0.05
540,149454788.97457704,237195278.54044813,1,0.05
560,172168187.76421437,237634258.9136808,1,0.05
580,195412388.3554255,238937220.3695375,1,0.05
600,202357141.31307313,239713589.75268665,1,0.05
620,164130551.7650145,238653430.8506305,1,0.05
640,121447293.9852345,236056072.87052488,1,0.05
660,105896967.0398756,234956441.6714867,1,0.05
680,124389675.54305504,235422639.1347579,1,0.05
700,195854234.21229827,237825045.13941467,1,0.05
720,207691708.3413066,237068517.38610145,1,0.05
740,207334261.06303877,236609956.15334457,1,0.05
760,215828495.0770388,236826297.45300072,1,0.05
780,213819207.66007984,237260830.5100692,1,0.05
0,135085135.1282108,135085135.1282108,1,0.03
20,121327302.63155332,235230922.75442904,1,0.03
40,121237493.38283156,233084647.50892073,1,0.03
60,144472704.9963969,232457798.5563897,1,0.03
80,149797104.35833645,233902244.74405208,1,0.03
100,150406191.7603834,234430645.92665523,1,0.03
120,156161748.45790714,234809410.93093553,1,0.03
140,170784342.1769356,235626485.80516964,1,0.03
160,179291019.45675632,234500492.70338997,1,0.03
180,186184878.34238973,234764759.347861,1,0.03
200,174251492.116168,234458170.85364383,1,0.03
220,161739294.21346065,233873096.34803775,1,0.03
240,156664501.06203532,233590684.5778751,1,0.03
260,167828810.93144122,233625630.9383878,1,0.03
280,175579841.4504692,234969539.28392315,1,0.03
300,171581084.78479445,235767157.91500112,1,0.03
320,151836585.0817203,234690748.9254773,1,0.03
340,137073218.52136582,232203477.84298337,1,0.03
360,120869911.1359273,233156221.25382996,1,0.03
380,112655995.71093886,233437878.32616457,1,0.03
400,107431730.60395896,233439604.10334483,1,0.03
420,104123794.87835266,233176708.9731857,1,0.03
440,100270743.2736501,234509720.7047563,1,0.03
460,107037134.79199702,234800161.29466647,1,0.03
480,118727403.7920869,234119247.644576,1,0.03
500,121290725.86371994,233034313.5408147,1,0.03
520,120347851.5198909,233867476.6200074,1,0.03
540,128512454.4335939,233946025.0777549,1,0.03
560,123222979.23454912,233761593.4579924,1,0.03
580,85855265.99214584,234395740.80051863,1,0.03
600,62321540.768301755,233433227.69459456,1,0.03
620,71525676.63223818,231162708.5396436,1,0.03
640,95308562.98687972,234315083.20755255,1,0.03
660,107452060.36450574,234368594.02489424,1,0.03
680,105269532.20509268,235266823.46333227,1,0.03
700,123220846.33753884,235681131.99208623,1,0.03
720,146022743.08546618,235088587.2234361,1,0.03
740,148998163.86260512,234932766.4823385,1,0.03
760,138688269.64192626,234468889.4541332,1,0.03
780,132677676.40553688,234648539.29661632,1,0.03
0,219522177.54292297,219522177.54292297,1,0.07
20,215235873.72796777,236023962.86195183,1,0.07
40,205684147.67808157,232236569.66957617,1,0.07
60,196772656.63571343,232286096.9326115,1,0.07
80,212460651.84482676,237884877.1322892,1,0.07
100,201205133.7813361,234896769.71417648,1,0.07
120,182107133.40424785,227030688.3663948,1,0.07
140,176062662.4337238,225092955.8868125,1,0.07
160,204793953.34699348,228824882.11910996,1,0.07
180,206484821.27600425,232873217.02970672,1,0.07
200,195914790.74380392,227192629.42420623,1,0.07
220,188375644.0735355,232886097.2111916,1,0.07
240,219484124.4165553,236694918.0480991,1,0.07
260,204131430.41846365,236792704.94553372,1,0.07
280,165550155.8554232,235394539.68335587,1,0.07
300,138579087.63287866,231510536.53970852,1,0.07
320,138143608.07493213,229104497.3715282,1,0.07
340,174037771.1412643,229835661.14891124,1,0.07
360,178425680.59452787,226094632.74152595,1,0.07
380,153071385.80420738,229524017.19005096,1,0.07
400,200959754.4789871,238782406.69830313,1,0.07
420,199922308.3747013,236020188.6188015,1,0.07
440,211675714.9460933,238696287.6154462,1,0.07
460,204933851.0623516,235627256.22752565,1,0.07
480,191479351.3300895,232088722.95920408,1,0.07
500,172471940.5977941,228950779.2177673,1,0.07
520,189403258.55598873,234310271.76000443,1,0.07
540,223180043.84253705,234128089.55038455,1,0.07
560,192006790.29360387,229548367.4203336,1,0.07
580,156644808.95783436,230846744.2822748,1,0.07
600,158856152.34625226,224907808.41832837,1,0.07
620,173415116.33284813,232469639.8676147,1,0.07
640,163240101.87289557,227917012.2356614,1,0.07
660,163535624.481659,229673684.63859835,1,0.07
680,186204581.72178987,233363241.0608799,1,0.07
700,203124360.95317444,240200096.21048537,1,0.07
720,199044920.6564781,238785067.1384341,1,0.07
740,200149113.61749795,237551585.3041024,1,0.07
760,196198234.96569943,236336493.1932037,1,0.07
780,182209904.38674337,234476973.31739312,1,0.07
0,242536157.204907,242536157.204907,1,0.2
20,239840414.76521188,243592152.92546,1,0.2
40,235157769.03618377,241903690.7292982,1,0.2
60,240495723.8999352,243509269.45441145,1,0.2
80,239988654.11542615,242662349.27601707,1,0.2
100,240316773.591109,243961783.90142095,1,0.2
120,242563497.4414652,243801775.43842676,1,0.2
140,243968234.06801063,244120872.8869743,1,0.2
160,239989373.50159883,243203377.64702225,1,0.2
180,243759123.65079403,243313890.0728563,1,0.2
200,237547139.8453403,238528993.05889857,1,0.2
220,240944309.2643019,243553896.07703623,1,0.2
240,241928758.98420393,242170243.71443525,1,0.2
260,241228627.98894507,242299845.73781165,1,0.2
280,238422167.7807083,242548784.853528,1,0.2
300,243406295.82220855,244408377.79010165,1,0.2
320,239532575.0922798,242727186.83255973,1,0.2
340,240813238.85074323,242186511.0831641,1,0.2
360,241403998.21522325,242442591.69417173,1,0.2
380,239738757.5585942,241305665.98783252,1,0.2
400,241831148.96855068,244198817.66208175,1,0.2
420,241160748.8737008,244446704.31126177,1,0.2
440,241183943.8827352,243350445.29392987,1,0.2
460,239275973.4979372,242253335.04233217,1,0.2
480,243330476.27240857,243756178.6878912,1,0.2
500,242801313.28495103,242969869.0689782,1,0.2
520,239560796.06963843,241242898.91574088,1,0.2
540,242173810.31812856,242353832.650127,1,0.2
560,243900876.7843138,244573799.23463017,1,0.2
580,240322423.8779982,242701429.6200499,1,0.2
600,239857179.8884336,241639945.440746,1,0.2
620,240528114.699174,241567883.3873142,1,0.2
640,243258268.84564793,243344927.31433097,1,0.2
660,240119896.8915118,241771241.99922115,1,0.2
680,240260544.6020739,242986530.80701563,1,0.2
700,242676826.1346597,243045225.5831515,1,0.2
720,241642126.68229017,242744271.9590239,1,0.2
740,243799042.3493124,244031829.4300142,1,0.2
760,240130458.1102068,244012609.49752033,1,0.2
780,242214604.0465016,243697187.9276248,1,0.2
0,13807157.965408413,13807157.965408413,1,0.01
20,12160766.794946903,218123012.8683162,1,0.01
40,10544910.357468838,220998413.5463838,1,0.01
60,9594259.728396038,220874642.0084164,1,0.01
80,9711366.971698891,218563339.83364257,1,0.01
100,10521198.32307969,215882527.47178155,1,0.01
120,11385398.425223954,219917052.15305865,1,0.01
140,9986536.769785449,221569315.3703257,1,0.01
160,6984220.033547562,221455454.52642924,1,0.01
180,5650402.307393897,221167840.82708043,1,0.01
200,4910842.307239064,221602183.80727667,1,0.01
220,4590314.442089627,220209830.66602543,1,0.01
240,4604712.023976209,221781663.89947584,1,0.01
260,3563137.8467210657,220708869.3447776,1,0.01
280,2581645.8891792907,221502877.09409735,1,0.01
300,2328047.5618568207,221831155.5102517,1,0.01
320,2425218.507043011,220843110.3828321,1,0.01
340,3002885.184925691,222285558.1981606,1,0.01
360,3285643.519246772,222979093.32927448,1,0.01
380,2458891.684891662,223367324.38688704,1,0.01
400,1977440.4867667507,223456273.55046168,1,0.01
420,2651731.0637803874,223282824.25489813,1,0.01
440,3792921.018957845,223830703.13220015,1,0.01
460,4330564.209693658,224111979.53952792,1,0.01
480,4672042.983204838,222980686.326855,1,0.01
500,6223491.840033543,222647909.79509833,1,0.01
520,9626590.236859392,221340059.052885,1,0.01
540,14471353.856742598,219841598.3214742,1,0.01
560,18184165.18881959,222057126.32103607,1,0.01
580,19018210.00303496,222405934.7264909,1,0.01
600,17171918.0075894,223288207.38274193,1,0.01
620,14698911.261097146,222914269.4051282,1,0.01
640,12792415.415030846,224027354.9557129,1,0.01
660,11171906.075154291,223398778.3271236,1,0.01
680,9560562.228606988,221851256.4337096,1,0.01
700,8230236.069376548,223329343.12729812,1,0.01
720,6799373.869706062,220948133.7340721,1,0.01
740,5078896.393872017,222718296.8004685,1,0.01
760,5242955.925004517,221925999.8061832,1,0.01
780,6027582.349550562,221255814.391847,1,0.01
0,198999498.43861455,198999498.43861455,1,0.05
20,186177638.42668337,235053341.07259953,1,0.05
40,187058152.54899472,234732479.42724836,1,0.05
60,210906601.0379952,234522020.95219892,1,0.05
80,198912218.12208807,232105337.3555398,1,0.05
100,197555803.92653137,231089858.91309097,1,0.05
120,201921654.91191632,235678742.1507498,1,0.05
140,211976132.07721952,236130203.96715993,1,0.05
160,193943759.27916124,237639127.483332,1,0.05
180,141497584.69755185,235185491.77504057,1,0.05
200,87951358.6962873,234014283.8100465,1,0.05
220,67420516.38875026,234543884.77086627,1,0.05
240,95827116.30461054,236446544.8660693,1,0.05
260,158802960.3814923,236894909.77689964,1,0.05
280,205921838.2973036,237122361.20874992,1,0.05
300,211293602.97080976,237136455.30982208,1,0.05
320,214048427.7356348,239238810.9409148,1,0.05
340,206396445.1911805,239453876.4362377,1,0.05
360,178961497.17180505,237853709.22609803,1,0.05
380,142292475.57017136,238782442.71271056,1,0.05
400,81726462.13792841,237113489.51715535,1,0.05
420,66200856.650039926,235865547.61999345,1,0.05
440,101309599.19321854,238258429.29057515,1,0.05
460,137610876.92947623,236388241.5467789,1,0.05
480,156184721.69022912,237126422.27051568,1,0.05
500,158280072.75197628,236268757.7934492,1,0.05
520,176437243.54160577,233627077.6901801,1,0.05
540,178962629.6366292,237739313.42314085,1,0.05
560,179920292.22523135,232175835.32788032,1,0.05
580,190969602.29705817,231925060.63109535,1,0.05
600,197480043.34327295,233720739.49948192,1,0.05
620,199973762.37834868,231660565.0877413,1,0.05
640,207821477.2837789,236106055.85861915,1,0.05
660,215476996.61809337,236961114.2150477,1,0.05
680,219189819.30140656,235771446.8196934,1,0.05
700,212601449.62292436,235187241.05490983,1,0.05
720,194114636.00872323,233304420.21554732,1,0.05
740,183871390.0132875,233579800.3761222,1,0.05
760,178649449.1655803,229732455.509508,1,0.05
780,181483300.37998855,230636744.4545613,1,0.05
0,74985908.1707534,74985908.1707534,1,0.03
20,52736209.2558464,228111104.26762983,1,0.03
40,43935351.14994058,226599353.1449564,1,0.03
60,51485901.140698,227398159.0503503,1,0.03
80,57709457.602408595,228030711.27647775,1,0.03
100,61855926.72705573,229379866.36711583,1,0.03
120,79991283.83721687,228370816.34170303,1,0.03
140,109114930.57188556,229627165.4080982,1,0.03
160,132119798.1371315,229908691.27876577,1,0.03
180,140268562.12482786,232422692.71014836,1,0.03
200,155540325.52686888,233034981.51682335,1,0.03
220,177909018.235133,233195236.19681877,1,0.03
240,192349448.4738078,234231080.60943204,1,0.03
260,193005318.26362833,234498648.9259779,1,0.03
280,182681906.283797,233079644.3169311,1,0.03
300,176000527.18870145,231457072.45126727,1,0.03
320,170462423.20926455,233139781.2917713,1,0.03
340,173356499.00034422,233334872.97652525,1,0.03
360,171385803.6121145,234329664.6603659,1,0.03
380,172441134.43144965,233578685.9440965,1,0.03
400,176169990.51032072,234469692.745107,1,0.03
420,170292541.30476934,234631368.39726588,1,0.03
440,142774520.02653646,233065380.4388661,1,0.03
460,105008006.76956645,233403107.6504421,1,0.03
480,72454322.51937065,232961515.87559965,1,0.03
500,48739454.11351848,233059371.85440543,1,0.03
520,32764281.441131085,231271852.99632,1,0.03
540,28817577.874242797,230315938.9551249,1,0.03
560,45598098.55728734,232832439.0232668,1,0.03
580,58063944.31620197,234681321.2895956,1,0.03
600,53066728.84078147,233065463.51935872,1,0.03
620,53727497.38788581,232520018.4475131,1,0.03
640,59576388.1657445,232450833.33527535,1,0.03
660,56532064.34212588,233425118.14000857,1,0.03
680,57408733.00999814,232468013.58653143,1,0.03
700,63668808.68921415,230314915.32642928,1,0.03
720,70699324.60176785,229094529.33614895,1,0.03
740,90757989.1307773,228473477.15475193,1,0.03
760,111409212.64874984,230519474.17941907,1,0.03
780,136791697.9432568,230650780.71870404,1,0.03
0,227267695.7448296,227267695.7448296,1,0.07
20,226664943.4984039,240507720.704153,1,0.07
40,218598670.47204548,239623791.89527875,1,0.07
60,212152324.13287777,236246887.4688827,1,0.07
80,200750437.92660588,236312070.36710343,1,0.07
100,204505379.22901452,237715676.04313263,1,0.07
120,198568230.1261434,237330890.99989265,1,0.07
140,203967385.6466533,236592451.13469452,1,0.07
160,203133426.84774867,235183594.36289385,1,0.07
180,223171341.00469545,238507168.08743665,1,0.07
200,228283772.26079565,237786432.2554708,1,0.07
220,208736737.5432627,235710408.8085881,1,0.07
240,202912609.88604817,237162858.69988063,1,0.07
260,206324186.97945225,235446153.7499177,1,0.07
280,225972629.70270473,240092317.74275503,1,0.07
300,231068188.31351417,240329748.48024476,1,0.07
320,225294051.48790017,237837372.14218616,1,0.07
340,220309503.59136215,237578425.64453447,1,0.07
360,213537005.42337137,239271783.62739888,1,0.07
380,188872451.3077653,237543476.3853446,1,0.07
400,188243599.6360884,240325698.75343403,1,0.07
420,215078079.08805537,240605372.01706696,1,0.07
440,224028222.54510808,240512238.32311967,1,0.07
460,217364906.8611376,235846651.1371675,1,0.07
480,192538782.9250099,231905932.67536715,1,0.07
500,192669642.21168312,235933764.3187123,1,0.07
520,207086603.86815244,239011485.85834533,1,0.07
540,210776364.28804597,234007794.6054813,1,0.07
560,212202996.72771567,231186282.30660367,1,0.07
580,196889660.7353293,224239907.9353367,1,0.07
600,206596833.16688228,227664029.1455449,1,0.07
620,198499004.32127076,229468625.01719353,1,0.07
640,142613868.79455173,228015861.0144292,1,0.07
660,78561424.2306008,234419328.83804983,1,0.07
680,141472710.21431187,240099077.686258,1,0.07
700,186715275.5126164,238882182.09000695,1,0.07
720,217529596.92253083,239145179.88514063,1,0.07
740,210299908.48245803,236753513.4093055,1,0.07
760,191784782.5926912,233523260.4289961,1,0.07
780,209345970.3124711,234194237.76177776,1,0.07
0,241718228.70074743,241718228.70074743,1,0.2
20,236432634.0461555,241863715.7702184,1,0.2
40,243437238.66848055,244173263.9129908,1,0.2
60,242909567.8713776,243741020.2774388,1,0.2
80,239958991.73755956,242450219.3196864,1,0.2
100,241126097.81119105,241394438.70940328,1,0.2
120,242279184.3954705,243300876.50069603,1,0.2
140,238643758.8022051,241435209.73119625,1,0.2
160,242175228.829036,243546020.32632965,1,0.2
180,242978482.02512175,243567835.53716537,1,0.2
200,243756311.6051173,244241339.451558,1,0.2
220,243236530.8756916,244176344.9246437,1,0.2
240,242408964.75624064,243952944.97411975,1,0.2
260,241608902.2216804,243756333.5154761,1,0.2
280,243120410.80320156,243681195.9328307,1,0.2
300,244085123.16372752,244241647.81899905,1,0.2
320,242864630.66556543,244824183.8901983,1,0.2
340,241598649.8555141,242018440.89298913,1,0.2
360,242217774.24749872,243598866.25544816,1,0.2
380,242919292.6621982,243794822.9808183,1,0.2
400,236870535.4449044,242494425.12977383,1,0.2
420,238998608.2408668,240852837.0945649,1,0.2
440,240516657.09784308,242648141.83268604,1,0.2
460,238881269.7873963,241986328.4021738,1,0.2
480,239984356.62135,244071275.9920262,1,0.2
500,242099975.96347895,243569100.17914465,1,0.2
520,238314110.70388275,243481691.68727708,1,0.2
540,241275052.3996621,243815591.8011867,1,0.2
560,237686704.1566519,239155970.79843488,1,0.2
580,243189961.22106743,244301417.70653072,1,0.2
600,243117135.73963308,243282612.14459056,1,0.2
620,240012100.22701344,241862069.4215912,1,0.2
640,242157296.63544077,243854429.36111027,1,0.2
660,243595659.8667607,244202315.66782987,1,0.2
680,243581572.8454117,244177599.88560385,1,0.2
700,242279433.7946782,244069713.09908915,1,0.2
720,240314883.96453777,242337254.32909465,1,0.2
740,239779658.46934697,242603488.1457434,1,0.2
760,240363996.45755756,241134567.15006113,1,0.2
780,239747713.71739012,243810499.56067085,1,0.2
0,38976949.62300199,38976949.62300199,1,0.01
20,35639497.62412096,211344910.70468515,1,0.01
40,32384878.141652443,216488050.5073868,1,0.01
60,29016427.711132977,215468799.456797,1,0.01
80,25773479.380684756,217289413.94103432,1,0.01
100,21625474.508782446,215123985.09811324,1,0.01
120,18726625.994477384,217047303.4520518,1,0.01
140,19301530.615514528,215779210.68870533,1,0.01
160,18813986.122692823,215038923.65617096,1,0.01
180,17503510.27350966,215189308.8134653,1,0.01
200,15868377.77487988,213774819.69728172,1,0.01
220,13906354.66278391,216202727.73092264,1,0.01
240,12432439.23865296,215193502.57101983,1,0.01
260,13410500.942627188,215752684.79993564,1,0.01
280,14277690.10904567,218909015.22617465,1,0.01
300,15424983.16902976,221544025.025848,1,0.01
320,16902595.67798222,223013873.01810104,1,0.01
340,18835318.420775153,221904962.55993336,1,0.01
360,20156441.654638108,220771732.58171865,1,0.01
380,21080965.264314853,221419045.21817797,1,0.01
400,22335894.250614863,221869095.14759663,1,0.01
420,22126400.060359236,221197797.42871255,1,0.01
440,21745874.036045805,219916881.07107052,1,0.01
460,19916712.244499795,222459053.32889253,1,0.01
480,17276554.753918342,222159396.44042215,1,0.01
500,15497055.36727611,221238451.9624603,1,0.01
520,15160166.141888715,222961757.59475636,1,0.01
540,15413839.497848991,222801246.5991875,1,0.01
560,15187941.66812971,223347223.83625245,1,0.01
580,15780557.894895596,221420218.41520175,1,0.01
600,17973051.569837384,220114571.32226032,1,0.01
620,19902721.877898265,216405511.9673275,1,0.01
640,20559329.48204181,216342732.32362717,1,0.01
660,20710559.11611322,216979723.4579839,1,0.01
680,20149630.1205812,216048342.4830821,1,0.01
700,19732993.000983145,217361895.69187364,1,0.01
720,19784287.97792366,217636624.45727175,1,0.01
740,19323895.109818816,218903818.487158,1,0.01
760,17821720.08801482,219812623.34702197,1,0.01
780,18235621.990866773,220919647.60488853,1,0.01
0,166333923.9533076,166333923.9533076,1,0.05
20,194530191.0203077,238156774.5043456,1,0.05
40,186290885.22045845,237981358.2927775,1,0.05
60,201639013.27898812,237499694.25746027,1,0.05
80,222026258.54588613,239540382.60218525,1,0.05
100,224132171.10904688,239498641.12002844,1,0.05
120,221003305.30766648,240047845.2466849,1,0.05
140,201734500.84125897,233229017.4016046,1,0.05
160,164971677.24527806,226046030.5332273,1,0.05
180,129981538.06063698,219188369.60229257,1,0.05
200,107331397.27745327,227105212.1399061,1,0.05
220,94038605.5531862,235236879.90175205,1,0.05
240,76334977.60814515,230471547.67229187,1,0.05
260,88899701.62182519,229896477.9761026,1,0.05
280,125915730.20200342,234452787.75477943,1,0.05
300,173886179.11991692,235378654.97523537,1,0.05
320,193054134.86851177,236638722.84156585,1,0.05
340,190024817.74363264,238122179.416399,1,0.05
360,185793802.49033263,237909422.548046,1,0.05
380,180811391.6674271,235786057.39373493,1,0.05
400,189082977.07993495,237690377.87992132,1,0.05
420,201533383.36040676,237761110.37515223,1,0.05
440,208689475.6479295,235379707.9784363,1,0.05
460,207759895.7122324,235804507.7565146,1,0.05
480,195227669.66949263,234770268.52752596,1,0.05
500,171538684.26668295,233944992.00705928,1,0.05
520,149287664.37391746,235616101.0245728,1,0.05
540,134775022.31305373,237144940.14872128,1,0.05
560,146106616.3122648,235609962.33835644,1,0.05
580,186139219.31954923,235345037.3430009,1,0.05
600,165498998.59813488,232261004.523265,1,0.05
620,158323918.88989145,229265000.88450527,1,0.05
640,153851509.5842155,233151199.10244888,1,0.05
660,173304574.14163172,235033446.80421007,1,0.05
680,163163801.69297022,238278284.50021312,1,0.05
700,186477236.65372187,231762451.2294302,1,0.05
720,181249790.793861,231619767.3315369,1,0.05
740,185314098.58336672,236111545.55216444,1,0.05
760,207762621.1207496,233344519.55861384,1,0.05
780,192769731.7130962,235721964.15777975,1,0.05
0,146684396.18340343,146684396.18340343,1,0.03
20,152593429.0769112,236036872.57859465,1,0.03
40,161533118.67015848,235291810.02655596,1,0.03
60,134770801.68039986,233210128.60938656,1,0.03
80,98405123.71024267,229728369.7373653,1,0.03
100,78857047.8179519,228892102.27666873,1,0.03
120,76031964.54838628,229924050.4401504,1,0.03
140,83299314.6183111,226375001.41637272,1,0.03
160,80120546.91229056,226908883.78341,1,0.03
180,76153971.76168314,229060649.2974009,1,0.03
200,70149161.1455323,229582737.93681473,1,0.03
220,64753379.89375752,225632434.5945113,1,0.03
240,59754991.06060274,224079098.88921452,1,0.03
260,56647070.40571317,227960462.2156731,1,0.03
280,60972543.68203433,231957928.5747972,1,0.03
300,69506716.85474798,232184087.70450443,1,0.03
320,65869842.05030851,228800543.31749564,1,0.03
340,55319796.823440745,232995489.45666116,1,0.03
360,55208855.42858556,232799781.02963436,1,0.03
380,66579293.459688336,233867394.166107,1,0.03
400,70428909.50449838,232298548.2968836,1,0.03
420,67143152.44209513,232074921.92650375,1,0.03
440,73881935.44227655,229856645.17855167,1,0.03
460,89666332.41575557,227130418.9924943,1,0.03
480,64846625.75093423,218858296.4198082,1,0.03
500,41216654.427229054,220878699.07429713,1,0.03
520,44872489.15999749,221663845.94959703,1,0.03
540,75229643.82809332,221860093.1338235,1,0.03
560,63966638.87594113,224310104.7057383,1,0.03
580,45156268.87636694,229191878.7352782,1,0.03
600,61250316.47328702,230900495.1690057,1,0.03
620,88489542.91212983,230996949.36718968,1,0.03
640,101012757.19164668,230833836.73342976,1,0.03
660,94618415.75821193,230512904.17701983,1,0.03
680,117084027.9397304,234414094.32789105,1,0.03
700,142624729.5345347,232250663.56768173,1,0.03
720,139222541.0364032,231657885.5658193,1,0.03
740,146360352.36573464,231775162.3396643,1,0.03
760,133279072.09263654,231068266.03852057,1,0.03
780,102811629.08578137,228843109.32661325,1,0.03
0,180365621.5548117,180365621.5548117,1,0.07
20,203529446.1500454,241381269.15535292,1,0.07
40,223979472.55021325,240195210.27943003,1,0.07
60,229097180.7536931,239800987.46622825,1,0.07
80,229328057.7524569,237581611.13822216,1,0.07
100,212840821.12561575,236447763.65236455,1,0.07
120,191408123.2101184,235771653.9915993,1,0.07
140,187865281.71517223,234057683.9327501,1,0.07
160,189709236.86714277,235743022.61343983,1,0.07
180,207166404.4608299,235481485.23235232,1,0.07
200,220323647.68766993,239909162.04698253,1,0.07
220,215771996.69842803,237949315.74506044,1,0.07
240,211292422.49469575,238873212.57885417,1,0.07
260,215154964.54129064,238081840.65937313,1,0.07
280,196698288.0446365,230915963.3933144,1,0.07
300,188868252.9659024,232033810.62514615,1,0.07
320,187468235.72200757,228678231.40402603,1,0.07
340,185231248.0058332,238232120.52014175,1,0.07
360,185187020.1632827,237219488.2316318,1,0.07
380,206465587.1552724,240681686.96562025,1,0.07
400,215905933.40243304,240769269.2597746,1,0.07
420,224384029.41174316,240134681.5800816,1,0.07
440,226546215.7583201,238818902.2313453,1,0.07
460,226038766.24948543,239802961.1360484,1,0.07
480,219957232.61139107,237978051.16895697,1,0.07
500,218303034.63004923,235845029.71982616,1,0.07
520,212321131.0338291,238573478.98154712,1,0.07
540,224004111.75164777,239157892.78324503,1,0.07
560,220913552.81244847,238399265.2299783,1,0.07
580,225026545.8889462,238850615.58421665,1,0.07
600,227212035.80811116,239623474.57796612,1,0.07
620,219675319.72653773,238785897.7524335,1,0.07
640,222130605.39511508,239080609.1799389,1,0.07
660,218931741.1036179,239902124.21933985,1,0.07
680,221268111.18657663,239211111.39863163,1,0.07
700,214138720.0696332,239022250.455265,1,0.07
720,217648143.52009377,235773007.47452247,1,0.07
740,215283098.65920076,234871006.31343225,1,0.07
760,229391635.44658965,237996787.9563924,1,0.07
780,222983870.7836482,237879317.83829576,1,0.07
0,242732933.325567,242732933.325567,1,0.2
20,240811429.8629499,241967417.014867,1,0.2
40,241616067.2589211,244000008.4411273,1,0.2
60,242351061.91734037,243126937.47915635,1,0.2
80,239896335.2772491,241730358.9831784,1,0.2
100,242652336.9118821,244808512.75350165,1,0.2
120,241806579.9404884,243381960.7013493,1,0.2
140,233812293.85944027,242981009.32889783,1,0.2
160,241606693.27349415,244331268.0385373,1,0.2
180,241436026.3342241,241912711.4116896,1,0.2
200,243270786.3936644,244573689.30267668,1,0.2
220,243765121.61991212,244516131.85138416,1,0.2
240,242684908.5439858,242484247.1457092,1,0.2
260,242682131.0179789,244294222.03326777,1,0.2
280,240531149.18710047,243384420.13682768,1,0.2
300,240801489.7416826,242707153.12723333,1,0.2
320,242652272.03833836,243612444.2827471,1,0.2
340,237422412.7867501,242528552.60501072,1,0.2
360,239246642.89940453,242109973.1322829,1,0.2
380,242556923.21503532,244254550.94065785,1,0.2
400,241133127.73063424,242574695.86072487,1,0.2
420,237996651.69406676,242006838.20282853,1,0.2
440,236970594.07942903,240466556.72869277,1,0.2
460,240427662.9449104,243444851.12392777,1,0.2
480,242500830.39458144,244074148.66876575,1,0.2
500,242600823.1877313,243672409.0635802,1,0.2
520,239055805.8714683,240492832.26971304,1,0.2
540,240228549.43887377,243273680.5014201,1,0.2
560,240621084.07957804,242681735.10055563,1,0.2
580,237157103.43213373,241730662.76592052,1,0.2
600,237591928.865048,240459324.63132343,1,0.2
620,243223223.16020483,242499181.95286965,1,0.2
640,235736846.35784563,238740074.2412089,1,0.2
660,241881732.23928455,243287573.855097,1,0.2
680,241809057.88298476,242686554.45762596,1,0.2
700,242518942.73328692,243499119.79437703,1,0.2
720,243213554.70488816,244107434.7452283,1,0.2
740,240822701.99722537,242829464.3258276,1,0.2
760,242753289.26729447,242291092.95057276,1,0.2
780,239959799.74312463,241976334.91931927,1,0.2
0,95726000.07780948,95726000.07780948,2,0.01
20,90722045.5101912,307149104.7725574,2,0.01
40,87216974.13337392,308268776.454532,2,0.01
60,87268440.72127844,308103012.71539295,2,0.01
80,86832771.4307662,308480412.9368544,2,0.01
100,85844607.06874768,307479137.6020434,2,0.01
120,78962843.65504716,307055649.8151135,2,0.01
140,73001455.07905018,305179537.57318926,2,0.01
160,70409964.01858297,305745155.0374662,2,0.01
180,66381011.27516084,306666212.5997455,2,0.01
200,61721952.59022795,305316595.40330887,2,0.01
220,58609705.57645206,306249300.9077692,2,0.01
240,56738366.9133669,305910355.6754787,2,0.01
260,56015449.56292748,304899149.65866184,2,0.01
280,54375371.540091515,305582948.29441094,2,0.01
300,51932543.45798206,303837598.01646477,2,0.01
320,52997432.58140891,302957603.679324,2,0.01
340,58229791.685516454,302375110.8316597,2,0.01
360,63199847.96905464,301721188.5571122,2,0.01
380,67153174.00963467,301168865.92167825,2,0.01
400,70629045.19317731,303011263.0795764,2,0.01
420,74504049.16346163,304803510.58225065,2,0.01
440,78442488.86646503,305549115.7684858,2,0.01
460,83353274.282723,307808583.5371173,2,0.01
480,91010880.90818413,307306032.45310867,2,0.01
500,98258061.33980152,307022141.466075,2,0.01
520,104011410.81730376,307249324.1548827,2,0.01
540,104967836.11942028,306692797.49871224,2,0.01
560,104302901.48476572,306771278.2747647,2,0.01
580,100161966.7428686,307219706.0877293,2,0.01
600,94507735.06599888,304060678.85807407,2,0.01
620,89708459.4266992,305264177.4153999,2,0.01
640,88894057.27194297,303304710.82297546,2,0.01
660,88811582.07270381,303079786.10676605,2,0.01
680,84938016.62249568,302832193.92898107,2,0.01
700,78146945.01965278,303390869.2270926,2,0.01
720,70825837.05292612,302995008.15973926,2,0.01
740,68432511.03331006,303169371.2467803,2,0.01
760,73125041.7829077,306420702.20636004,2,0.01
780,79561617.88394739,305790657.89124155,2,0.01
0,301756888.66571295,301756888.66571295,2,0.05
20,301236426.4354027,325557676.0063337,2,0.05
40,299917689.5903995,324075416.22507536,2,0.05
60,286547529.629586,322407050.9737554,2,0.05
80,287892053.5663932,324306863.88552415,2,0.05
100,281089204.4809837,324278531.32530963,2,0.05
120,277185004.000017,322445026.7067404,2,0.05
140,274802315.56870013,326222368.79214597,2,0.05
160,260092554.78090623,325312387.7283053,2,0.05
180,271499307.2735322,319837841.8966949,2,0.05
200,283076533.8240045,323935353.62878275,2,0.05
220,280061684.4741948,322410259.60965776,2,0.05
240,287408554.96818006,324181369.59331167,2,0.05
260,282224052.0311831,320612581.2708356,2,0.05
280,273372350.3419982,323365228.16493964,2,0.05
300,281087425.3746492,328363137.2913797,2,0.05
320,268308854.34423453,320215368.1487152,2,0.05
340,269836677.8812294,322618054.54176533,2,0.05
360,272480805.42398274,326791464.7788847,2,0.05
380,271107420.500093,322166588.32701033,2,0.05
400,268668320.13052386,322035888.18452185,2,0.05
420,290874512.7994094,325137234.5201317,2,0.05
440,290514017.51999706,324516511.31243765,2,0.05
460,295416016.8213217,325094279.31895757,2,0.05
480,290745382.79929876,323796507.19462776,2,0.05
500,295416717.13421226,326619915.3251257,2,0.05
520,302856696.8643694,325676474.3358426,2,0.05
540,299773686.6225145,323037833.60821426,2,0.05
560,307554170.6713656,326646140.64651644,2,0.05
580,304245658.5077318,324924939.522079,2,0.05
600,303866550.4329877,324048062.0331194,2,0.05
620,297620523.3798384,323241886.07596576,2,0.05
640,305635461.02222246,327296460.1039823,2,0.05
660,289669778.16951144,326084666.0094962,2,0.05
680,299390255.34523845,325394497.18754065,2,0.05
700,304514472.70404965,326897005.7240623,2,0.05
720,295146378.8714982,325408077.0766838,2,0.05
740,311320831.1278884,327038072.962147,2,0.05
760,312047679.3208116,323799979.3461906,2,0.05
780,309560445.14265394,325483523.4707363,2,0.05
0,248821047.3265999,248821047.3265999,2,0.03
20,236131065.74589923,318204185.6316333,2,0.03
40,244431388.52341455,319706568.91456443,2,0.03
60,236303131.05468148,321163142.7442634,2,0.03
80,225850465.46698797,321866415.3280387,2,0.03
100,226713248.37649313,321215922.33986026,2,0.03
120,235680095.95854515,319799210.83033425,2,0.03
140,240264915.32130647,320390407.87325597,2,0.03
160,247080289.54215145,320070292.89837337,2,0.03
180,249678278.66443464,322358782.4287838,2,0.03
200,241118689.85410455,324055495.1993098,2,0.03
220,248085273.41732132,325158718.34370744,2,0.03
240,267515774.48248425,324215472.05877054,2,0.03
260,286873363.27366996,323108768.148437,2,0.03
280,295270061.9861164,324726468.43482435,2,0.03
300,293594755.5857194,324731495.98602647,2,0.03
320,289813608.96239835,322565551.51480687,2,0.03
340,287149676.225596,321052333.2720754,2,0.03
360,287438040.0453558,322209520.0016943,2,0.03
380,285969114.8408031,322484540.02426684,2,0.03
400,277508399.5704476,320906690.9402169,2,0.03
420,280767043.7359047,321543051.56666654,2,0.03
440,283821440.46569616,321530394.7745123,2,0.03
460,291003902.8381804,322750001.64962804,2,0.03
480,288830673.81133544,323358504.4136312,2,0.03
500,282065172.9846839,322315765.2325902,2,0.03
520,277463932.8167794,320325566.3390788,2,0.03
540,275042909.1585071,321930362.2493695,2,0.03
560,279859595.38976604,324427452.46226966,2,0.03
580,291463847.9923648,324197189.722208,2,0.03
600,289475333.2760767,320382990.5798841,2,0.03
620,269329290.96059686,320212451.31411994,2,0.03
640,277219081.8830186,322722763.3834182,2,0.03
660,289711391.6043313,325115260.3699956,2,0.03
680,291603367.9399721,323851629.59869236,2,0.03
700,280164268.594871,321499595.2565435,2,0.03
720,277974313.5003071,322797994.57896185,2,0.03
740,288589747.97868025,323095652.0631162,2,0.03
760,290862015.1567777,322037294.20795506,2,0.03
780,275663722.19032747,320628819.57831866,2,0.03
0,320650705.80687934,320650705.80687934,2,0.07
20,315196921.61591935,325271578.1748239,2,0.07
40,323204191.20439506,328372847.1738676,2,0.07
60,322385749.824037,326811145.2706058,2,0.07
80,324623335.23927045,329619947.5131685,2,0.07
100,318580998.1632889,329589971.92909133,2,0.07
120,321385788.1851855,329142536.9593912,2,0.07
140,316979088.2129538,325174518.8467152,2,0.07
160,293239517.99565196,324030444.4591882,2,0.07
180,300834200.6946833,326481597.629672,2,0.07
200,290678203.0893341,324855477.12734026,2,0.07
220,300865227.85208654,326432361.3049159,2,0.07
240,302414554.516114,322902528.5549344,2,0.07
260,305570672.67808396,326988519.75799394,2,0.07
280,313899227.43106747,327872694.11032856,2,0.07
300,305155968.26285404,326287403.6274978,2,0.07
320,314557194.88277996,326586060.29763687,2,0.07
340,315532374.5532118,328194959.1829828,2,0.07
360,309424007.89345944,328978670.1150033,2,0.07
380,321429117.25648516,329220579.80950046,2,0.07
400,318192303.4580712,329312726.03041863,2,0.07
420,324176633.43905216,331426773.9248408,2,0.07
440,324607691.87704515,329340143.5414641,2,0.07
460,324170143.9598876,326871509.28541267,2,0.07
480,322883838.10346675,328861846.26884824,2,0.07
500,318984350.12054026,326931063.05165845,2,0.07
520,319787453.0582412,329195795.8288503,2,0.07
540,321470624.43165827,329408233.770082,2,0.07
560,323246967.86876845,328100459.62952214,2,0.07
580,319764552.25312066,330295007.1665492,2,0.07
600,314291178.50563127,326062626.089146,2,0.07
620,314025740.82382894,327523469.7323701,2,0.07
640,313595638.21267927,326800321.1935488,2,0.07
660,304418098.85887194,325458070.17281926,2,0.07
680,303898151.05346185,326957623.4390228,2,0.07
700,297632577.19458854,323461607.53267974,2,0.07
720,295295407.74056435,326204099.1440501,2,0.07
740,310750119.68797773,325867661.9220784,2,0.07
760,307343314.82959485,329422041.8878374,2,0.07
780,321612385.0182684,330876789.74658334,2,0.07
0,331004018.25130415,331004018.25130415,2,0.2
20,333992567.09572464,333294776.23180485,2,0.2
40,327269302.7697895,331783610.27877647,2,0.2
60,328097884.7759687,332412971.2398777,2,0.2
80,333312640.17711043,333363757.5921709,2,0.2
100,332752775.578913,333051145.8405715,2,0.2
120,332222145.3976946,333126203.93914294,2,0.2
140,329749790.4516645,332707228.2615094,2,0.2
160,330976666.14885104,332595928.8392024,2,0.2
180,333274604.3079438,334149790.43593365,2,0.2
200,334927736.22217304,334365872.6525113,2,0.2
220,334553219.76631606,333549948.0669543,2,0.2
240,333235769.6202115,333885405.3397893,2,0.2
260,332095324.24544716,330971499.50993973,2,0.2
280,334306216.3865083,334199425.3364792,2,0.2
300,332497298.4055109,332595543.978733,2,0.2
320,331981424.1261788,332911920.68240607,2,0.2
340,328061093.61497915,331779446.68957317,2,0.2
360,329151947.6349195,332045856.8465347,2,0.2
380,334502605.09960717,333388890.8539026,2,0.2
400,332867624.31470275,332186413.91283256,2,0.2
420,331686656.1745182,333625638.4155599,2,0.2
440,326505376.14380914,330393805.3495928,2,0.2
460,329138289.1861251,333277659.05792767,2,0.2
480,329866919.6839272,332926718.6984533,2,0.2
500,325319532.4371897,332204476.6218272,2,0.2
520,326898095.9806224,331544104.50633657,2,0.2
540,323853639.6346373,332476564.3964175,2,0.2
560,327722551.78098977,333310370.692606,2,0.2
580,331386916.2331458,332579255.61597484,2,0.2
600,332125985.8127362,333799763.539654,2,0.2
620,333490081.7128923,332934407.9783969,2,0.2
640,330940206.06513,331005155.6591471,2,0.2
660,329023315.32868195,333486055.27951574,2,0.2
680,328757731.307207,331504509.6588253,2,0.2
700,323563388.60081166,331981325.05807155,2,0.2
720,332725739.17380345,333993429.3684049,2,0.2
740,327024096.06508636,328203319.1150804,2,0.2
760,328364210.4085604,331911969.00990415,2,0.2
780,323083957.64653665,329598356.3508731,2,0.2
0,96687550.38891864,96687550.38891864,2,0.01
20,96966099.08624564,301987233.5005246,2,0.01
40,97719119.85130852,301353583.6690811,2,0.01
60,96888364.3771959,299250468.7122785,2,0.01
80,93951208.60200912,300579640.5349394,2,0.01
100,87517644.1082452,299245041.7962669,2,0.01
120,84783834.31183097,301681039.781365,2,0.01
140,84797982.78753756,301197159.50551194,2,0.01
160,83537884.47063097,304131675.52862465,2,0.01
180,85020399.8697882,304647363.8828702,2,0.01
200,87822237.21132283,303369583.8852273,2,0.01
220,90718558.82061122,300403245.9340625,2,0.01
240,92505445.76850322,302052932.6027396,2,0.01
260,90822814.53362869,300549346.20856,2,0.01
280,83883502.79534869,299417570.3056899,2,0.01
300,76079826.46100518,299460084.7588718,2,0.01
320,73008407.3179131,296966043.46273136,2,0.01
340,73091088.24533144,300843345.68792635,2,0.01
360,68454542.93584906,302648125.7277069,2,0.01
380,66330105.50756757,303107067.6456497,2,0.01
400,65840321.737022676,306670081.6273361,2,0.01
420,67770874.07520522,305878051.50518805,2,0.01
440,75275714.72527093,304677580.8292978,2,0.01
460,81689233.44576776,302955111.62925756,2,0.01
480,87590504.78318445,303888406.8530849,2,0.01
500,94878248.78056788,302843363.16892177,2,0.01
520,95810113.26297002,303292215.5864193,2,0.01
540,92358606.5412455,304674719.0804828,2,0.01
560,84033399.2826096,303181067.4335072,2,0.01
580,74440647.99585874,304012574.01499313,2,0.01
600,67636592.17382431,301876117.43499625,2,0.01
620,66151707.51580123,301870884.27163017,2,0.01
640,66323326.79611777,301588083.8448013,2,0.01
660,67866219.87193903,298537466.4580173,2,0.01
680,71466941.24675167,299114273.00978017,2,0.01
700,72562796.42898217,300006751.319378,2,0.01
720,71775424.49471608,298060348.2864125,2,0.01
740,71427640.69215474,299083840.04151976,2,0.01
760,68176123.9923728,297799376.8973143,2,0.01
780,67317397.89887902,298415162.0116353,2,0.01
0,304664828.7426316,304664828.7426316,2,0.05
20,295546305.1279541,324622560.1276939,2,0.05
40,305068464.73096585,326143448.7265132,2,0.05
60,301259768.50888777,325729198.10529137,2,0.05
80,308721532.0144244,324854087.20478296,2,0.05
100,303196852.12105966,325687453.82437116,2,0.05
120,315236883.9177501,326394305.6562012,2,0.05
140,308390068.92006344,325917898.9823196,2,0.05
160,309895072.6114506,327017303.77979267,2,0.05
180,313478717.5759946,327962021.3929442,2,0.05
200,301489422.142452,325594379.38726974,2,0.05
220,297226170.2546225,325846026.8835379,2,0.05
240,281866198.6672017,327279152.8786174,2,0.05
260,285953154.7880653,324005438.26915073,2,0.05
280,282208286.112924,326444664.55549085,2,0.05
300,278673971.1522062,326355096.7045135,2,0.05
320,287851281.99931955,325467364.96881825,2,0.05
340,287318698.92854726,321781310.9794009,2,0.05
360,268593817.730289,323511503.24811196,2,0.05
380,258077262.1193444,319553582.29678303,2,0.05
400,271290715.6485621,318954257.7170277,2,0.05
420,282841333.0654725,322975785.8501894,2,0.05
440,279708016.5744668,325259238.8397443,2,0.05
460,289042803.19525385,327462947.1238929,2,0.05
480,277191621.34329414,327241885.4951954,2,0.05
500,274027641.6919575,326434407.7640636,2,0.05
520,279460819.19921625,327073382.80735165,2,0.05
540,279310756.62138605,321789834.30233645,2,0.05
560,280044426.7754439,326024215.80370843,2,0.05
580,301259276.6529621,323083388.1118032,2,0.05
600,297556955.0597192,323130541.87796843,2,0.05
620,298509721.1381762,326948635.0208966,2,0.05
640,299755260.21814287,323880653.51533574,2,0.05
660,293498829.8103759,322794371.086251,2,0.05
680,310090564.892236,325101318.3388348,2,0.05
700,301262142.66163945,325290725.3670307,2,0.05
720,288378931.4735429,323215899.0559731,2,0.05
740,301078790.0298282,324108727.1023354,2,0.05
760,302095361.66412497,323251127.7611835,2,0.05
780,292986818.3230451,323261697.13807034,2,0.05
0,172538811.28324947,172538811.28324947,2,0.03
20,187219905.94037864,320530500.9716526,2,0.03
40,215494803.7507732,321380459.4019433,2,0.03
60,243427937.9443189,321546880.2901523,2,0.03
80,259632114.11780024,321948528.33847076,2,0.03
100,276667923.2320323,319213953.3664135,2,0.03
120,277011912.7489925,319775348.8295958,2,0.03
140,266628188.36593497,322594538.10235715,2,0.03
160,265050814.04170352,320450324.0559716,2,0.03
180,272375772.46767545,320516699.2039808,2,0.03
200,275305564.37988037,320987871.5740831,2,0.03
220,276918907.1955066,321565708.5145721,2,0.03
240,272121447.0197887,320963576.1402235,2,0.03
260,269961858.89230204,315307524.57882917,2,0.03
280,271804716.0861785,317056316.27372754,2,0.03
300,273524781.5882015,321448623.0561439,2,0.03
320,272758142.74878156,324721081.10013163,2,0.03
340,273454224.5829193,322191324.93551445,2,0.03
360,255958109.05288765,317888059.8608641,2,0.03
380,253238047.07427615,319814611.3505723,2,0.03
400,261226751.94647568,322430449.4606464,2,0.03
420,260091116.06540817,323330255.68395555,2,0.03
440,254983587.0432572,322571678.2988349,2,0.03
460,248579226.6150555,321537057.68248534,2,0.03
480,252878560.6159072,321047448.9470788,2,0.03
500,257211907.39903072,321499205.3983751,2,0.03
520,232036167.23988712,321629899.93950653,2,0.03
540,236131764.78494567,319209675.54411745,2,0.03
560,244876019.7027468,317146355.6544478,2,0.03
580,237200726.4484648,319836632.6589541,2,0.03
600,226755986.6539409,320923140.7682832,2,0.03
620,229719650.20301473,321044005.0326415,2,0.03
640,227973111.79240543,321263396.86385876,2,0.03
660,227902786.23891693,322196116.81547374,2,0.03
680,244878492.66651523,323333275.5245137,2,0.03
700,250031227.4156497,321856262.25915587,2,0.03
720,259769905.6016096,320881330.19127595,2,0.03
740,268962211.7674899,320386366.32807297,2,0.03
760,271058753.17994046,322852743.3707975,2,0.03
780,267721906.76119593,320125620.1994693,2,0.03
0,306791883.1621038,306791883.1621038,2,0.07
20,303833541.2943175,329878219.40840054,2,0.07
40,307040094.3915295,323371567.2942569,2,0.07
60,317813015.30627644,329089512.7690712,2,0.07
80,320770734.3170398,326353206.05261797,2,0.07
100,324168676.917515,329479045.4898026,2,0.07
120,316453551.0575017,325865171.4643806,2,0.07
140,321783319.33542985,329028863.60162574,2,0.07
160,315454316.03843355,326930024.36079586,2,0.07
180,311684480.80538714,327452498.0300706,2,0.07
200,313828518.1868455,329681187.88312125,2,0.07
220,304000962.85161144,326646186.9029988,2,0.07
240,314782956.8066855,327565930.1059452,2,0.07
260,311442738.47067034,327954249.19504917,2,0.07
280,316225248.06343174,323599148.93096364,2,0.07
300,320792175.07293713,326629388.6097628,2,0.07
320,313841178.54168475,326054812.7613884,2,0.07
340,322568866.42243934,325811015.7958019,2,0.07
360,320373902.69437474,328905056.1458647,2,0.07
380,315635610.1214761,323100625.8003669,2,0.07
400,319866909.6960517,328710283.19256735,2,0.07
420,311863957.7967656,324082032.5032022,2,0.07
440,318864916.81760466,328051939.3032923,2,0.07
460,317101384.488012,328500651.04013526,2,0.07
480,316803632.55175304,327459729.79685664,2,0.07
500,309943647.5759916,327564631.7550021,2,0.07
520,313734630.52749395,326419420.1011662,2,0.07
540,307125294.45146626,324958470.6269531,2,0.07
560,319216104.2193496,325015433.14232445,2,0.07
580,305199718.5130333,327683215.46879613,2,0.07
600,317930478.5731429,328339443.9076997,2,0.07
620,309769320.6211921,324258394.0911043,2,0.07
640,323213245.1237472,327693761.55423534,2,0.07
660,310419187.27778256,329064871.83984387,2,0.07
680,315440365.51745284,325853345.1040311,2,0.07
700,313091722.2076527,329572206.4975711,2,0.07
720,311425835.8085217,321960167.09241754,2,0.07
740,317126463.48546493,329721083.30946165,2,0.07
760,320941268.5662206,329055617.803071,2,0.07
780,322145876.72129774,330292081.3067018,2,0.07
0,333026501.41166794,333026501.41166794,2,0.2
20,325791239.0840918,330304036.33067757,2,0.2
40,332047373.60432154,333790132.9183848,2,0.2
60,329955523.9883728,331195986.79717153,2,0.2
80,330982699.9774526,334150092.9992084,2,0.2
100,327587938.8194924,332693351.1449355,2,0.2
120,333338565.1030843,334165807.3336336,2,0.2
140,333685707.1366551,332474833.1212604,2,0.2
160,332241911.89676887,332964931.40314513,2,0.2
180,333679499.02351135,333034364.8877448,2,0.2
200,333028830.36243784,332001788.9045053,2,0.2
220,326921395.2882695,331774695.62689286,2,0.2
240,330495450.9142684,334334916.1474596,2,0.2
260,331394980.3052509,331013695.8874866,2,0.2
280,324219781.82788944,330689500.19664705,2,0.2
300,325623457.3399166,330868424.0234486,2,0.2
320,324805917.6488552,331909013.7492048,2,0.2
340,327729080.2313535,332739399.3732623,2,0.2
360,330678230.3045579,332902991.5469806,2,0.2
380,328264431.72830933,329452088.6905148,2,0.2
400,328022879.00189435,333063077.7959894,2,0.2
420,331219549.2907537,332779313.8399354,2,0.2
440,328031732.46517295,330874012.2072518,2,0.2
460,331540220.71787024,333202391.5962409,2,0.2
480,326903650.34616053,330831479.64236516,2,0.2
500,331584262.5942952,334177823.59450704,2,0.2
520,329199463.9590801,332394891.4818963,2,0.2
540,332465056.8308167,331968533.6609174,2,0.2
560,327234733.6011573,331393014.801139,2,0.2
580,328334234.742514,332761379.97336245,2,0.2
600,332995358.228083,334535412.0793767,2,0.2
620,329865310.0327339,331977462.41813576,2,0.2
640,330260397.4673057,333857914.06339926,2,0.2
660,333551968.66794235,333425680.6136842,2,0.2
680,333153445.42309225,332755762.0683275,2,0.2
700,331099353.9820636,333472664.2986461,2,0.2
720,332188122.8460289,333836809.8701823,2,0.2
740,332881412.62697554,332984481.44657993,2,0.2
760,334093353.6751255,332655528.00482595,2,0.2
780,323865870.5531197,328821806.83588016,2,0.2
0,118153104.98526432,118153104.98526432,2,0.01
20,126233248.96244858,306554010.29479504,2,0.01
40,130862807.09522589,308013667.3565178,2,0.01
60,131670297.49003088,306405807.2715405,2,0.01
80,128308713.62933852,306447825.81893325,2,0.01
100,119201317.48190942,304775505.1726494,2,0.01
120,106917723.90364246,304921454.9962326,2,0.01
140,98375698.31404483,304545373.4212054,2,0.01
160,90746532.72288229,306342735.4176518,2,0.01
180,89304457.78989612,306334336.0621731,2,0.01
200,96190357.75720084,307195081.0399231,2,0.01
220,107305388.02997024,310257408.01097625,2,0.01
240,117718567.9599547,310511642.9040172,2,0.01
260,125879049.019758,309975831.2020042,2,0.01
280,129602109.25870807,309458363.41761374,2,0.01
300,129053564.52573492,308706889.15819037,2,0.01
320,125649122.32280384,307281304.9256456,2,0.01
340,117161559.29976957,308449809.8154017,2,0.01
360,107049815.40711908,307884349.39140177,2,0.01
380,99739989.3027694,304886074.41445607,2,0.01
400,91935632.4078784,304850634.4898523,2,0.01
420,89200715.4803062,305274800.4632997,2,0.01
440,90203254.00243402,306831609.7985499,2,0.01
460,93860920.67411809,306737650.8222963,2,0.01
480,96295773.75421488,308444006.642121,2,0.01
500,99098552.14600396,307990281.273209,2,0.01
520,98309678.71203692,308104496.19433445,2,0.01
540,95155042.04539286,309529191.80187315,2,0.01
560,91792757.2438336,310527190.7424255,2,0.01
580,86389753.52161732,307455237.9956322,2,0.01
600,77525453.24887368,307937581.4667584,2,0.01
620,68991411.31253703,306822465.5012125,2,0.01
640,61200112.81598585,305807786.02365625,2,0.01
660,58110644.23703434,306081302.6975012,2,0.01
680,59831896.11634733,305191378.1121466,2,0.01
700,64514973.06247704,304358148.2526105,2,0.01
720,70140708.17587115,308981132.78186524,2,0.01
740,75965360.91231956,308396031.1383816,2,0.01
760,77531112.86949691,307039365.02376854,2,0.01
780,74665345.33792353,309471119.78037375,2,0.01
0,310922772.9263318,310922772.9263318,2,0.05
20,309291208.5216225,326912386.8884831,2,0.05
40,294979965.68006575,322432239.3711321,2,0.05
60,289480060.3592521,325003276.7311716,2,0.05
80,301841277.06155694,326543301.32144904,2,0.05
100,292293667.52270865,321869969.97526664,2,0.05
120,304249654.8227626,323207503.4986932,2,0.05
140,299220515.9644033,322616266.3070656,2,0.05
160,304895220.70327485,324513777.7767631,2,0.05
180,309059725.3211744,322380439.7601162,2,0.05
200,291075375.3097837,322805824.7236478,2,0.05
220,304760621.58877486,324649318.77331406,2,0.05
240,300340993.92864674,324557980.5693962,2,0.05
260,296245866.6063435,325289703.42879426,2,0.05
280,300920227.628533,324531907.0516251,2,0.05
300,294853082.5252405,323267446.47852373,2,0.05
320,297058572.27655923,325200145.05318797,2,0.05
340,282111056.2862197,319367889.47007096,2,0.05
360,294810445.5287963,324768754.5856153,2,0.05
380,295492586.61970055,323042703.17628837,2,0.05
400,276361643.65349036,321541596.30798626,2,0.05
420,292261556.23278797,324395213.36418235,2,0.05
440,297883506.09379125,324847386.1766031,2,0.05
460,303434309.3510962,327018899.956982,2,0.05
480,298977829.76095474,326194301.05317205,2,0.05
500,285988816.070794,326137883.2477417,2,0.05
520,290087173.6279714,323884916.23951054,2,0.05
540,297911774.59544617,326126733.8337344,2,0.05
560,297483111.09304357,324596076.18837494,2,0.05
580,286637191.4576305,319777418.7677357,2,0.05
600,288251598.18239534,327360954.24778056,2,0.05
620,289595715.3420672,327727823.0358722,2,0.05
640,305633784.0499664,326479946.1388581,2,0.05
660,303601676.6201768,326717289.5702767,2,0.05
680,301573867.1807633,323423828.85386133,2,0.05
700,311359157.6573802,324853226.9341888,2,0.05
720,310430203.8708918,323629260.015869,2,0.05
740,310854156.0023724,324549436.07800794,2,0.05
760,309618488.8069419,325447478.8070219,2,0.05
780,302459606.07801807,325772865.1787528,2,0.05
0,274560809.8968978,274560809.8968978,2,0.03
20,272246357.5944479,321164370.16910744,2,0.03
40,266084393.93887585,322089108.21556556,2,0.03
60,264590753.3576811,323518431.16705316,2,0.03
80,273876838.6379404,321141103.7256921,2,0.03
100,272344233.88109064,317323200.6082356,2,0.03
120,247723890.15799487,318082407.95201844,2,0.03
140,239067079.540942,321120031.1401105,2,0.03
160,267266010.34419516,322709544.246128,2,0.03
180,281258254.10292983,320517786.2153225,2,0.03
200,257465098.37945223,318583237.8745531,2,0.03
220,241814851.6980033,319636743.1480389,2,0.03
240,265897612.53861552,320423818.16496456,2,0.03
260,271487535.83601964,320528473.03088987,2,0.03
280,263159276.66709,319885909.9191203,2,0.03
300,256273643.07048917,317606264.0037768,2,0.03
320,247326489.106471,316647396.0842175,2,0.03
340,252270160.12951735,316647875.59348446,2,0.03
360,241463500.4652385,316384658.4031093,2,0.03
380,245137870.41143903,314103800.4328852,2,0.03
400,266692533.60485947,314228413.60961616,2,0.03
420,268103786.02809584,316751017.36881113,2,0.03
440,262543854.68806195,316564313.64325386,2,0.03
460,251237362.6137586,317682087.12751245,2,0.03
480,247044878.8022312,318609809.9109068,2,0.03
500,237704819.30319977,320353122.29882735,2,0.03
520,221839657.56274673,320551344.07831097,2,0.03
540,210956676.68595403,321187710.1408411,2,0.03
560,204980752.52866825,319740880.8913634,2,0.03
580,212470907.18345815,320235405.959234,2,0.03
600,229349280.9141204,320829770.5749576,2,0.03
620,234615134.80903485,321270772.70369124,2,0.03
640,226105885.080294,321195828.48484296,2,0.03
660,225423680.57923055,318630677.69685197,2,0.03
680,256317736.51054817,317649644.02181387,2,0.03
700,282441579.6127062,319737256.538908,2,0.03
720,286567092.55319333,322689234.22087264,2,0.03
740,286302716.8202152,322195640.3331535,2,0.03
760,283230181.2721766,321042013.9262159,2,0.03
780,275808901.1974784,322918023.1135071,2,0.03
0,306615146.72125363,306615146.72125363,2,0.07
20,315115369.18585527,327659149.2145052,2,0.07
40,314435675.559235,330161669.0801706,2,0.07
60,313853612.1332794,325961693.59840333,2,0.07
80,315889832.9818853,328518864.0272461,2,0.07
100,303290838.1190175,327549514.50648654,2,0.07
120,306739508.0061902,328340461.6254999,2,0.07
140,295263403.2141605,319957725.7271302,2,0.07
160,307991068.96534514,328593877.83687,2,0.07
180,302055555.89739263,322376112.95521677,2,0.07
200,308226540.17898905,329072296.6598389,2,0.07
220,297116316.26193815,321617176.8381673,2,0.07
240,295130230.49428904,328327553.21662706,2,0.07
260,298645765.19372785,320186498.1333482,2,0.07
280,298532609.2645119,325958722.789088,2,0.07
300,306473560.56422406,326315229.8595972,2,0.07
320,305751632.01669854,326353349.3880758,2,0.07
340,305864388.2186482,325378419.61209506,2,0.07
360,315748899.49056435,327575717.27189815,2,0.07
380,313442725.9893186,328398291.6338731,2,0.07
400,318988481.29247725,327330494.4905721,2,0.07
420,318028176.9560966,328185506.368922,2,0.07
440,320864620.60562074,329024236.6643635,2,0.07
460,316220163.3063355,327479622.14389205,2,0.07
480,304021491.4377907,328009196.7763904,2,0.07
500,307205574.5880609,328294146.1761193,2,0.07
520,301006539.8396884,326685229.52041775,2,0.07
540,303139376.1966268,329180771.6798408,2,0.07
560,303453836.9048477,321747637.59563524,2,0.07
580,288681361.41733396,322350164.5784574,2,0.07
600,304960213.41853666,323599537.8059572,2,0.07
620,303276936.436249,327269431.062514,2,0.07
640,308212580.7287792,327366277.5560769,2,0.07
660,319869186.70990586,328776916.7783734,2,0.07
680,321031158.29463917,327003920.48863673,2,0.07
700,321472956.54506767,329376195.85808283,2,0.07
720,318609375.38107896,329317753.32741153,2,0.07
740,314443595.8671328,328204117.49322724,2,0.07
760,314625883.5743901,324327977.9204254,2,0.07
780,309932384.92726296,327618493.06649995,2,0.07
0,329429385.6462608,329429385.6462608,2,0.2
20,330614971.19285333,332038672.8053348,2,0.2
40,331385046.1316691,333607309.6296618,2,0.2
60,328978984.07689023,332393484.619404,2,0.2
80,332745488.74786764,333844267.59257513,2,0.2
100,330199918.6776046,331639318.26580906,2,0.2
120,331994041.2629423,333987283.168839,2,0.2
140,329700349.5936264,330001744.2945152,2,0.2
160,331826304.7605181,333719526.44047403,2,0.2
180,330035929.7793715,332386031.960472,2,0.2
200,326853448.82636446,331153199.05006456,2,0.2
220,323060809.46039224,329882804.4882066,2,0.2
240,322454817.4441732,331143242.3913155,2,0.2
260,325963388.36668736,331960978.3592918,2,0.2
280,326014446.9607066,332169021.42503995,2,0.2
300,332420064.5264576,332543086.4813602,2,0.2
320,333450710.75417054,333212455.3867634,2,0.2
340,325893644.5344322,330927405.15064895,2,0.2
360,328470547.7515377,333739210.5866586,2,0.2
380,332486278.3346121,333014201.4972321,2,0.2
400,332214276.780256,333203165.39550304,2,0.2
420,332185331.69060767,332752444.5732599,2,0.2
440,332700805.85366344,332968577.7999007,2,0.2
460,334363981.80352,334295403.67104495,2,0.2
480,334310109.3192789,333758978.8489381,2,0.2
500,333050187.9499406,333472012.1260734,2,0.2
520,329949996.28452057,331363509.1805353,2,0.2
540,332064132.65587074,333595158.401023,2,0.2
560,333064440.71113914,334243354.1524497,2,0.2
580,326951371.0261204,330354002.5990118,2,0.2
600,330262544.99987876,334058780.7592794,2,0.2
620,334485422.0822513,332672693.11812973,2,0.2
640,334028004.87861013,333337249.1452389,2,0.2
660,332516854.90619695,333253176.2442677,2,0.2
680,333801818.16199064,334020956.64146894,2,0.2
700,333896342.2798815,333770643.2347578,2,0.2
720,333102573.93517643,333709267.42364436,2,0.2
740,334454846.54686105,333661094.98173,2,0.2
760,332710561.646013,332258718.2860479,2,0.2
780,333498923.9536946,334144897.9229559,2,0.2
0,103184135.46833764,103184135.46833764,2,0.01
20,103124774.37801784,306565765.206371,2,0.01
40,101519660.41177876,304686442.1542604,2,0.01
60,101422402.87661624,305573650.2406306,2,0.01
80,105125284.04274124,306518046.73294914,2,0.01
100,105399144.54796542,305901370.76676023,2,0.01
120,101726946.44081011,305108767.52584624,2,0.01
140,98884536.41230658,303868708.6565811,2,0.01
160,94941930.75185944,303063139.1728494,2,0.01
180,91812346.53103729,301127267.4904451,2,0.01
200,91937170.30483285,302659079.7875501,2,0.01
220,95121124.86154968,303983004.3834201,2,0.01
240,102729798.74147028,304625641.38531524,2,0.01
260,116128941.1315558,305859710.0059855,2,0.01
280,130316973.31316452,306016490.02304566,2,0.01
300,141942468.65765,306993113.7276978,2,0.01
320,152528484.18269503,307111981.01087564,2,0.01
340,160322786.95302582,305880780.18118906,2,0.01
360,158524022.86044616,304848015.18512475,2,0.01
380,150224336.96963796,303233882.65199894,2,0.01
400,138480176.4972629,299423868.2896105,2,0.01
420,123862878.31635414,299067481.5063044,2,0.01
440,112061104.08536288,300464908.11877763,2,0.01
460,104064186.66873232,299129730.208784,2,0.01
480,97279026.30955172,303554963.89682496,2,0.01
500,95662238.80843696,306211166.6992668,2,0.01
520,97928116.00966126,307545189.8251297,2,0.01
540,102735887.18330307,310220956.46129084,2,0.01
560,109592805.11458102,310088214.1080111,2,0.01
580,116273039.9595835,309756985.28611624,2,0.01
600,114675028.7983612,310175761.99643457,2,0.01
620,107272276.52650104,309954317.49273515,2,0.01
640,97398347.31186137,308196591.3790597,2,0.01
660,85629290.882096,306798602.4701403,2,0.01
680,70563629.05599624,306894322.6613895,2,0.01
700,58231404.52483619,305698443.71365446,2,0.01
720,51558514.45485191,304756776.7773285,2,0.01
740,47644350.65368615,303888553.6812781,2,0.01
760,47014105.04001423,302622909.78531635,2,0.01
780,49387026.90397167,304382274.8547225,2,0.01
0,316875532.4481617,316875532.4481617,2,0.05
20,311911361.81787974,326087984.18828046,2,0.05
40,315196095.1477128,328036033.9641144,2,0.05
60,312827061.6589794,327522845.43470985,2,0.05
80,304563270.2315469,327406951.1276673,2,0.05
100,314900361.0699159,325813253.60106844,2,0.05
120,317873224.9684906,326598535.91377294,2,0.05
140,310625966.61812264,326668535.14932406,2,0.05
160,298954271.6035695,322035710.54455906,2,0.05
180,307328154.9767674,326316007.9545087,2,0.05
200,310310201.88060355,328245125.0225133,2,0.05
220,292627562.293353,327130396.5637625,2,0.05
240,303799938.46004325,328328586.8228698,2,0.05
260,306341966.67522204,326179340.4666078,2,0.05
280,312331654.5356916,327880188.28000253,2,0.05
300,292311139.2886392,327410144.1741039,2,0.05
320,305308284.03755575,328536347.92393345,2,0.05
340,308612428.8950463,328067066.22160274,2,0.05
360,295324924.48959243,325369288.3082068,2,0.05
380,282557929.52121925,326275537.29101753,2,0.05
400,302280639.2714288,326291169.3597498,2,0.05
420,296216696.22918427,324575492.199184,2,0.05
440,283134215.32162213,325001449.80356073,2,0.05
460,292905846.4626144,325452273.52529144,2,0.05
480,300488156.2441384,326850020.3731543,2,0.05
500,295571816.6601402,327046955.6345541,2,0.05
520,292091724.79410917,322739629.46127737,2,0.05
540,287873502.63542295,326439085.9620806,2,0.05
560,293913975.83834463,320160251.88843477,2,0.05
580,296522039.5637777,322256708.595176,2,0.05
600,309922962.13166296,325202731.0584247,2,0.05
620,303756607.1028027,319934040.9650029,2,0.05
640,292295720.40844214,323853343.3990464,2,0.05
660,302682483.28188103,326539253.2654349,2,0.05
680,292263726.7638383,325451139.5020641,2,0.05
700,290181831.6778781,319726065.6424291,2,0.05
720,266154593.98467472,321058551.6703024,2,0.05
740,287345983.0832394,324498902.3451719,2,0.05
760,287845462.9735341,319544134.9036226,2,0.05
780,272994052.2363783,325317395.4581005,2,0.05
0,273741843.8533405,273741843.8533405,2,0.03
20,267435480.08018,324732531.98348886,2,0.03
40,265816014.2938221,325038253.50531936,2,0.03
60,261637596.47544336,324824924.03000313,2,0.03
80,262487973.13511568,323978056.5492022,2,0.03
100,265745367.94568884,324766307.11913085,2,0.03
120,263950834.3842925,324286950.1991657,2,0.03
140,270587086.19669056,323821910.98740757,2,0.03
160,274172472.15675855,323660606.9211198,2,0.03
180,273818196.5461191,325310173.1394585,2,0.03
200,273181881.3042862,325259813.5001639,2,0.03
220,268266982.99536732,325333504.3446202,2,0.03
240,266158769.13680324,324499111.0406288,2,0.03
260,275487153.5697341,324627311.21162075,2,0.03
280,281836566.1759113,325160885.07761365,2,0.03
300,281879219.17448384,323913689.55707824,2,0.03
320,283009942.80581737,324448067.17121005,2,0.03
340,278453147.5089791,324160255.5374187,2,0.03
360,270439629.5799929,324034240.121268,2,0.03
380,259446832.1984276,321886666.27599335,2,0.03
400,241596336.19366533,320882230.65405965,2,0.03
420,228012219.90752712,321062783.677122,2,0.03
440,221457096.5717393,323052472.9885432,2,0.03
460,222204259.4190787,322750313.0625435,2,0.03
480,220473566.19824213,321728382.4981784,2,0.03
500,216728020.2145821,322710177.3836857,2,0.03
520,226877138.05119976,323754603.90905935,2,0.03
540,226913732.0676736,322502039.31647706,2,0.03
560,227865660.3241685,323254107.5124854,2,0.03
580,240366787.88380077,321795736.0379354,2,0.03
600,259373232.53584364,323305961.29936916,2,0.03
620,264521569.34035093,324232819.9078994,2,0.03
640,246443252.3735112,324601649.6071934,2,0.03
660,240586851.4809152,321388849.806288,2,0.03
680,246980645.54191804,320160271.02526486,2,0.03
700,246193542.08847812,320485161.8480514,2,0.03
720,243766138.01622787,323081305.4990937,2,0.03
740,234307020.60253963,320090235.39078283,2,0.03
760,231109345.2774451,319457158.2918488,2,0.03
780,226746911.5497968,318010728.0220125,2,0.03
0,317585893.08269954,317585893.08269954,2,0.07
20,319361957.9886784,331005703.9967637,2,0.07
40,317526472.06091404,329240561.09683144,2,0.07
60,323685793.3387418,330239086.25881356,2,0.07
80,322142523.96473217,327766139.66055113,2,0.07
100,310135662.11370796,327714111.541682,2,0.07
120,301968686.9648766,327879684.1804434,2,0.07
140,303809481.14617777,328134253.156252,2,0.07
160,314028116.3242502,329150002.3478922,2,0.07
180,315051083.58095837,329136835.95457745,2,0.07
200,313706640.4276792,329730640.5175816,2,0.07
220,316335000.3497279,329597081.5740231,2,0.07
240,314565209.06060445,328298475.47761726,2,0.07
260,323300724.2200687,329548963.7370821,2,0.07
280,319178768.03520656,329926720.382275,2,0.07
300,321572014.27082026,328399359.2391149,2,0.07
320,318633923.2612711,329753674.911602,2,0.07
340,326829150.77916497,328971001.5451664,2,0.07
360,322230511.252016,330773138.0324619,2,0.07
380,322425879.29145193,330136263.5637883,2,0.07
400,321368344.2856054,328906837.5095286,2,0.07
420,318772252.3193854,328858981.3391998,2,0.07
440,321894933.32551146,328795479.64382493,2,0.07
460,319772554.4478542,328503887.7510283,2,0.07
480,313662578.30547166,329869325.941192,2,0.07
500,313438100.46605784,328697179.3243198,2,0.07
520,292481791.46349746,328103590.1183953,2,0.07
540,301639842.91372645,326527040.0895395,2,0.07
560,292343172.6801822,326853015.18820906,2,0.07
580,304048307.9542955,327189690.7566947,2,0.07
600,316364499.41014975,327931429.4018475,2,0.07
620,322095027.75045264,329515059.7970498,2,0.07
640,319667461.1615879,328529155.04278946,2,0.07
660,315056043.4326308,330175269.81067824,2,0.07
680,296054807.8125514,329936770.7079706,2,0.07
700,302241680.92631745,328986562.92516506,2,0.07
720,307493561.8882127,327906186.6134279,2,0.07
740,312519213.9248458,324090336.0212888,2,0.07
760,311131149.0526409,326491383.13297397,2,0.07
780,308609212.3990767,328175475.8783779,2,0.07
0,334297416.017458,334297416.017458,2,0.2
20,335070354.7423463,334223541.2664902,2,0.2
40,327799679.09954154,330458166.6254348,2,0.2
60,331191641.1029795,333679345.9818998,2,0.2
80,334261983.1761539,334460755.4500246,2,0.2
100,334061419.4467233,332862057.1493523,2,0.2
120,334203911.0476163,334864472.00011677,2,0.2
140,334223764.6080084,333434769.0316202,2,0.2
160,333841222.90242076,333711803.19939756,2,0.2
180,331605989.2405064,331803349.1373495,2,0.2
200,331013081.8421263,333122825.3742657,2,0.2
220,332810477.20432174,334238270.35377777,2,0.2
240,330689557.4505801,332083295.91193056,2,0.2
260,333724033.7386577,333146764.6942482,2,0.2
280,324053375.43513495,329626640.38305575,2,0.2
300,326706250.9236781,332669512.1086221,2,0.2
320,327092841.0326385,331930168.5967178,2,0.2
340,327665978.95338666,331912515.9214761,2,0.2
360,329362367.758829,332950956.86620533,2,0.2
380,331086984.1250418,332494505.8141483,2,0.2
400,333038201.89143807,334159815.8912829,2,0.2
420,334494252.6024119,333646221.8687147,2,0.2
440,328767458.06041336,331023393.7689496,2,0.2
460,331890431.739306,332683510.4630189,2,0.2
480,328465576.5463209,332422066.24286234,2,0.2
500,330572918.7564172,331472283.6675761,2,0.2
520,333826233.7641922,333877036.73746604,2,0.2
540,332417747.2398196,334094817.7718999,2,0.2
560,334867355.42107457,333647637.32825077,2,0.2
580,334000093.00728524,333589452.9200711,2,0.2
600,333515282.3559327,332999862.92531615,2,0.2
620,330218137.9098898,334659399.85354644,2,0.2
640,328654489.3026956,333352581.0300943,2,0.2
660,329216947.9455324,333631760.5648004,2,0.2
680,331807426.35305357,332567172.60334843,2,0.2
700,326197198.1237072,330274218.0923586,2,0.2
720,331497173.67980516,333157773.4065778,2,0.2
740,332314186.29187,332663088.2069622,2,0.2
760,329651411.03688455,331247747.9911379,2,0.2
780,332226364.6082952,333268043.4462621,2,0.2
0,126531956.8009034,126531956.8009034,2,0.01
20,133482974.70759788,308309279.8524312,2,0.01
40,138067526.37070674,306474394.74148077,2,0.01
60,138504529.77031052,305368868.1291858,2,0.01
80,138735761.85261685,304497576.3162674,2,0.01
100,137476729.0560375,304424493.58347195,2,0.01
120,135886888.79704803,303438997.0420066,2,0.01
140,131290691.74615157,305323164.4590997,2,0.01
160,125084674.97123368,307254850.61921054,2,0.01
180,118685361.26889607,309207316.32575834,2,0.01
200,112419692.70643044,309297475.1322455,2,0.01
220,110733324.25279266,310013285.4095242,2,0.01
240,110226206.27887864,309676443.47265047,2,0.01
260,111004554.8943882,307643124.83842444,2,0.01
280,114113337.81321712,307018560.94843763,2,0.01
300,116248731.77127984,304997740.65691876,2,0.01
320,119896719.54907449,300839734.58312446,2,0.01
340,119015338.36579987,299857240.28138417,2,0.01
360,113184411.67416003,301551309.44596285,2,0.01
380,108062826.47391032,302407241.8667012,2,0.01
400,106079596.66775358,302222364.868623,2,0.01
420,103691466.91604684,305391879.1902894,2,0.01
440,104662049.2386404,305828597.54048955,2,0.01
460,107222944.90641452,308602439.5988215,2,0.01
480,110220188.5862301,307120013.3925675,2,0.01
500,113991971.51888116,305226164.42493355,2,0.01
520,114118197.603516,304266753.9519653,2,0.01
540,111501157.51812516,303197784.7743205,2,0.01
560,107470107.01615632,301670472.1650965,2,0.01
580,101925191.47846234,300411689.78285563,2,0.01
600,93169882.2406784,299920527.47691274,2,0.01
620,86134394.03373146,294937246.9564871,2,0.01
640,82384513.50453588,292701519.741664,2,0.01
660,76346943.50412291,297616596.8512143,2,0.01
680,70295600.47902858,299374920.98791695,2,0.01
700,68319283.79221183,300564793.10024,2,0.01
720,73585105.5005654,303394237.02705586,2,0.01
740,79814595.08263472,303489912.7265595,2,0.01
760,83416597.72892639,304416441.9406386,2,0.01
780,86682483.8473876,304256387.60568905,2,0.01
0,313503843.6706737,313503843.6706737,2,0.05
20,307229369.0816227,328984884.41896677,2,0.05
40,306206644.7253573,324265172.0530871,2,0.05
60,310577099.05542666,323809578.83725107,2,0.05
80,302578093.1095089,324492936.8895948,2,0.05
100,302317998.61157143,322649881.09053236,2,0.05
120,305662377.92941433,325855350.0072808,2,0.05
140,304692657.8601519,322910570.3530386,2,0.05
160,302753984.49654496,326516263.67971677,2,0.05
180,305480619.5837903,323753535.46258134,2,0.05
200,303613886.7781642,323098683.66821045,2,0.05
220,313340050.377221,328027757.8699091,2,0.05
240,318597324.88703454,329352734.6624643,2,0.05
260,317088389.34223133,327394626.79515445,2,0.05
280,307522434.395527,327709726.9480574,2,0.05
300,302214831.5313903,325320989.6837609,2,0.05
320,307892750.5350455,327852633.5628387,2,0.05
340,304800561.3712211,326553003.5474334,2,0.05
360,300726177.22953767,325634856.9236873,2,0.05
380,310440885.7882466,325619780.32828975,2,0.05
400,305760876.27001953,325053622.98503935,2,0.05
420,291248605.6379383,326661741.62454635,2,0.05
440,316106586.86668235,325599235.97951627,2,0.05
460,305554424.62345076,326595943.198301,2,0.05
480,290494990.57850623,325893090.4697887,2,0.05
500,311159063.9943607,322924666.39764833,2,0.05
520,302528136.0551972,324275712.67501515,2,0.05
540,296307812.7885772,321433855.1086778,2,0.05
560,301743350.3621055,322797198.07239044,2,0.05
580,302060131.1723352,320766743.91867507,2,0.05
600,308970952.49760324,325291794.01285285,2,0.05
620,301978602.2088313,322512466.31963295,2,0.05
640,295499616.6308735,323591516.23866016,2,0.05
660,292923569.85014415,318788111.0156141,2,0.05
680,275995333.4148058,317588921.60938454,2,0.05
700,287791053.1270182,325932309.4578341,2,0.05
720,273922899.17089516,324586360.268582,2,0.05
740,285699410.9453244,325847330.1626593,2,0.05
760,312311719.4310608,326906618.27803546,2,0.05
780,307749370.28495526,327390111.08760566,2,0.05
0,204032735.59165263,204032735.59165263,2,0.03
20,202788395.76096755,319526614.98939204,2,0.03
40,208580568.42442545,319751971.35446334,2,0.03
60,229880767.31463185,321675916.8926281,2,0.03
80,266158202.9355435,322538068.58971834,2,0.03
100,278911029.2880344,321679684.9403386,2,0.03
120,264706765.24692377,320361265.72369814,2,0.03
140,238341860.12999395,320368668.5648073,2,0.03
160,256220661.74413624,318153420.7866472,2,0.03
180,273076562.6512463,319231936.12940395,2,0.03
200,271224925.6646344,320265284.76815224,2,0.03
220,265007787.9942119,319980424.2630006,2,0.03
240,254683450.90586677,321528688.870575,2,0.03
260,258822809.15670884,320928549.498617,2,0.03
280,259237101.36585468,319185276.08198106,2,0.03
300,256851550.6176285,318873011.9623085,2,0.03
320,265575676.0064714,320868863.4464632,2,0.03
340,275140948.1435455,323060501.0679987,2,0.03
360,279813669.70690393,324169317.15247947,2,0.03
380,271314107.1054197,325695588.9723362,2,0.03
400,262973303.64021116,323855701.73435134,2,0.03
420,265194595.56544545,323529743.0441652,2,0.03
440,277436543.2989549,321559870.40849876,2,0.03
460,272400544.6271518,322202069.8147162,2,0.03
480,256534004.92699185,323094233.56715,2,0.03
500,259108687.53821588,322923051.08080685,2,0.03
520,261725989.5431127,319766881.0970647,2,0.03
540,263550868.43225664,322132036.6342543,2,0.03
560,250268970.28712335,321413190.3557988,2,0.03
580,246187956.37644044,321268999.53978723,2,0.03
600,258490092.26525295,321139557.6820497,2,0.03
620,267475608.94252905,320926885.9227036,2,0.03
640,261517372.16688788,317383231.2173593,2,0.03
660,260718043.3290406,317294956.3973728,2,0.03
680,269572574.0488397,320140954.7249978,2,0.03
700,278975679.0650837,322100757.0481763,2,0.03
720,285733775.41159964,324015990.6464279,2,0.03
740,286251522.82822365,321906708.1613862,2,0.03
760,283101543.7063471,323823534.47195196,2,0.03
780,273071166.52481765,324168918.83735716,2,0.03
0,323934516.66561687,323934516.66561687,2,0.07
20,318088113.18679327,328529070.7587111,2,0.07
40,316075417.6009163,324820550.58436084,2,0.07
60,304401956.3403054,327577759.7532798,2,0.07
80,301370179.7709535,325671224.52318454,2,0.07
100,310760864.3162089,326184924.42421865,2,0.07
120,297858417.0996337,325112885.86479896,2,0.07
140,315462312.0215194,329580585.79341435,2,0.07
160,324379969.3085332,330859031.9167865,2,0.07
180,324171535.7664646,327868673.28182566,2,0.07
200,320542577.4461883,327197479.1419238,2,0.07
220,316067526.3685533,325569750.6115139,2,0.07
240,309230545.5044216,325949490.62781364,2,0.07
260,309546054.37136513,327020673.6992243,2,0.07
280,300691462.2730672,327972500.79594326,2,0.07
300,309678710.2682691,326976528.08016884,2,0.07
320,306623799.51438034,324513199.80299985,2,0.07
340,317014529.02234054,328694395.39213705,2,0.07
360,304979735.3380561,325925861.9653207,2,0.07
380,308286571.82888556,328365476.68896985,2,0.07
400,310015035.89304376,326271741.9754518,2,0.07
420,310494450.23450977,325582130.2695341,2,0.07
440,326127506.41356087,329462467.6531015,2,0.07
460,315486656.57973695,328140145.15416527,2,0.07
480,318774576.17947793,329332779.2026089,2,0.07
500,308871614.25661945,328434720.2394247,2,0.07
520,323782922.814323,329185108.43619025,2,0.07
540,314010586.22578144,326969879.51717395,2,0.07
560,315141075.16752166,328193162.8204099,2,0.07
580,305938676.3493726,326750819.5570215,2,0.07
600,310903195.65492964,328931721.0326346,2,0.07
620,288301352.8943268,324210019.56807566,2,0.07
640,313883391.37826896,330737899.6087078,2,0.07
660,304923011.04502237,324889394.4013115,2,0.07
680,318614389.79589736,327496977.529675,2,0.07
700,314115682.6432098,328233672.18806505,2,0.07
720,308440511.0628265,324005492.44979143,2,0.07
740,305600429.148326,324360602.8601588,2,0.07
760,305986081.9015693,326827254.8461801,2,0.07
780,318023974.1135733,327911813.77284634,2,0.07
0,328993422.86587715,328993422.86587715,2,0.2
20,327351545.94967115,330672324.91831356,2,0.2
40,334125831.6270813,334618373.0564873,2,0.2
60,325975726.0824743,329175007.36704445,2,0.2
80,333126810.7227849,333126675.36713296,2,0.2
100,332935456.168551,333992464.07675004,2,0.2
120,331807213.2093297,331597695.88986653,2,0.2
140,330369120.5427365,331327190.3696281,2,0.2
160,334807175.0463745,334553052.52268964,2,0.2
180,333873174.44206256,333845994.08529645,2,0.2
200,331625003.46182126,331455922.0646242,2,0.2
220,332350898.3413935,332882407.38456005,2,0.2
240,327053243.0738766,332245907.7787063,2,0.2
260,330032160.16900045,333167739.07309,2,0.2
280,332169931.3390255,333172284.30836046,2,0.2
300,329486368.5166527,333034562.991456,2,0.2
320,328245153.6519978,332398227.02554333,2,0.2
340,327851816.86563444,332908469.86578274,2,0.2
360,332655360.8120716,333648904.8967941,2,0.2
380,332744576.5575346,332812876.4042784,2,0.2
400,331894953.8889521,333696828.47509533,2,0.2
420,331287103.20476615,332461232.7038731,2,0.2
440,333940316.20556355,334076590.39699256,2,0.2
460,329640047.89287126,331788145.5726533,2,0.2
480,326599367.6074403,331089996.35758305,2,0.2
500,328794088.2058439,332923824.3710686,2,0.2
520,332464218.16300666,333587981.11848545,2,0.2
540,332392951.2164681,332536450.18513316,2,0.2
560,331049720.41076344,333874951.3513804,2,0.2
580,331654713.8306152,334408415.15412223,2,0.2
600,333547189.19581515,333202855.70649064,2,0.2
620,334337146.0351594,334421908.1791737,2,0.2
640,331744501.19053555,332106336.39432883,2,0.2
660,330687389.36235815,332822591.14907277,2,0.2
680,329992250.2152109,331085369.3234234,2,0.2
700,329199094.44440436,332564971.6535764,2,0.2
720,330909898.9465332,333007279.5305699,2,0.2
740,333618877.3018544,333768294.8460547,2,0.2
760,333422969.6716523,333749947.75097144,2,0.2
780,333633929.554447,333808105.10254,2,0.2
0,160010538.3759064,160010538.3759064,3,0.01
20,162311512.5316233,320868162.83811384,3,0.01
40,165601715.0489413,320133382.0747116,3,0.01
60,167795793.06671563,319665747.8631924,3,0.01
80,168051152.17207795,320165937.1997839,3,0.01
100,167265992.65459937,319495115.87593186,3,0.01
120,170075765.4348225,320095582.691149,3,0.01
140,170671305.0555817,321113036.5227129,3,0.01
160,171282319.94997114,321973965.3316926,3,0.01
180,170813038.23747003,320068437.02374065,3,0.01
200,165700012.25858504,319333934.9586054,3,0.01
220,157696970.04124078,320032234.4497848,3,0.01
240,152183167.7894375,320031743.86800134,3,0.01
260,150391782.83039978,319392844.12788767,3,0.01
280,152215951.2759322,319422590.51322436,3,0.01
300,155262156.60808727,318637799.22334886,3,0.01
320,162426045.18971908,317539195.2892131,3,0.01
340,170986033.27166533,317956931.7512492,3,0.01
360,180805037.8177463,318566227.49243283,3,0.01
380,183348846.8599348,318001841.8254219,3,0.01
400,175186523.73272908,317599398.36499417,3,0.01
420,161940934.37970507,317906359.69428766,3,0.01
440,148829415.60517755,318352442.0013805,3,0.01
460,134448308.489309,319375475.96880496,3,0.01
480,120650326.65958837,319022865.52561927,3,0.01
500,118841029.10571276,318427843.43409705,3,0.01
520,119875698.8966628,318939571.6122117,3,0.01
540,120829586.47930872,319752715.71310663,3,0.01
560,120109925.21259528,318623896.7526037,3,0.01
580,119945346.46369264,319147726.1096394,3,0.01
600,124913544.4727808,319794924.122972,3,0.01
620,133937097.82811011,318891377.6822035,3,0.01
640,143651346.60856473,318983098.981425,3,0.01
660,155641484.51548928,319748677.70424944,3,0.01
680,163389705.2029243,319478510.0168787,3,0.01
700,168766309.90800923,321231769.8930079,3,0.01
720,170282023.58274758,320737110.1269747,3,0.01
740,172449259.84004128,319714557.9140601,3,0.01
760,175743927.90075773,320838717.4379708,3,0.01
780,179460271.9284692,320300428.21981955,3,0.01
0,328576702.5583945,328576702.5583945,3,0.05
20,328368220.74419403,336236339.81082994,3,0.05
40,334177716.65691847,338468356.40483093,3,0.05
60,332068695.96720916,337717200.4920572,3,0.05
80,331614229.95973855,337297732.203406,3,0.05
100,330810728.7269761,337847122.4182578,3,0.05
120,334677546.96493715,338456067.58547235,3,0.05
140,333818184.115628,337837072.32179224,3,0.05
160,335127608.07362044,338365966.49860513,3,0.05
180,331135793.20941216,338291174.1941185,3,0.05
200,330436857.5810844,338087123.47539574,3,0.05
220,335308560.2105143,339447914.4869664,3,0.05
240,332103760.2003044,338802435.5095963,3,0.05
260,332995738.48511493,339115866.59964085,3,0.05
280,333758862.4153121,339061415.2061697,3,0.05
300,333896612.0290531,338947094.84763783,3,0.05
320,335649285.56460464,339571248.66403466,3,0.05
340,333492320.10862017,339791606.2641441,3,0.05
360,330616095.2170999,338514958.7728709,3,0.05
380,332965273.8032069,338079197.12815845,3,0.05
400,332125364.23986036,338403934.8459002,3,0.05
420,333464860.2467313,339681885.6994326,3,0.05
440,328160299.1350517,337178064.2092905,3,0.05
460,333471790.90456814,338220952.2966236,3,0.05
480,333814357.28174263,338987583.0570785,3,0.05
500,328793841.2582637,337231224.48252016,3,0.05
520,327895488.3363467,336236792.93186027,3,0.05
540,327223701.60427046,337600621.9712795,3,0.05
560,323508918.12773025,338575844.75815564,3,0.05
580,322823180.56471944,337166511.6451231,3,0.05
600,325765879.8929733,337781824.9704567,3,0.05
620,330567509.40346533,338559158.9019556,3,0.05
640,335223013.88990897,338788209.4239044,3,0.05
660,335867314.40322274,338337278.15086395,3,0.05
680,330215296.27942526,337435761.4285448,3,0.05
700,332914459.7498014,337691844.02598023,3,0.05
720,333135454.1316924,338882571.7239855,3,0.05
740,333112043.2769625,338145886.6336733,3,0.05
760,331368767.38491225,339123826.08235836,3,0.05
780,329606959.53195995,337288200.2514889,3,0.05
0,325625504.9500569,325625504.9500569,3,0.03
20,324625483.1609465,335763302.48770714,3,0.03
40,318322258.5087379,334650565.18960905,3,0.03
60,322072649.21580875,333600948.2888519,3,0.03
80,323022676.0853572,334414103.76742476,3,0.03
100,324201466.1580717,335644596.7379168,3,0.03
120,323525869.4368119,335798779.247115,3,0.03
140,320992907.1224645,334647980.23843914,3,0.03
160,324137645.46828765,335612081.26033336,3,0.03
180,321629565.6554263,335500984.29073083,3,0.03
200,321412183.1615387,335682766.0246628,3,0.03
220,320014268.49377036,336401425.89644164,3,0.03
240,318300701.3872669,335060579.8988475,3,0.03
260,318247407.94430214,335258998.7525215,3,0.03
280,317252976.3153553,334261750.28609365,3,0.03
300,310851265.0458969,334253296.4729204,3,0.03
320,306179466.1426816,334225328.24783146,3,0.03
340,304813290.9667571,333902683.9958107,3,0.03
360,308317160.21551794,334049925.13495207,3,0.03
380,308066409.3349442,333626513.84048283,3,0.03
400,309064309.27603364,334734560.6596027,3,0.03
420,303941204.3688245,334078590.7689489,3,0.03
440,306599929.63377964,331600387.14834774,3,0.03
460,305194367.7061497,331426723.05848426,3,0.03
480,298347308.4309029,333645657.4245056,3,0.03
500,297715585.55591047,333735784.4491141,3,0.03
520,302186009.3614139,333760431.6123758,3,0.03
540,303172474.9585495,334051751.6188451,3,0.03
560,304564950.13037926,334304578.3884295,3,0.03
580,297721186.10461134,333459351.1802915,3,0.03
600,291026598.7804359,335143574.8891008,3,0.03
620,291130465.45664334,334372838.98323023,3,0.03
640,301178013.5426685,333572271.99699485,3,0.03
660,302062849.86705375,334016520.8625498,3,0.03
680,300597490.6286858,333850194.86089206,3,0.03
700,303353938.20808405,332322571.028565,3,0.03
720,313285581.79088694,332783273.5393776,3,0.03
740,313819116.773472,333070238.1100459,3,0.03
760,319550217.4428107,335197633.08204716,3,0.03
780,316977452.85941875,335527016.55612445,3,0.03
0,339872535.9076574,339872535.9076574,3,0.07
20,337564138.8886981,339446737.14287466,3,0.07
40,338689071.7111492,340691843.43026286,3,0.07
60,336987305.5788572,339438210.0183893,3,0.07
80,338521823.78756946,339689690.45435905,3,0.07
100,339597387.94578743,340902937.29492825,3,0.07
120,336851022.60718626,339739960.9744244,3,0.07
140,339334240.4915195,340212948.2335328,3,0.07
160,337885255.42685145,340303072.070778,3,0.07
180,338291135.80473703,340610716.5981257,3,0.07
200,339918085.0380745,341132369.23356396,3,0.07
220,339081610.57881486,341041625.3266908,3,0.07
240,337123721.6729282,339512827.56190234,3,0.07
260,337767297.7924047,339393484.50753605,3,0.07
280,334377495.2127974,338267320.15805244,3,0.07
300,334873886.1318815,339357642.62062615,3,0.07
320,329467027.7305318,337150732.01805496,3,0.07
340,339929004.01253706,340216305.40776134,3,0.07
360,335201767.29142296,339806539.5589266,3,0.07
380,338289823.3034333,340415410.765027,3,0.07
400,336198879.3845648,339065773.25356144,3,0.07
420,338444655.90056384,340804324.45378214,3,0.07
440,338619449.63282984,340074493.1674714,3,0.07
460,337660582.0704443,340164111.86484575,3,0.07
480,338352747.7883999,339696505.28937,3,0.07
500,337094261.4047416,338741123.77285457,3,0.07
520,337060779.6332075,339484861.40051746,3,0.07
540,339566617.4616416,340001481.87482816,3,0.07
560,338062826.4716021,338851341.22110635,3,0.07
580,337936167.3623834,340453032.9062966,3,0.07
600,335695552.38982654,338738228.37639153,3,0.07
620,337926261.61929095,339837226.4851854,3,0.07
640,335142334.2557719,338220764.2936299,3,0.07
660,335328675.9726546,338619022.44499385,3,0.07
680,336280600.96961784,340113216.86525416,3,0.07
700,339415112.8025506,341060022.548441,3,0.07
720,339118634.4314382,340761701.143145,3,0.07
740,336900882.70949745,340562363.29293966,3,0.07
760,336344287.1382687,340965190.9988947,3,0.07
780,334840728.2931192,338917128.8637712,3,0.07
0,343982291.0577696,343982291.0577696,3,0.2
20,343719148.04215235,343899959.5095989,3,0.2
40,344103882.7381427,343864378.2020341,3,0.2
60,343838880.81776506,343564577.3563467,3,0.2
80,344006294.10572284,343935084.61542535,3,0.2
100,344035532.43207616,343989449.8238355,3,0.2
120,343792434.51170075,343722875.45178264,3,0.2
140,343956430.07621145,343784300.18601286,3,0.2
160,343489799.9028289,343471601.84667313,3,0.2
180,344000411.21362805,343893589.93291736,3,0.2
200,344100664.506093,344074787.5221846,3,0.2
220,343915435.6275097,343954204.44177616,3,0.2
240,344068478.43545604,343819563.4828479,3,0.2
260,343835565.97346973,343774820.4762809,3,0.2
280,343975408.8578832,343643648.928638,3,0.2
300,344118922.3056772,343838947.69789255,3,0.2
320,344076834.58901405,343680870.6225265,3,0.2
340,344145239.87608325,343805626.6432644,3,0.2
360,343936516.7799049,343687216.9306328,3,0.2
380,343864663.85662365,343792477.7691323,3,0.2
400,343848481.9343816,343810961.81932247,3,0.2
420,343618480.76949507,343596763.9988928,3,0.2
440,343967838.3896662,343670550.54174393,3,0.2
460,343724574.39761806,343429212.04534703,3,0.2
480,343775545.1151114,343641036.1944711,3,0.2
500,343926380.14319193,343762738.42826104,3,0.2
520,343778153.6018001,343717018.287094,3,0.2
540,343774998.96900415,343892448.0366318,3,0.2
560,344141137.13114744,343985417.44512403,3,0.2
580,343813967.2041768,343737144.72980607,3,0.2
600,344095918.75487363,343991126.4737186,3,0.2
620,343851887.9850524,344117223.9602868,3,0.2
640,343766919.63141674,343735207.6682432,3,0.2
660,343904235.39544934,343726497.8263518,3,0.2
680,344022400.2400358,343907897.26467806,3,0.2
700,343749825.157346,343858529.3597231,3,0.2
720,343979432.84418607,343816837.0292565,3,0.2
740,343814297.9487856,343481911.7533699,3,0.2
760,343994282.782325,344015098.78099823,3,0.2
780,343819279.4244908,343732365.9072465,3,0.2
0,130061401.84975804,130061401.84975804,3,0.01
20,123488723.64934452,317873073.90099406,3,0.01
40,115036101.418244,317500812.16112286,3,0.01
60,107712961.33852184,317811261.8308387,3,0.01
80,101786461.78666228,317862854.2626122,3,0.01
100,92492454.93046944,318665499.58189094,3,0.01
120,84230760.9522662,320132148.4414418,3,0.01
140,80193183.11980088,320517769.2583907,3,0.01
160,79016841.07919434,319956798.51854825,3,0.01
180,78934617.75607745,320035358.85852486,3,0.01
200,79908952.62745206,320609234.4455274,3,0.01
220,82902762.29783809,320740425.6474118,3,0.01
240,87286870.31128967,320067053.93514556,3,0.01
260,94715048.4004622,320728262.05614877,3,0.01
280,103575550.36957708,319075827.815395,3,0.01
300,109055108.90146002,319358950.7628086,3,0.01
320,104546392.39347236,319488761.1064122,3,0.01
340,99387459.09387413,317819511.6405877,3,0.01
360,97896729.07009588,317971742.2971003,3,0.01
380,103439712.00378986,317884965.31176364,3,0.01
400,111075747.62180072,318160537.8914695,3,0.01
420,121452862.46989,317845883.16203785,3,0.01
440,131143667.16265588,318652994.88340664,3,0.01
460,146189201.26009762,319204363.187419,3,0.01
480,161721759.72421074,318337647.76339614,3,0.01
500,175795927.7541632,318909836.27770233,3,0.01
520,186320247.1289319,318930992.8391574,3,0.01
540,190374156.39582625,317340815.2470956,3,0.01
560,193155741.936442,318451046.4161738,3,0.01
580,196416248.0148704,320108641.2887147,3,0.01
600,198685098.40595105,319440034.12638354,3,0.01
620,193297529.82830793,319320938.7177333,3,0.01
640,180303706.7525596,319701208.26195383,3,0.01
660,165573166.29698774,319217060.2631768,3,0.01
680,153852985.60641015,318611285.0008626,3,0.01
700,147649444.06663352,318739400.6921712,3,0.01
720,142995783.83675668,318583236.4586195,3,0.01
740,140614657.46591082,318181791.75014627,3,0.01
760,135967631.00236943,320203031.35296434,3,0.01
780,130501875.01604202,319394016.20092404,3,0.01
0,333585186.4132329,333585186.4132329,3,0.05
20,331670053.4868308,338727056.8333033,3,0.05
40,333616887.9305221,337718798.6521571,3,0.05
60,331824067.0820265,336573435.6009208,3,0.05
80,330734360.9844191,337865065.06458914,3,0.05
100,331794094.5558402,337363333.3977843,3,0.05
120,331551682.06095517,337597614.76430005,3,0.05
140,332782273.3115284,338845596.8429495,3,0.05
160,332820217.23740447,338082619.1802336,3,0.05
180,330016061.4567382,337621931.5911222,3,0.05
200,327148567.3691263,337354140.9483429,3,0.05
220,330912258.0988935,337019324.1667956,3,0.05
240,332268380.9418664,338750232.17994905,3,0.05
260,327478043.86402625,337849139.1533381,3,0.05
280,332754383.0428714,337759588.7124629,3,0.05
300,334761458.17950827,338499527.27396965,3,0.05
320,330353144.4893614,336944496.59488666,3,0.05
340,331421292.29125357,336600936.86479986,3,0.05
360,332684952.9885259,338489737.1569053,3,0.05
380,329562876.0011797,337725745.0409806,3,0.05
400,332872135.6599736,339684374.64322495,3,0.05
420,330239884.7131729,338027118.2688243,3,0.05
440,330984281.38022614,338732214.36306727,3,0.05
460,331686849.04755425,337613289.29692066,3,0.05
480,332569204.1353313,337831873.14678633,3,0.05
500,327154099.13715494,336960466.98437023,3,0.05
520,328051479.9626118,336450804.77525425,3,0.05
540,333266661.6320106,338494826.8589121,3,0.05
560,333451094.95705855,339254650.11411947,3,0.05
580,328768306.78538585,337507693.64018166,3,0.05
600,330247029.7798531,337348469.079017,3,0.05
620,334676734.36138403,338520419.0310748,3,0.05
640,333856554.3325592,338448508.5566661,3,0.05
660,334326028.808569,338788986.76498646,3,0.05
680,335146043.3734541,338922964.54699713,3,0.05
700,334904663.4846764,338622503.3434131,3,0.05
720,333765920.94294846,338185851.24833953,3,0.05
740,333357727.92880917,338426818.73215663,3,0.05
760,332727950.45851064,337935533.7300285,3,0.05
780,332446069.1926401,337388218.4323778,3,0.05
0,314435504.64573014,314435504.64573014,3,0.03
20,320274664.20281327,335163666.3702118,3,0.03
40,318252169.83964133,334977947.78223866,3,0.03
60,320029951.9233614,334967247.1096592,3,0.03
80,318996186.19926053,335135383.02083385,3,0.03
100,318691106.53811646,334026842.00579417,3,0.03
120,319747193.2290377,332310064.5643155,3,0.03
140,319807372.1252167,332412389.53707516,3,0.03
160,319309926.750312,331935341.99551755,3,0.03
180,319416081.8352808,332083594.59102243,3,0.03
200,317538297.9203311,331311856.0413407,3,0.03
220,318087791.1261271,331562405.71479416,3,0.03
240,320530432.76212245,331892610.1856269,3,0.03
260,320944209.07129526,332389377.5583252,3,0.03
280,317138176.7788191,333224841.9845792,3,0.03
300,316001066.6652115,334935117.0272865,3,0.03
320,319610640.63534486,334649787.0312339,3,0.03
340,319003595.79356885,335284911.1147558,3,0.03
360,319011995.6877675,334826156.2976289,3,0.03
380,317332962.18821853,334791192.6444882,3,0.03
400,301470812.17420244,333410704.02902377,3,0.03
420,295557125.6635009,332852867.7718432,3,0.03
440,293168770.3553239,332721315.6574756,3,0.03
460,294300825.01834995,333612513.4427514,3,0.03
480,296838541.30089796,334363892.5788475,3,0.03
500,297632658.32715356,333510647.8643279,3,0.03
520,300674661.01277345,333740345.52066135,3,0.03
540,300221689.45230967,333466058.62821376,3,0.03
560,300837916.7889688,333203108.15244114,3,0.03
580,302146878.13805646,333239384.98486984,3,0.03
600,290521263.84605104,334400209.4675406,3,0.03
620,284301062.9987311,333799053.04585177,3,0.03
640,299167897.6925929,333982369.9016224,3,0.03
660,310395029.11733896,334084111.22761893,3,0.03
680,317810937.38683456,334675786.93914187,3,0.03
700,307419826.80926335,333532230.52930915,3,0.03
720,303171217.09171295,332906126.61065936,3,0.03
740,308385999.4543474,332878937.0815888,3,0.03
760,308344851.6272208,334134214.53858817,3,0.03
780,310401087.3491262,334132261.01342607,3,0.03
0,338235531.18315154,338235531.18315154,3,0.07
20,338857535.51119184,340815830.04161793,3,0.07
40,338286028.9121018,339803011.31488484,3,0.07
60,338845505.60032725,340947027.2648005,3,0.07
80,337830479.29614484,339700629.1404785,3,0.07
100,337571702.17653424,339902154.6569514,3,0.07
120,338247129.84428155,340124320.16617703,3,0.07
140,338838115.9291603,340353388.0450685,3,0.07
160,336600915.0035622,339739671.42933005,3,0.07
180,338246098.96332514,339603443.8138,3,0.07
200,337174845.03924894,339480864.2419584,3,0.07
220,339809828.58995813,340796816.0146603,3,0.07
240,339700504.68033475,341321497.0669544,3,0.07
260,338112885.28425443,340362187.30409455,3,0.07
280,340048988.6849482,341630860.5465731,3,0.07
300,338859047.1497259,340543736.3341428,3,0.07
320,339666913.087178,341604817.7131723,3,0.07
340,337844870.1176082,341131301.54522324,3,0.07
360,338922771.49734986,340360603.18608856,3,0.07
380,338633013.80150026,340377186.2806181,3,0.07
400,339784246.55372345,340683209.2349628,3,0.07
420,338964160.2201448,340450297.0561006,3,0.07
440,339542910.8590064,340598823.70576525,3,0.07
460,337858675.2074827,339860963.07270664,3,0.07
480,339096843.4715501,340611123.7649571,3,0.07
500,337274972.4514411,340195385.06557477,3,0.07
520,337334317.309857,340372950.0419494,3,0.07
540,337860976.73551875,339778816.08535624,3,0.07
560,339119326.1815751,340194562.672146,3,0.07
580,337226124.1601535,339456927.3934429,3,0.07
600,338277062.713552,339946756.8674131,3,0.07
620,339860107.4479275,341136406.01454544,3,0.07
640,339996412.32397455,339740238.41925937,3,0.07
660,338926129.0171298,341348876.75502574,3,0.07
680,340575256.63711894,340904706.2953797,3,0.07
700,338434541.3269598,339738798.7872257,3,0.07
720,338496577.7553667,340560807.6124301,3,0.07
740,336416512.6191893,339674436.67782915,3,0.07
760,337727075.845042,340253241.40790695,3,0.07
780,336881943.84350866,340226101.6978762,3,0.07
0,343991837.2542825,343991837.2542825,3,0.2
20,343870079.9222307,343729551.75642025,3,0.2
40,344131389.6946878,343769324.3421702,3,0.2
60,344044227.2736555,343899984.2626105,3,0.2
80,343818361.54442835,343607959.19257766,3,0.2
100,343756515.32058185,343585098.73659277,3,0.2
120,344134670.5929564,343895257.74666524,3,0.2
140,343749269.90001905,343841791.277135,3,0.2
160,343991390.84795785,343756544.0904131,3,0.2
180,343938832.65422124,343673202.1503102,3,0.2
200,343903067.30359596,343833166.88955605,3,0.2
220,343976607.2344421,343779274.9972535,3,0.2
240,343953569.76246935,343837186.8228452,3,0.2
260,343439529.52049744,343718265.77853286,3,0.2
280,343806126.70981866,343653657.48932564,3,0.2
300,343641409.311046,343710282.840914,3,0.2
320,344050339.7765142,343970586.12830853,3,0.2
340,344109978.79914355,343996928.4616018,3,0.2
360,344068298.15048105,344071681.6506592,3,0.2
380,344345415.709253,344081534.2825793,3,0.2
400,344009862.2201989,343880994.9203551,3,0.2
420,344089941.665491,344059441.50368327,3,0.2
440,344245480.266891,343843352.4466517,3,0.2
460,344173391.72856355,344072500.09798026,3,0.2
480,344421979.8775438,343921979.17824143,3,0.2
500,343493809.4771657,343302626.1647184,3,0.2
520,343894878.6862221,343931359.25121903,3,0.2
540,344104899.1912086,343963291.52019274,3,0.2
560,344108313.1108863,343961958.2536277,3,0.2
580,343829418.7899159,343732366.6628939,3,0.2
600,343725192.52010876,343961863.8748168,3,0.2
620,344211964.69649863,344057573.7789234,3,0.2
640,344156044.37835145,343865165.08644825,3,0.2
660,343868036.68977666,343722819.35065097,3,0.2
680,344036369.0083945,343801823.663952,3,0.2
700,343923733.3705275,343724426.0049772,3,0.2
720,343847016.3662926,343795013.93091536,3,0.2
740,344207630.0629951,343932668.77063215,3,0.2
760,343868597.6784537,343797502.18906957,3,0.2
780,343990154.4760068,343860183.2291183,3,0.2
0,97281172.92448623,97281172.92448623,3,0.01
20,93806170.19722334,319694097.75901216,3,0.01
40,91692574.05984674,318970055.45113957,3,0.01
60,89240137.12048626,319791290.9978739,3,0.01
80,91947141.08749704,319680021.95103663,3,0.01
100,95578942.69629078,319232027.07184404,3,0.01
120,98189030.73318636,320773578.1859944,3,0.01
140,102982527.9579892,320671047.19754374,3,0.01
160,105683563.75897676,321562158.38989836,3,0.01
180,111220593.36951108,321954421.30767226,3,0.01
200,115970207.00069328,321796628.26880085,3,0.01
220,117759412.86512332,321013669.50916415,3,0.01
240,114099207.75277084,321658208.0342407,3,0.01
260,112150374.15420496,319815834.35910165,3,0.01
280,108828488.40754512,319905734.64486986,3,0.01
300,104741175.74513842,320109357.557666,3,0.01
320,100886927.8796992,319152786.4403336,3,0.01
340,97217764.26228844,318865443.3299862,3,0.01
360,93648275.90001084,318909534.4460434,3,0.01
380,95199016.35395382,317984430.87366664,3,0.01
400,102468912.58022736,319550607.0598309,3,0.01
420,107699873.25137912,319633503.52754045,3,0.01
440,109264601.5535121,318676727.2242208,3,0.01
460,107602430.32083532,318932527.7683485,3,0.01
480,105865861.24512488,317810254.8349777,3,0.01
500,105166423.00134596,319167593.37347555,3,0.01
520,101092727.49036153,319889391.0494542,3,0.01
540,96899153.8266816,320430875.6427765,3,0.01
560,95090859.134574,319810184.00131255,3,0.01
580,95364139.09246217,320813202.0012477,3,0.01
600,97355550.84110484,320961466.6955956,3,0.01
620,96193702.34290448,319086474.13251853,3,0.01
640,93817710.7197364,319813453.6139353,3,0.01
660,95204832.89666808,318393166.5754662,3,0.01
680,95586669.92971292,318380161.21191996,3,0.01
700,97456917.46342114,318824365.1782958,3,0.01
720,98393556.67373624,319799957.38603944,3,0.01
740,100121598.80210006,320081241.9071445,3,0.01
760,104693335.72270474,319917992.31664455,3,0.01
780,108615709.90783584,320013258.37918174,3,0.01
0,336363619.3439895,336363619.3439895,3,0.05
20,332915870.43499875,340166128.2000125,3,0.05
40,333872800.94195783,339171863.6554237,3,0.05
60,331480217.336671,339130455.9340999,3,0.05
80,327806285.7098144,339777163.45596695,3,0.05
100,330469657.3379581,338328331.12115675,3,0.05
120,330414510.88274056,337919827.70387566,3,0.05
140,331611969.2851824,338924284.1087264,3,0.05
160,333161915.57639253,339125878.77914786,3,0.05
180,336557316.40125525,338725059.3529316,3,0.05
200,337774555.9640842,339698941.0359547,3,0.05
220,337124102.43025845,339353206.45347714,3,0.05
240,334964054.2903477,339444514.31443316,3,0.05
260,334538188.62779236,339461554.55805576,3,0.05
280,334862148.1748475,339154452.2960392,3,0.05
300,333382169.77982306,339294592.3277934,3,0.05
320,335107228.04797405,339456535.71274364,3,0.05
340,335801377.48079485,339992250.8155541,3,0.05
360,332944621.56356466,338854549.45542175,3,0.05
380,334611195.1246464,338642671.6385734,3,0.05
400,333414237.4904158,337547340.065315,3,0.05
420,331079380.523732,337436825.3384515,3,0.05
440,332119692.2663658,337788999.3494182,3,0.05
460,330143968.7953007,336828370.74210227,3,0.05
480,334782343.4879297,338415597.8974277,3,0.05
500,333758332.9797918,338955871.24111307,3,0.05
520,335849320.2771239,339711668.1322626,3,0.05
540,335619236.7837119,339137339.3653487,3,0.05
560,334402631.11833483,339287792.75242174,3,0.05
580,331939679.3642397,338058786.39053935,3,0.05
600,332841946.2350537,337842186.2018332,3,0.05
620,335409207.4466262,338915332.4287652,3,0.05
640,334594092.593714,338328966.9574587,3,0.05
660,333291395.00578284,339103366.9688245,3,0.05
680,335556638.29424727,338962059.3072207,3,0.05
700,333618091.3858837,338674172.83878237,3,0.05
720,334748103.5559512,338964968.96550775,3,0.05
740,334359627.96288526,339649265.64137506,3,0.05
760,334313894.45387137,338924351.06134635,3,0.05
780,333264360.794235,338184803.34866834,3,0.05
0,315026485.12863153,315026485.12863153,3,0.03
20,312594361.3269114,335625315.44267684,3,0.03
40,311399013.3026674,334823087.0032182,3,0.03
60,312597795.41905093,333944974.4732607,3,0.03
80,312013675.10096014,332392171.67750233,3,0.03
100,314598241.73740256,333826079.06199133,3,0.03
120,315696769.62508416,333764436.4103308,3,0.03
140,294043947.8370341,332057763.8809593,3,0.03
160,264903117.68793693,332158883.729069,3,0.03
180,268914426.6992811,332622208.0721759,3,0.03
200,283242445.5860271,332646285.2262087,3,0.03
220,272832921.67716867,333358896.42730296,3,0.03
240,243154216.0273522,334096425.25782067,3,0.03
260,245797338.2623234,333834597.58656657,3,0.03
280,270606612.2767721,334528436.1638669,3,0.03
300,281495574.32460314,334832678.6189499,3,0.03
320,282501557.5422532,332963977.15960026,3,0.03
340,286950446.3198977,333506486.4584807,3,0.03
360,289896830.0209507,333503572.130893,3,0.03
380,295466816.742093,333949988.3006022,3,0.03
400,303370816.0248103,333739490.43669164,3,0.03
420,301897497.43182653,334997963.01080555,3,0.03
440,302859477.01779467,333397552.5087271,3,0.03
460,306080194.4811406,333874509.0244344,3,0.03
480,312720915.5184884,333878728.97893214,3,0.03
500,313854534.7987805,335026199.57939875,3,0.03
520,311153215.6688556,333473990.2176001,3,0.03
540,315435059.5761626,333424989.1309553,3,0.03
560,316160750.34626114,333719897.5329575,3,0.03
580,313623459.3678579,334376156.5642576,3,0.03
600,306590344.1483983,333587818.287084,3,0.03
620,303866477.299287,334395880.49171996,3,0.03
640,312309312.4386967,336199205.2434011,3,0.03
660,319741375.9600626,336420032.09924996,3,0.03
680,315691120.37843263,335499750.4257909,3,0.03
700,308226238.3013559,335176302.74096,3,0.03
720,309643337.0126023,335453601.59128785,3,0.03
740,316761184.88329005,335809335.8315104,3,0.03
760,318370221.5866962,335992890.782956,3,0.03
780,319877675.66226983,336427129.75685906,3,0.03
0,338470813.26511097,338470813.26511097,3,0.07
20,339532073.7020302,340218774.0603657,3,0.07
40,339396460.84300554,340350503.9592198,3,0.07
60,339887917.65108496,341487177.66729367,3,0.07
80,339071418.4876398,340845406.906577,3,0.07
100,337982349.12950814,341002075.6588057,3,0.07
120,339682548.25637543,341205559.6991235,3,0.07
140,338295599.92052937,339899114.36325204,3,0.07
160,338802176.37218976,340449867.8274886,3,0.07
180,338983824.14736795,340585172.84783775,3,0.07
200,338770781.0729966,340254011.3020532,3,0.07
220,335709160.02894217,340217392.6394299,3,0.07
240,336510175.73872596,339617081.41413593,3,0.07
260,338593680.07733715,339592192.93466717,3,0.07
280,338577182.2018225,340078322.37868214,3,0.07
300,337330436.7280497,340240396.9748519,3,0.07
320,337610433.0831393,339973926.6081815,3,0.07
340,336684720.27140015,340405708.61641824,3,0.07
360,333846527.5936973,338505683.57400656,3,0.07
380,337332087.75361943,339270475.2767938,3,0.07
400,332904445.8913959,338085599.6298326,3,0.07
420,338058347.4595364,339760482.92883706,3,0.07
440,337309096.54198754,340249156.5814323,3,0.07
460,337000395.3364463,339965894.3197924,3,0.07
480,337270552.0755973,340839796.1165792,3,0.07
500,337009398.07615423,339132934.8081298,3,0.07
520,339639239.30380297,341082914.4163367,3,0.07
540,339744241.9548639,340306958.69313467,3,0.07
560,336845094.14688605,339464237.1353746,3,0.07
580,337882525.6683945,340180104.7631886,3,0.07
600,337578479.0905607,339894685.17043006,3,0.07
620,339263809.98961365,340374135.1757891,3,0.07
640,338505368.4860666,340276609.6097573,3,0.07
660,339007158.45589995,340386147.10481143,3,0.07
680,339237316.3550273,340086497.8229296,3,0.07
700,338301109.8555501,339933995.33044416,3,0.07
720,338251042.5932857,340204883.4217621,3,0.07
740,340351462.1946944,341634783.4799618,3,0.07
760,337443478.01604867,339385875.84783256,3,0.07
780,338346054.1218662,340447892.2013591,3,0.07
0,343721206.0853549,343721206.0853549,3,0.2
20,344003781.6850556,343969576.36001825,3,0.2
40,343573837.6046597,343768045.4261552,3,0.2
60,343510866.4240274,343597783.5615874,3,0.2
80,343491945.8245418,343344186.006623,3,0.2
100,343546860.22697175,343600846.8451644,3,0.2
120,343868758.5547316,343686508.42193717,3,0.2
140,344029634.22025406,343665550.8614749,3,0.2
160,343868441.8165345,343808666.6998292,3,0.2
180,343861293.5266876,343798313.7757857,3,0.2
200,343568671.01434314,343368739.36439574,3,0.2
220,343209697.0828064,343423387.8331859,3,0.2
240,343684952.62035614,343635558.9898532,3,0.2
260,344006641.6261512,343716061.0728227,3,0.2
280,344052018.22997797,343720123.2316742,3,0.2
300,343921513.8117689,343654418.33657527,3,0.2
320,343820304.9123931,343787917.9974668,3,0.2
340,344222097.7497149,343893381.8540327,3,0.2
360,343806384.42727333,343648331.4566886,3,0.2
380,343679767.1665686,343662024.8642087,3,0.2
400,344075015.5688756,343857525.30295336,3,0.2
420,344096533.7062345,343905488.3874019,3,0.2
440,343961359.75426143,343871156.91640455,3,0.2
460,344731404.8868537,343934674.4404958,3,0.2
480,343713115.7163173,343684149.8597008,3,0.2
500,343926949.9909005,343793361.2212364,3,0.2
520,343786531.96299565,343951493.67803925,3,0.2
540,344156282.11045504,343954467.151338,3,0.2
560,343882198.49046993,343609322.29452527,3,0.2
580,344213504.6220227,344060191.0777801,3,0.2
600,344296109.2628713,344028763.5886919,3,0.2
620,344225521.8186009,343599010.26271534,3,0.2
640,344001503.35467505,343975692.22951734,3,0.2
660,343705587.16082734,343493294.0732838,3,0.2
680,344020501.66399395,343782787.90646225,3,0.2
700,343757307.4743509,344052499.73865896,3,0.2
720,344058986.4905993,344066900.5643079,3,0.2
740,343389665.0903516,343262674.7360474,3,0.2
760,343712820.9772594,343341059.94417745,3,0.2
780,344119707.9208512,343759427.6411028,3,0.2
0,186278492.9623093,186278492.9623093,3,0.01
20,187675721.55800855,319674533.3035873,3,0.01
40,191678954.22360593,320104082.7374375,3,0.01
60,197331570.75657225,320137136.50837517,3,0.01
80,197683028.2946764,320667316.7251866,3,0.01
100,185925666.004242,321060348.2637925,3,0.01
120,167054776.52740216,320296670.1917939,3,0.01
140,150605832.63847807,319578391.1678186,3,0.01
160,135355371.43100727,319586279.6816533,3,0.01
180,122557470.44478825,318614489.94397336,3,0.01
200,110062151.47582482,317381321.0020068,3,0.01
220,99105681.34278,315800348.8897464,3,0.01
240,93131376.78896776,314652588.04915786,3,0.01
260,95154805.988629,314355471.679905,3,0.01
280,101751950.19405252,313794486.20306456,3,0.01
300,111155502.36390024,314590197.33663315,3,0.01
320,121080239.9049168,314540440.4030769,3,0.01
340,127178442.0105528,316376317.9374188,3,0.01
360,129100361.48157968,317835386.1139085,3,0.01
380,132151906.74506567,318102484.2504256,3,0.01
400,134970870.1884099,317801515.70423585,3,0.01
420,136752244.69818985,318080453.3892112,3,0.01
440,137049330.26199892,317873843.54037684,3,0.01
460,132501676.42644298,317004236.45301455,3,0.01
480,132917240.81435248,318160567.53595006,3,0.01
500,141795512.2562967,316804751.00906223,3,0.01
520,148840167.15714282,317179091.81262803,3,0.01
540,154990140.7604676,318123416.12417257,3,0.01
560,162987122.65234926,317597171.3995793,3,0.01
580,173470665.5375302,318678660.6767547,3,0.01
600,185906771.3376557,318793583.0194019,3,0.01
620,187902985.19324255,319127143.9036844,3,0.01
640,177088868.1961903,319999949.39600635,3,0.01
660,166262645.8140117,319812053.2364893,3,0.01
680,162170618.73602384,319658547.38826275,3,0.01
700,162529385.96282154,320201842.81317925,3,0.01
720,160169999.73326817,319671804.2892865,3,0.01
740,158735970.77097306,319089205.273939,3,0.01
760,158616872.8854934,318667744.7849061,3,0.01
780,166354517.8523445,318155565.35497445,3,0.01
0,334809014.191358,334809014.191358,3,0.05
20,334718654.2733377,338693950.93365663,3,0.05
40,332483798.85045785,337915307.8868879,3,0.05
60,331490727.1248007,338334007.063172,3,0.05
80,331560957.18955016,337534461.98600066,3,0.05
100,330306442.69280267,336979056.24314976,3,0.05
120,326230630.1239088,336677411.46516025,3,0.05
140,326508207.4277495,338162814.94585097,3,0.05
160,328374378.817906,339028068.4323971,3,0.05
180,330480469.35410804,338421247.52845997,3,0.05
200,332077822.40342116,337679185.7685055,3,0.05
220,334691176.2736132,338509442.2140323,3,0.05
240,334528124.3958365,338625565.24828017,3,0.05
260,334528384.6740163,338432697.79772806,3,0.05
280,334058470.0284094,339514872.75178635,3,0.05
300,334987463.7359995,339707379.2956605,3,0.05
320,333521157.3878194,338642182.8103793,3,0.05
340,333854325.3378332,339438885.9400739,3,0.05
360,335074356.3543668,339286761.7727821,3,0.05
380,334332469.36209,338175861.0826462,3,0.05
400,333573265.08078873,338064242.1725249,3,0.05
420,334720913.2626964,337965878.8717062,3,0.05
440,329822392.8085662,337518588.3755798,3,0.05
460,330608829.5200642,337705207.8606214,3,0.05
480,332808018.45893484,337852438.7662599,3,0.05
500,334390161.5114726,339448103.6430287,3,0.05
520,334795478.9188897,340086626.3096539,3,0.05
540,331749609.9953149,338693486.46833575,3,0.05
560,333699510.9925735,339261887.4383484,3,0.05
580,329314288.4609132,338626019.23793256,3,0.05
600,330569280.0686124,337562035.62055653,3,0.05
620,332630221.30245674,338055812.81539774,3,0.05
640,333472467.0107578,338457919.836377,3,0.05
660,334254102.46725404,338784176.886332,3,0.05
680,332825325.73798406,337843762.62380576,3,0.05
700,332152892.56082153,338945283.36888945,3,0.05
720,331819225.1431619,337514900.30521965,3,0.05
740,333166327.6106193,338679962.0133014,3,0.05
760,336190883.5166803,339468082.1327004,3,0.05
780,334085365.9149122,338831181.3958789,3,0.05
0,319215459.89458966,319215459.89458966,3,0.03
20,313796652.96439254,334443118.53342855,3,0.03
40,312043725.2826301,333994920.3201236,3,0.03
60,314511243.2847371,334020717.3553676,3,0.03
80,316931097.4194228,335227661.7363698,3,0.03
100,311096250.12934184,333937290.9481566,3,0.03
120,306852407.6611289,332694544.52244055,3,0.03
140,308071390.6749847,333725879.53550804,3,0.03
160,297296735.6793545,334953657.7526566,3,0.03
180,286814051.47495615,335059424.9751156,3,0.03
200,292189337.4799352,334866053.3787767,3,0.03
220,304617442.97150487,334785017.6643878,3,0.03
240,306179083.5449563,334998380.51466095,3,0.03
260,302529814.09055394,334391139.88542616,3,0.03
280,299780798.9301012,333146667.3931734,3,0.03
300,305499926.92004716,333238134.9379816,3,0.03
320,307792597.6177541,333791046.9423009,3,0.03
340,308690919.932708,334793106.6968287,3,0.03
360,311754905.4695773,333938048.453977,3,0.03
380,314916435.403006,333386694.4473202,3,0.03
400,312502083.62913704,334313751.7847436,3,0.03
420,312323930.98892665,335550930.7729105,3,0.03
440,317124034.7832176,336234289.68636775,3,0.03
460,319974600.7220542,336468378.91735405,3,0.03
480,314024332.3923192,335045899.29709566,3,0.03
500,314823639.6621834,334046746.5084727,3,0.03
520,313822230.2118134,334890703.7202562,3,0.03
540,310659300.40172005,334254852.4965122,3,0.03
560,308964482.24823487,334495647.70081544,3,0.03
580,312009300.2204282,333626517.59660196,3,0.03
600,311948349.3188633,332543071.1963953,3,0.03
620,313980470.91870195,331866019.8091565,3,0.03
640,308998218.1248394,332804568.25367534,3,0.03
660,310677883.09483397,332123051.5197269,3,0.03
680,309396813.4503166,333748949.59778535,3,0.03
700,317895607.0693163,332571496.4767562,3,0.03
720,320469857.6874146,332034490.49354875,3,0.03
740,318091866.90617704,333514066.91750085,3,0.03
760,315290653.30967736,333645607.9324539,3,0.03
780,310634339.13545585,334657909.268464,3,0.03
0,338475026.99442494,338475026.99442494,3,0.07
20,338921061.7024722,340956731.9243305,3,0.07
40,338438286.78128135,340168930.0914546,3,0.07
60,338274079.6810122,340905567.4299516,3,0.07
80,335047816.1618623,339134173.26784724,3,0.07
100,336705277.35787255,339154161.34211934,3,0.07
120,338200555.54963756,340038974.63743806,3,0.07
140,337357428.3622439,339206489.41430426,3,0.07
160,338552270.2314526,340301468.2641963,3,0.07
180,338562354.8018072,340386993.96008134,3,0.07
200,339084045.73893213,340970590.09822273,3,0.07
220,341239879.1698782,341110711.3233917,3,0.07
240,339671677.2608574,340384065.599023,3,0.07
260,338603572.62273514,340382531.1505162,3,0.07
280,340045922.87956315,341245261.3226107,3,0.07
300,339561570.3316296,341155199.8071191,3,0.07
320,338762082.70229024,340020051.3561786,3,0.07
340,338115153.6292775,340342696.6047819,3,0.07
360,337703580.67648304,340152707.5272272,3,0.07
380,339160831.1600282,340999990.4553294,3,0.07
400,339553826.33468276,340980820.94959605,3,0.07
420,337981845.96641237,339709748.81808436,3,0.07
440,335642718.7211267,339926145.4778347,3,0.07
460,338256084.3482032,340479921.1399298,3,0.07
480,336179123.54739976,340257524.19218254,3,0.07
500,337189163.816476,340153939.511676,3,0.07
520,338478428.18938905,339993630.74392015,3,0.07
540,336699904.369251,340853477.03868973,3,0.07
560,335688320.57436514,339190276.1025333,3,0.07
580,336781259.73546696,339955375.98572004,3,0.07
600,336064712.3882675,339688765.6685138,3,0.07
620,336873854.14462596,339748575.1927184,3,0.07
640,337754888.18799216,339889577.1988396,3,0.07
660,338126181.07709587,340024729.88036025,3,0.07
680,338993285.0964894,340165391.7113751,3,0.07
700,339643903.6797185,339428210.3786464,3,0.07
720,338911275.27531976,339622771.6859894,3,0.07
740,338637403.1465909,339825966.93299544,3,0.07
760,339069349.92115057,340436128.7818557,3,0.07
780,338414261.4446055,339990687.74905646,3,0.07
0,344189753.93751705,344189753.93751705,3,0.2
20,343657032.4304615,343714760.57438993,3,0.2
40,344054411.36181414,343731803.5015941,3,0.2
60,343884497.40605646,343814396.38479704,3,0.2
80,343781903.2354268,343604212.8774173,3,0.2
100,344021546.9378885,343698701.44762564,3,0.2
120,343832867.8527875,343562888.0444156,3,0.2
140,343441965.749077,343424057.86801386,3,0.2
160,343691888.6844932,343650434.7106872,3,0.2
180,343675305.5162564,343664819.02635777,3,0.2
200,343924379.07286036,343530323.1663163,3,0.2
220,343642638.6768702,343572988.76528656,3,0.2
240,343957023.6920779,343794653.410777,3,0.2
260,344101481.2625678,344058459.41103125,3,0.2
280,343709051.6611376,343657512.4053239,3,0.2
300,344246100.8136103,343762160.6742914,3,0.2
320,343750878.93534076,343686937.6178404,3,0.2
340,344042108.74732864,343987015.9452951,3,0.2
360,343918392.6503185,343601921.0821952,3,0.2
380,343881203.1123923,343729529.14979887,3,0.2
400,343839966.33953273,343815740.9086552,3,0.2
420,343334584.98082566,343124533.8174387,3,0.2
440,343985477.9844054,343902020.86780477,3,0.2
460,343813826.1574489,343738756.7455619,3,0.2
480,344007162.8525517,343789591.0368718,3,0.2
500,343933253.7840448,343844888.49601835,3,0.2
520,344175194.12555224,344013092.1024923,3,0.2
540,343172261.55579096,343154599.76969886,3,0.2
560,343621740.7180115,343792346.786727,3,0.2
580,343850851.11714685,343712579.2373934,3,0.2
600,343880848.12074673,343751714.4910668,3,0.2
620,343703450.1464499,343559512.41562974,3,0.2
640,343944219.5048914,343882940.20298934,3,0.2
660,343605201.29835117,343356798.7229318,3,0.2
680,343752883.0663265,343472421.667487,3,0.2
700,344055008.9462912,343906540.25201935,3,0.2
720,343754544.36114097,343450014.5248336,3,0.2
740,343713711.2460499,343656368.63205075,3,0.2
760,343845604.40536535,343558013.44570863,3,0.2
780,344089255.3988555,343759943.6163317,3,0.2
0,109232163.28641924,109232163.28641924,2,0.01
20,112096418.36962348,308668051.91374034,2,0.01
40,116793441.87164582,308954153.34902793,2,0.01
60,118345106.87346812,308865665.4991064,2,0.01
80,116697449.75974391,308733935.60747164,2,0.01
100,116614826.02945426,308062674.4216523,2,0.01
120,117397608.163149,308878975.62206674,2,0.01
140,112928679.31104234,307850435.12333924,2,0.01
160,107624571.42454693,306080201.5832455,2,0.01
180,105528301.23038082,302343399.04114115,2,0.01
200,103986518.05089648,302903682.80375934,2,0.01
220,98611212.50646748,299257715.3711314,2,0.01
240,88685724.2830753,297569439.6161703,2,0.01
260,79350474.91991457,297911403.6971364,2,0.01
280,69974793.64159578,299741045.7775663,2,0.01
300,63431751.86950385,299970115.0400315,2,0.01
320,62207931.37705642,303883503.6958637,2,0.01
340,64480174.16280819,303430042.76263535,2,0.01
360,68985009.21871161,303796740.98491544,2,0.01
380,66420342.30556841,303833273.35047084,2,0.01
400,61861940.49401405,301527789.3503711,2,0.01
420,58492387.845436886,299740206.81611836,2,0.01
440,52675435.15315447,295833785.5348324,2,0.01
460,41895696.45403668,292597914.2788807,2,0.01
480,33718969.18870693,288935221.6932534,2,0.01
500,29683838.412557155,289386335.58237076,2,0.01
520,27753018.82650484,291681408.1117646,2,0.01
540,24617843.07354923,291306148.3608134,2,0.01
560,19882957.027523436,294041608.2947708,2,0.01
580,18040096.36026061,294830656.2835773,2,0.01
600,16977041.321799636,296740419.9427388,2,0.01
620,17226127.866483554,298548707.39106524,2,0.01
640,17043076.522897623,299630484.9618964,2,0.01
660,15284776.245748986,299579172.38642955,2,0.01
680,14437482.16520914,300350078.34675115,2,0.01
700,13633523.719176216,296594818.9190588,2,0.01
720,14972108.230251,295020173.1484526,2,0.01
740,18225045.110660855,295123588.29114836,2,0.01
760,22518536.01434883,295587582.5145418,2,0.01
780,24404692.67550928,291223252.3341602,2,0.01
0,311136571.2446041,311136571.2446041,2,0.05
20,315899939.76059204,327839761.5186694,2,0.05
40,301244013.5341228,326644420.3410026,2,0.05
60,312659210.5951264,325180354.6125543,2,0.05
80,307515950.3272197,325987708.10074055,2,0.05
100,311406196.7381074,323299079.7596043,2,0.05
120,300701290.80893517,321841372.1497798,2,0.05
140,311800469.09663874,327784562.61662006,2,0.05
160,309072806.8115127,324453357.8233017,2,0.05
180,304752192.90639615,325516425.99355596,2,0.05
200,311414828.4879743,326978903.4733716,2,0.05
220,316078595.475495,325514730.49314374,2,0.05
240,315434060.9275485,326442984.1674642,2,0.05
260,308399065.88241637,325343470.94149196,2,0.05
280,313957890.7675326,328194263.3048068,2,0.05
300,319794989.31091106,328924150.3170941,2,0.05
320,308874491.44054025,327921515.1458291,2,0.05
340,310661401.63577026,327579571.46441686,2,0.05
360,314875541.2120178,328892607.19708824,2,0.05
380,308427579.049314,324488502.38495666,2,0.05
400,299289413.9794769,323890764.4710757,2,0.05
420,285900609.20214367,322830498.43395793,2,0.05
440,290016299.7514081,324751870.1918851,2,0.05
460,298914954.27131253,323409272.239544,2,0.05
480,280695587.2373182,325437685.1567451,2,0.05
500,273987137.9333181,325207756.5210153,2,0.05
520,311924003.24007624,324170736.8112253,2,0.05
540,308323678.05161566,324768868.31328064,2,0.05
560,312393578.6052346,325650855.5727739,2,0.05
580,313537860.5117533,326563986.27627707,2,0.05
600,311924887.05818975,323537181.802978,2,0.05
620,291595713.9724,322942142.52611625,2,0.05
640,304235805.7239331,325830410.28879255,2,0.05
660,289846128.7324911,318426144.4864319,2,0.05
680,291870284.71709144,323937952.71348083,2,0.05
700,302610757.8895386,325365842.84380907,2,0.05
720,303987146.65699023,323846396.6252129,2,0.05
740,303875750.22241396,326329993.04289913,2,0.05
760,308636850.4343792,324642147.1315827,2,0.05
780,304928234.6223279,322132465.8801386,2,0.05
0,258998616.83932936,258998616.83932936,2,0.03
20,276215588.6610298,325197345.8283675,2,0.03
40,268576285.0784227,325330947.9084327,2,0.03
60,261669145.1303657,324830651.12552935,2,0.03
80,263035358.3333792,324723830.25445354,2,0.03
100,261487947.09973627,325321712.905295,2,0.03
120,258383592.76506057,324906291.9165162,2,0.03
140,242406011.5543134,323559492.81741387,2,0.03
160,243897544.4484851,323995791.4967649,2,0.03
180,260700626.2816062,324928114.5129937,2,0.03
200,263212868.54360747,324586366.7218114,2,0.03
220,260670811.596714,323339750.5375449,2,0.03
240,252486269.12799695,323028633.37848914,2,0.03
260,253984534.9028173,323301826.4277048,2,0.03
280,265451992.4139648,323070558.66844165,2,0.03
300,277306512.6171302,322568388.7647585,2,0.03
320,274649645.27206016,321065191.5489565,2,0.03
340,261119603.1709882,320429101.44809103,2,0.03
360,247823633.0986832,321286993.9614839,2,0.03
380,243688528.40749064,321066974.13896286,2,0.03
400,251358306.64424828,322090098.1438573,2,0.03
420,255207892.56863257,321833204.3055903,2,0.03
440,263289431.04938412,322561444.8914857,2,0.03
460,262420631.94070292,322774653.9393839,2,0.03
480,258818363.99152285,324609193.3329183,2,0.03
500,252453607.24046445,322246276.9751344,2,0.03
520,245170167.05742413,322113614.2736709,2,0.03
540,248451324.13628125,320584323.09133494,2,0.03
560,247473900.93309367,320543813.9920694,2,0.03
580,236345092.20053273,321334519.8046753,2,0.03
600,239499596.81514984,321058586.880669,2,0.03
620,237784345.6590356,319714072.1594647,2,0.03
640,234327155.26672852,319700074.12383384,2,0.03
660,235335446.3043669,321296483.8453356,2,0.03
680,239581122.6222316,320860497.23514175,2,0.03
700,255878622.88164437,318146694.46060634,2,0.03
720,271905180.73693854,317789293.3602078,2,0.03
740,275304639.0190087,321588789.18608284,2,0.03
760,275421395.06729484,322764828.4990032,2,0.03
780,282432517.7346015,321364809.19199264,2,0.03
0,310932552.5141331,310932552.5141331,2,0.07
20,301780535.9006429,325929212.6937147,2,0.07
40,303426811.80689913,325677615.12377095,2,0.07
60,307311032.20343035,327364234.1587244,2,0.07
80,308352594.42525953,327775648.06419194,2,0.07
100,318659043.17118156,329924402.9479755,2,0.07
120,318111082.38438296,328436292.8383465,2,0.07
140,327793877.46029484,328437238.76399124,2,0.07
160,308846249.21953654,324247297.4743805,2,0.07
180,314254922.90667796,328046429.71697736,2,0.07
200,297099818.1551828,326604854.6090172,2,0.07
220,312569256.1661085,330274389.3567709,2,0.07
240,323198274.44284034,329126480.1489013,2,0.07
260,321251619.4534147,329475237.6183601,2,0.07
280,324977061.211874,329593400.15658355,2,0.07
300,319968207.5742141,329674902.1478221,2,0.07
320,319883433.5416542,326845965.250841,2,0.07
340,325491732.82369184,328473301.8020215,2,0.07
360,322274422.9179531,328848229.8794625,2,0.07
380,322595867.43450904,328110780.068872,2,0.07
400,318220343.06805587,329103944.15575063,2,0.07
420,308065579.2646022,325012055.359442,2,0.07
440,306622296.9551038,326192422.3328685,2,0.07
460,294490618.9455268,324224606.435833,2,0.07
480,290016031.8850769,324473588.0468,2,0.07
500,282838321.83311296,325125047.1327146,2,0.07
520,299287735.0095411,324695729.521894,2,0.07
540,303714223.3722641,328119141.0518663,2,0.07
560,308453087.0310528,326439660.74642974,2,0.07
580,308918700.84247684,328111070.80563956,2,0.07
600,311789230.6910729,326202710.11044914,2,0.07
620,307621073.21792644,329136953.218387,2,0.07
640,313018804.1879798,328725363.34468365,2,0.07
660,306027941.67358553,330833940.0991703,2,0.07
680,316147180.5902808,327430169.0349133,2,0.07
700,310134525.52662575,329817069.8064592,2,0.07
720,313267781.46639407,329784575.0650465,2,0.07
740,314983452.0473938,329413246.05661064,2,0.07
760,318313296.97210765,329147312.35632086,2,0.07
780,318270755.2968017,326479395.31495726,2,0.07
0,332027467.81269515,332027467.81269515,2,0.2
20,329833474.6074129,332716928.4720776,2,0.2
40,332429036.86700475,334526615.61588174,2,0.2
60,330985560.9793998,331484871.8923981,2,0.2
80,330579850.3695029,332561087.282511,2,0.2
100,332427469.59740305,333629473.5537778,2,0.2
120,331082196.6438392,330346096.0853776,2,0.2
140,328636829.9102497,331881625.7976494,2,0.2
160,329983337.639073,333076705.64310217,2,0.2
180,333423055.4484388,333552798.1453949,2,0.2
200,331903176.3866731,332210840.5112606,2,0.2
220,327396459.9837649,332621900.32179874,2,0.2
240,328228638.15980357,333088408.3414233,2,0.2
260,329787577.0120444,333169917.58744013,2,0.2
280,330945327.8707037,333378881.640463,2,0.2
300,330781811.0265688,332566779.82201594,2,0.2
320,328829249.8888401,329494028.444897,2,0.2
340,327118087.7823982,333129616.8841865,2,0.2
360,326765955.2450714,332377007.06422096,2,0.2
380,325531155.4920464,331155038.5043733,2,0.2
400,329772917.20139444,332013336.7535827,2,0.2
420,329480132.20838046,333565104.03337514,2,0.2
440,330595583.2281992,333395110.75014734,2,0.2
460,328651153.15293866,331660043.526001,2,0.2
480,333398295.08705455,334173252.4158703,2,0.2
500,333238821.465497,331773385.1176286,2,0.2
520,330776153.35382026,332812973.6884311,2,0.2
540,331225758.1797056,332457389.71240604,2,0.2
560,326591501.5325606,331270257.29310036,2,0.2
580,327333358.5028933,332492907.36281604,2,0.2
600,329500677.8160372,333911606.64815724,2,0.2
620,328766678.90674615,330714495.1385617,2,0.2
640,330946617.02666974,333726395.0926691,2,0.2
660,324066230.0284344,328299105.65503615,2,0.2
680,330076628.6030519,334313439.77457803,2,0.2
700,333355060.5152868,334505812.9955494,2,0.2
720,333618904.99057174,333924677.6542722,2,0.2
740,331920898.38225317,332656109.9260474,2,0.2
760,323544213.539884,331410555.95800054,2,0.2
780,323648138.3741779,332227515.9443326,2,0.2
0,57521979.975542866,57521979.975542866,2,0.01
20,54323328.92363204,302835263.3901483,2,0.01
40,48927093.75515698,303247143.84833914,2,0.01
60,46418527.92815359,305756182.103914,2,0.01
80,48113024.71625443,306063906.5091804,2,0.01
100,52236517.37805272,308679681.0294219,2,0.01
120,54589644.3577698,310046267.94571966,2,0.01
140,59305657.10378413,308820768.0228896,2,0.01
160,62663861.08206149,309607358.27998686,2,0.01
180,60387982.63290869,309498247.7275885,2,0.01
200,55370261.57624878,305685453.7429096,2,0.01
220,50676008.76404285,304021307.60745394,2,0.01
240,47708793.30436012,304126433.33167964,2,0.01
260,42031235.20962243,302387612.3579916,2,0.01
280,31460859.51526511,303213833.78307396,2,0.01
300,24686002.022016916,302312732.9870223,2,0.01
320,21506608.083571505,302716907.59159267,2,0.01
340,21105206.46253807,305987625.4635339,2,0.01
360,20484036.858931106,307633210.22506106,2,0.01
380,21534703.725180637,307866768.42134815,2,0.01
400,23531690.47445167,309323408.4818816,2,0.01
420,24022929.665234365,308000111.56418896,2,0.01
440,26028441.0319554,305678539.6230975,2,0.01
460,26024709.52950179,306019898.41576695,2,0.01
480,24258896.642192505,304526475.4046061,2,0.01
500,20337139.21154558,306051599.67701197,2,0.01
520,17626284.885346197,306927816.79644823,2,0.01
540,17481862.989734948,305288339.0325852,2,0.01
560,14810960.65321412,306383490.33218384,2,0.01
580,15261212.016175987,305984554.21450555,2,0.01
600,18013232.62871118,306320654.9462838,2,0.01
620,21560904.054723956,306512437.84775615,2,0.01
640,24527315.243299633,304774540.02211857,2,0.01
660,25350943.404578723,302060715.7427831,2,0.01
680,24256520.43704447,303907378.38073087,2,0.01
700,23929393.217842005,303306367.8793143,2,0.01
720,25695634.282977544,302781342.06794465,2,0.01
740,28107011.80131967,304192896.83180726,2,0.01
760,30943786.884881645,303477426.7361796,2,0.01
780,33820265.26067019,303413637.2217391,2,0.01
0,239845841.7720974,239845841.7720974,2,0.05
20,249579557.16593128,322699183.1990445,2,0.05
40,287147041.0441739,326498317.4524733,2,0.05
60,297528214.77616537,325699360.8665184,2,0.05
80,292908277.40201145,327655688.1288474,2,0.05
100,296742529.27289623,327236155.40450686,2,0.05
120,288970901.6934464,323059865.9663787,2,0.05
140,307602111.9240047,325790622.53798056,2,0.05
160,308469048.741246,324346210.85113764,2,0.05
180,307597097.37509805,326742126.1144186,2,0.05
200,313392078.7244515,326628428.3715097,2,0.05
220,290225278.42671174,321436697.6467682,2,0.05
240,275044529.1116271,322207711.66627914,2,0.05
260,289279013.6441033,322384820.70361924,2,0.05
280,277917082.9908364,324864832.20064217,2,0.05
300,295277966.0851309,319800603.03471476,2,0.05
320,307532690.9273238,326741507.1656922,2,0.05
340,312795426.9715181,328507429.0097903,2,0.05
360,315868958.0110801,327390476.9757377,2,0.05
380,305328313.96796906,324775633.70175195,2,0.05
400,299860405.18869215,324235908.87946117,2,0.05
420,304636599.1036967,325679520.0046207,2,0.05
440,292407926.2311058,323231997.3767725,2,0.05
460,278209559.4877772,319932156.36301017,2,0.05
480,259140468.77103737,321164317.2159972,2,0.05
500,284381888.8997713,326091322.1119996,2,0.05
520,283120679.5396898,322860806.9907907,2,0.05
540,285518389.39657605,326760123.49848616,2,0.05
560,301834647.1926358,327926335.01152825,2,0.05
580,297524180.3322427,327100926.6627593,2,0.05
600,302453659.36010516,323260997.2071308,2,0.05
620,308788340.65208614,327192697.006581,2,0.05
640,305934457.27238876,323761244.92393917,2,0.05
660,304079340.80873895,323516079.11436737,2,0.05
680,307758985.12631273,324962856.9707711,2,0.05
700,307178424.2794168,323561393.6843618,2,0.05
720,301859712.6748542,323659208.0436306,2,0.05
740,295332433.4421791,322982923.4969431,2,0.05
760,292401494.79906034,324116818.9651606,2,0.05
780,295219465.6027075,325474551.4238156,2,0.05
0,262633255.5496828,262633255.5496828,2,0.03
20,272740112.1095796,321039639.02218264,2,0.03
40,265859257.58551553,322200176.63456887,2,0.03
60,244397552.49903148,321133194.9408868,2,0.03
80,229008233.33048564,319998146.6256616,2,0.03
100,204063730.8702042,319294022.89687383,2,0.03
120,195258538.70984495,318655575.88257015,2,0.03
140,176775907.7603084,313568941.80077803,2,0.03
160,148602502.69197592,313067007.7058466,2,0.03
180,152518491.5013969,316026642.32743835,2,0.03
200,157706463.16060045,315404586.9369416,2,0.03
220,159431848.3985114,316769609.2939119,2,0.03
240,186155581.95201564,317687905.3031127,2,0.03
260,225886875.92830464,318694081.11273044,2,0.03
280,248533978.3046305,317608407.98707813,2,0.03
300,222410792.07699177,317327556.79856193,2,0.03
320,213135509.4461487,320266133.33812207,2,0.03
340,238742950.17804423,322169062.31430626,2,0.03
360,233847354.87386957,319349578.41987395,2,0.03
380,216392922.74973515,314364910.0915767,2,0.03
400,188976131.27128607,312432056.4137097,2,0.03
420,186536590.98360017,314662344.42939043,2,0.03
440,196313335.9381784,310205761.404039,2,0.03
460,172994282.00970903,311008834.9418486,2,0.03
480,179294713.70190418,317411660.3813733,2,0.03
500,197292187.754153,321333343.8785452,2,0.03
520,208833815.14159316,319555683.9816554,2,0.03
540,218586182.80532295,317168965.7312263,2,0.03
560,228471191.4301841,320237289.61073273,2,0.03
580,241809032.35010985,322745134.7413987,2,0.03
600,239089253.43738148,323578261.14830387,2,0.03
620,240073381.00589937,322949526.9720065,2,0.03
640,242281863.27054095,321204094.93991655,2,0.03
660,238631430.9776262,320927715.59599483,2,0.03
680,233392195.90662923,319801321.5349422,2,0.03
700,229307613.7617396,319210063.7021506,2,0.03
720,219025521.53836703,318954523.6220373,2,0.03
740,208666620.36332265,319297401.52743554,2,0.03
760,207993062.02478576,319430378.1571469,2,0.03
780,202749699.67426345,315160672.5170889,2,0.03
0,315553315.6825762,315553315.6825762,2,0.07
20,307816476.57440674,328003271.2603956,2,0.07
40,307059887.65067184,325576042.9572957,2,0.07
60,307562173.9126702,325336422.44559103,2,0.07
80,311551988.55385137,326505395.73023236,2,0.07
100,318642241.3474518,327389117.0112586,2,0.07
120,316696886.77694833,325870276.36062694,2,0.07
140,302264838.29270536,325864888.05501795,2,0.07
160,305254041.37132466,325659048.360201,2,0.07
180,291177015.6539109,324322850.71520984,2,0.07
200,311607849.27400535,327584710.9898932,2,0.07
220,296834824.4443481,327100795.9569336,2,0.07
240,313882494.562235,327939780.6158172,2,0.07
260,319535942.23624283,328664975.5008718,2,0.07
280,322396229.2826331,328583959.5140476,2,0.07
300,313336831.29246914,328074621.29509014,2,0.07
320,305668985.1477202,325181108.3113774,2,0.07
340,310206109.69794893,327110997.1839588,2,0.07
360,318133100.5597693,327689542.39614695,2,0.07
380,321014643.2397766,328016945.5455024,2,0.07
400,321591220.32954794,329896377.98849106,2,0.07
420,314081570.7534525,325479866.1945728,2,0.07
440,311076430.42800295,326246385.9241621,2,0.07
460,300643793.90451354,322020792.8049438,2,0.07
480,295284760.71330523,323366630.5213872,2,0.07
500,296498640.1835618,324888934.97222435,2,0.07
520,301896965.24340606,326420677.5718949,2,0.07
540,313857630.4837787,327409883.43502903,2,0.07
560,314730029.1492294,327155539.0196878,2,0.07
580,309481683.5377672,327540731.0396965,2,0.07
600,294480642.8369317,323557370.22691953,2,0.07
620,302082375.4279146,327679346.85891235,2,0.07
640,301846711.9756583,327547154.99040437,2,0.07
660,317937000.82633775,329262777.83714074,2,0.07
680,318207047.5332384,328178935.0382905,2,0.07
700,319957631.1169756,327883735.72520685,2,0.07
720,308294766.069106,324272357.33536476,2,0.07
740,321018973.1744875,327901200.16403663,2,0.07
760,311633859.77262473,330255390.9491692,2,0.07
780,315427078.9447888,327498180.2615397,2,0.07
0,332056055.50998616,332056055.50998616,2,0.2
20,329972862.0712119,331200634.2567736,2,0.2
40,328987983.5799329,332226763.4429425,2,0.2
60,330327774.6872577,333114228.14830786,2,0.2
80,329825643.7634467,333895116.60475767,2,0.2
100,331493444.2653398,332835205.10486245,2,0.2
120,328083772.50080925,330893279.6968427,2,0.2
140,329948341.61684453,330680433.6026048,2,0.2
160,334715421.8565495,333709135.740257,2,0.2
180,333331535.6654566,332635793.1677784,2,0.2
200,333286226.130303,333302528.8977014,2,0.2
220,330961523.4069742,328660489.3140279,2,0.2
240,333835989.05562615,334263308.3386649,2,0.2
260,331640631.12308145,332462741.1439606,2,0.2
280,331413748.32094884,332858719.24192744,2,0.2
300,330035517.2192228,333169194.6210654,2,0.2
320,327383086.05582535,330747563.9701956,2,0.2
340,330869219.33105695,332084026.4109496,2,0.2
360,326138363.1808369,331000036.8550565,2,0.2
380,332177423.31235915,334825612.83914006,2,0.2
400,332636761.53617465,333034750.104687,2,0.2
420,333061450.75998724,333286640.2001256,2,0.2
440,332869988.9493601,332797988.1925208,2,0.2
460,329729770.2374798,330842412.3351022,2,0.2
480,332091896.6664255,333801132.42019296,2,0.2
500,332975496.6309726,332755898.4849646,2,0.2
520,331530009.64333194,331758371.9524565,2,0.2
540,334055994.58581173,334219864.1271018,2,0.2
560,332704909.9556867,333507345.16230315,2,0.2
580,329663883.42845404,332068628.2775379,2,0.2
600,327829980.53947496,333498916.04460084,2,0.2
620,329126186.4453881,333212468.72493756,2,0.2
640,332633339.88534987,333810311.1173458,2,0.2
660,328129087.4673562,333191078.7690003,2,0.2
680,334246001.41332185,332795424.9758769,2,0.2
700,330072653.3032902,331910240.4942179,2,0.2
720,328310090.4341147,332660572.97331,2,0.2
740,332235909.69321394,331702095.6452519,2,0.2
760,322116031.73408675,329837740.35689545,2,0.2
780,327428051.5148792,333538804.79894376,2,0.2
0,15619105.737449694,15619105.737449694,2,0.01
20,14377738.092010964,293463116.2946382,2,0.01
40,13737598.588083375,302122269.5426606,2,0.01
60,15688391.552579433,301979852.6650547,2,0.01
80,20168965.911222085,302360235.05656695,2,0.01
100,25617983.9312224,302489507.6880239,2,0.01
120,32502122.768767875,302507848.1739663,2,0.01
140,41470642.023196265,302067347.990632,2,0.01
160,50072356.47686261,301381308.870709,2,0.01
180,55295515.25766237,303377515.7828175,2,0.01
200,57384284.49690731,302193823.5355567,2,0.01
220,57592786.442540154,302866753.5483283,2,0.01
240,60014952.613472514,303036901.28073895,2,0.01
260,64805697.90111429,303607986.2280042,2,0.01
280,72547270.40659094,306959375.5238574,2,0.01
300,80989780.70374754,306069409.5939931,2,0.01
320,90158058.90286472,308331000.06935,2,0.01
340,98700584.0198816,309258160.8273769,2,0.01
360,107135675.8992724,309686090.0510183,2,0.01
380,113016484.74856202,309954266.1007455,2,0.01
400,117084041.62597476,309647457.37322736,2,0.01
420,118265192.72162738,309181951.3457829,2,0.01
440,117030579.18797436,308513391.8884578,2,0.01
460,117154841.5942807,308107671.4285265,2,0.01
480,117596511.0362266,307708599.59809685,2,0.01
500,119986336.98176704,305943339.87335956,2,0.01
520,121758720.65402123,305704776.2512539,2,0.01
540,122976967.08779888,305082866.3832599,2,0.01
560,124906098.20197935,303775036.2904159,2,0.01
580,126773041.9593651,304215103.7275544,2,0.01
600,128550209.51457752,303225986.31159,2,0.01
620,129931350.91527855,301926214.39797735,2,0.01
640,128924634.26619636,302356143.7108068,2,0.01
660,123595558.8618212,303898901.3010055,2,0.01
680,117237990.88008551,300641900.0797044,2,0.01
700,110943360.44816862,301976002.0536975,2,0.01
720,105834245.40219805,300477558.99435765,2,0.01
740,98850686.83532646,301074670.5240723,2,0.01
760,89966636.56070662,301309395.57590306,2,0.01
780,83348304.22338484,302713240.71536255,2,0.01
0,106077835.7000738,106077835.7000738,2,0.011
20,106038691.83094032,304996936.2518948,2,0.011
40,106831903.01061484,304855255.9164108,2,0.011
60,107451711.3871077,305491103.95983565,2,0.011
80,105944905.31980518,306744170.60779446,2,0.011
100,103287764.73465014,307865270.4047202,2,0.011
120,103007474.44335456,309853183.60402787,2,0.011
140,106794524.9544325,310925658.6353494,2,0.011
160,115103401.40773278,311650477.25089455,2,0.011
180,125291301.09956548,310969763.6163732,2,0.011
200,130661960.12974888,311827527.84530354,2,0.011
220,130294579.9875686,311195048.4360734,2,0.011
240,129096634.78853218,310719007.42079544,2,0.011
260,128255717.9258348,309116265.1237511,2,0.011
280,123831706.36219642,309047300.5514929,2,0.011
300,118977896.18361044,308033671.8153852,2,0.011
320,113876283.60842475,309255012.0437075,2,0.011
340,111199596.1355889,308673980.2486786,2,0.011
360,111292989.77672803,308464799.96898437,2,0.011
380,112007232.04141648,306834972.40154254,2,0.011
400,111721380.55528247,305907496.56388235,2,0.011
420,106217585.82160172,304528967.22102153,2,0.011
440,98791322.97160412,305469069.77391785,2,0.011
460,93728517.44867334,303845659.65702623,2,0.011
480,89941370.75796139,305778967.1710745,2,0.011
500,88371936.61708808,306680019.47251683,2,0.011
520,86899688.02519006,307835841.4661499,2,0.011
540,88026091.6570994,307201156.0260155,2,0.011
560,93137312.37615836,307158357.99707973,2,0.011
580,96315040.18322344,305430842.92462325,2,0.011
600,93229863.85581748,306645047.2934461,2,0.011
620,87544972.45980638,305080503.316775,2,0.011
640,81731837.6904319,303284138.02399915,2,0.011
660,69610726.61948906,304221270.9676243,2,0.011
680,57719758.493775375,306432655.8373835,2,0.011
700,46248309.05766536,308443903.1105219,2,0.011
720,41133108.0820587,308990416.3072299,2,0.011
740,41252166.315491706,311187693.4340185,2,0.011
760,45944743.52039242,310334927.2938239,2,0.011
780,53629386.0955355,308846553.04006875,2,0.011
0,123293967.61472794,123293967.61472794,2,0.012
20,123938407.74250022,308105607.0240468,2,0.012
40,128679744.63832836,307062856.38140243,2,0.012
60,134594890.65051526,305687127.08141804,2,0.012
80,130909002.15103966,304973622.97364676,2,0.012
100,123569623.82433233,305125835.1427859,2,0.012
120,117473470.88385484,302387065.93376625,2,0.012
140,105514733.27067198,304079232.16081405,2,0.012
160,98161374.98019896,302622285.4710104,2,0.012
180,97731724.14017265,301144289.1669073,2,0.012
200,96388561.4315989,301949616.48073125,2,0.012
220,94200307.86501428,303650889.168975,2,0.012
240,94044446.42850868,304213899.9568222,2,0.012
260,100621324.53752184,305379230.03177345,2,0.012
280,109269622.9394192,303780283.3043096,2,0.012
300,116971543.6582359,303449778.6514442,2,0.012
320,117605725.64478862,302445331.221112,2,0.012
340,115247047.2687486,302332846.6326601,2,0.012
360,113808767.73427074,303363150.89814746,2,0.012
380,115623725.77934824,303879685.71188647,2,0.012
400,116561458.67218836,306164359.0868724,2,0.012
420,115142972.3862988,307246847.2782235,2,0.012
440,116599841.75641672,307925477.3807795,2,0.012
460,129113484.02365609,308423748.40569896,2,0.012
480,132477907.56114888,308956882.8945792,2,0.012
500,129403145.09872095,309015976.22182256,2,0.012
520,131913086.66693448,308525458.30970514,2,0.012
540,136225030.4261256,306758261.7254214,2,0.012
560,131761448.77429076,306011611.0529307,2,0.012
580,130230654.72627027,305525505.7273346,2,0.012
600,131531377.7519254,306215649.3901635,2,0.012
620,136643699.03770614,308564593.6279571,2,0.012
640,148275521.1664495,310827860.33551764,2,0.012
660,158671126.58237895,310340240.9298687,2,0.012
680,157109403.35345253,310434469.92093843,2,0.012
700,155789089.1951393,310012197.6617651,2,0.012
720,154196044.13222754,310754887.5093185,2,0.012
740,145827643.12013775,312312509.0042633,2,0.012
760,134189494.68272512,311306206.9598456,2,0.012
780,126961920.6089382,310883820.2837683,2,0.012
0,131422532.85464892,131422532.85464892,2,0.013
20,123605714.7548032,309261169.4525081,2,0.013
40,118105002.0228679,307452927.1726372,2,0.013
60,114051317.43409017,306168189.60309374,2,0.013
80,106954615.77517007,307604452.1403029,2,0.013
100,96893030.5960745,308350400.0774149,2,0.013
120,88796203.73967364,308468420.15659034,2,0.013
140,89096104.47318366,309530984.51778483,2,0.013
160,89763995.12184975,309257037.5666242,2,0.013
180,91096972.98216233,308825937.5412012,2,0.013
200,88123929.066531,310806322.1991458,2,0.013
220,79972378.33877575,310913011.95236206,2,0.013
240,69265225.54163274,310578441.79051685,2,0.013
260,68177037.74429117,309684980.65449667,2,0.013
280,63393906.19409321,308122851.4281292,2,0.013
300,53347998.250905976,304464320.0577009,2,0.013
320,43110335.22188875,303672500.8784667,2,0.013
340,36796543.83528394,306103082.4328184,2,0.013
360,41713806.45409689,307834787.4763137,2,0.013
380,54113162.86833319,309937770.37551713,2,0.013
400,66568507.60344376,310513285.34215343,2,0.013
420,70398539.68606235,311667668.9285812,2,0.013
440,70098460.42283866,311160311.4552231,2,0.013
460,66461110.92781701,311953803.6234881,2,0.013
480,66797133.30499941,309868400.5894632,2,0.013
500,81271771.69396845,308862335.5306982,2,0.013
520,97419867.81198289,309694511.2028924,2,0.013
540,107357768.67973626,310633433.7733674,2,0.013
560,115754680.39413828,311233798.1607077,2,0.013
580,126653775.40269516,311654139.44980943,2,0.013
600,140689178.1986656,313068294.0553352,2,0.013
620,154717716.88390452,313397602.9604181,2,0.013
640,154520552.94339016,314735284.6097809,2,0.013
660,147932715.45579875,313878155.24686277,2,0.013
680,135154286.01729342,313778747.4520484,2,0.013
700,122562079.64901216,312976803.80312276,2,0.013
720,109087598.54747476,312837068.9025359,2,0.013
740,102055268.38152376,313388780.67851186,2,0.013
760,101996072.87871698,313425204.3365684,2,0.013
780,107366253.4785037,313969608.06345046,2,0.013
0,114811741.86579472,114811741.86579472,2,0.014
20,145255107.98566192,313527172.997287,2,0.014
40,165845083.6692683,312720663.97240454,2,0.014
60,176324075.9331362,309442281.6859015,2,0.014
80,172030510.76633137,307601813.99266523,2,0.014
100,158382166.3026635,306078178.48450565,2,0.014
120,143100717.60370272,306921063.6676255,2,0.014
140,125898529.25253384,307910689.20512843,2,0.014
160,116478790.47325908,310500714.7926921,2,0.014
180,116962476.1755566,311482412.39201313,2,0.014
200,115114064.14985506,312157168.02778375,2,0.014
220,116145964.5120646,311069895.75209534,2,0.014
240,121412728.649774,313330737.6626445,2,0.014
260,128638131.85302684,311973381.3840517,2,0.014
280,127138138.64279386,309728006.43888414,2,0.014
300,119169113.71323544,307654604.46430755,2,0.014
320,110540072.98173898,306061839.35033417,2,0.014
340,98234312.69273138,307423755.9017144,2,0.014
360,84743905.87200147,309031833.42015845,2,0.014
380,77090932.03540972,311651736.912953,2,0.014
400,71652812.50380671,312088284.0956973,2,0.014
420,63893092.187868096,311189001.7076608,2,0.014
440,61269517.95647024,311826679.91583014,2,0.014
460,71946845.3084767,310242646.00481033,2,0.014
480,83791350.58863656,309750120.3820658,2,0.014
500,87417439.7457206,308845785.5404972,2,0.014
520,86261680.24155024,309206507.69254965,2,0.014
540,85444794.05553946,310514922.1190971,2,0.014
560,88090937.1697047,312794886.4668085,2,0.014
580,90900957.9871202,312142385.2410735,2,0.014
600,96240409.73828316,314137922.02053213,2,0.014
620,99772163.78581291,313003563.3058282,2,0.014
640,94512953.48086676,312516485.9039556,2,0.014
660,92858006.28991131,312345951.3513787,2,0.014
680,97716017.167299,312806543.5218569,2,0.014
700,103729077.58211772,308684838.3237425,2,0.014
720,103631899.70274296,307468592.17260855,2,0.014
740,103123048.90313412,306266728.297796,2,0.014
760,108091774.5054735,306942331.4156273,2,0.014
780,111511505.82161763,307992885.33935094,2,0.014
0,71248191.56980184,71248191.56980184,2,0.015
20,66713651.276746,311466331.2017138,2,0.015
40,71629832.08768424,312401311.0807382,2,0.015
60,77756820.69118825,312380844.8142099,2,0.015
80,80205311.26760884,311415025.64553833,2,0.015
100,72908028.0100864,310812790.45982707,2,0.015
120,68384706.85714445,310002939.98595285,2,0.015
140,71620165.65720636,310768392.8502764,2,0.015
160,85824813.7320779,310626702.41090274,2,0.015
180,103346266.1445095,311625144.0122011,2,0.015
200,117367375.89875811,312309382.10006535,2,0.015
220,116946275.59578216,312554980.7256309,2,0.015
240,114040117.5359406,314284257.09146947,2,0.015
260,111708037.1859561,314415913.9984698,2,0.015
280,107556018.54290044,316149762.0288031,2,0.015
300,100772534.3722552,316050767.0008054,2,0.015
320,98929190.20899291,315159351.7004352,2,0.015
340,97677852.52579112,310726492.5851087,2,0.015
360,91844279.6683684,307981565.35637623,2,0.015
380,93108391.46072005,306484010.0747042,2,0.015
400,99986604.92197075,306646311.15170944,2,0.015
420,103373568.47334988,308387017.30417985,2,0.015
440,109696347.83141609,310895096.4193096,2,0.015
460,112417027.38610864,311105816.67574316,2,0.015
480,107969567.72069004,311451767.2834026,2,0.015
500,107222203.3427895,310632053.81470716,2,0.015
520,107939568.99743745,311366437.2749759,2,0.015
540,112419122.34772605,310755505.6928289,2,0.015
560,122012211.31622767,311004587.53585124,2,0.015
580,130322950.48280162,311442753.2906814,2,0.015
600,132033052.7260611,311639520.463686,2,0.015
620,133795998.04413678,309371622.2840554,2,0.015
640,136048999.953036,308599678.09483933,2,0.015
660,128903466.32870445,311094329.7802049,2,0.015
680,116957746.71495964,312721188.08169633,2,0.015
700,104240935.09849152,312740919.8160963,2,0.015
720,94670505.82193394,313324914.51984495,2,0.015
740,83064069.58123566,311759566.73796743,2,0.015
760,79972459.23232007,312099600.57328916,2,0.015
780,77353183.84183013,308661670.03078973,2,0.015
0,161182321.68132317,161182321.68132317,2,0.016
20,150857453.31103045,316472241.7521367,2,0.016
40,141943281.1500093,316073628.5617426,2,0.016
60,141316472.69919735,317525973.73485625,2,0.016
80,153102218.76729655,317954058.6235266,2,0.016
100,159696516.52249312,317111900.4407979,2,0.016
120,162642438.5925965,317483839.72317386,2,0.016
140,164809684.29001424,317301619.2457246,2,0.016
160,168999247.5228567,316288348.0414213,2,0.016
180,164834633.99843234,315780304.50551295,2,0.016
200,152632097.99479982,316298638.9343622,2,0.016
220,150821512.52262115,315111183.38756526,2,0.016
240,164944064.6532092,314805376.6224789,2,0.016
260,185088799.59329823,315478015.3656907,2,0.016
280,205961570.0314169,316122198.54258233,2,0.016
300,214758629.06308848,315430377.5524625,2,0.016
320,207871070.25530052,315093019.9170238,2,0.016
340,202758685.89013052,314355377.89885354,2,0.016
360,193149222.90142804,314442925.437631,2,0.016
380,195879179.18506584,315122633.6047232,2,0.016
400,201961585.0085343,315080809.5279111,2,0.016
420,205893318.08505055,315478385.8936129,2,0.016
440,215661326.35309175,316236444.6348641,2,0.016
460,221880516.59629864,316925819.0794486,2,0.016
480,229442688.76729843,315831661.9976461,2,0.016
500,225558432.77276924,315804074.8858183,2,0.016
520,218428226.3593574,317114153.8346069,2,0.016
540,207962625.0813899,317153353.4424789,2,0.016
560,196312745.99238604,317525891.8812319,2,0.016
580,192950667.2019287,317561971.265936,2,0.016
600,187836500.3264545,316228114.6347446,2,0.016
620,182310322.68062487,314701926.1288866,2,0.016
640,175250727.81644723,313938571.6221528,2,0.016
660,164068428.57011795,311906346.10456944,2,0.016
680,158253192.94699842,310913963.0146973,2,0.016
700,158091606.3221233,311862955.06649405,2,0.016
720,167371832.98561704,312525298.0603945,2,0.016
740,176635407.4147638,312811888.22742975,2,0.016
760,181003306.62051776,313668381.7530225,2,0.016
780,180874694.1228044,312960709.57887673,2,0.016
0,85637727.15896279,85637727.15896279,2,0.017
20,86785936.77217615,312991049.15425885,2,0.017
40,93208243.63706043,314360556.3271153,2,0.017
60,105790796.6480832,312383949.7634877,2,0.017
80,115522366.78977196,311382298.62007403,2,0.017
100,121399056.97444949,310323203.04458547,2,0.017
120,124109048.19845667,309986679.8024699,2,0.017
140,130301980.30198264,312868243.69398105,2,0.017
160,137168148.22707146,315008639.83399606,2,0.017
180,151581350.93441883,317662142.9199263,2,0.017
200,163311728.95181394,318072560.8023205,2,0.017
220,167520003.20222282,316660081.813189,2,0.017
240,169638067.74501687,316634467.1158222,2,0.017
260,173959854.59552956,317027788.76979476,2,0.017
280,175698075.08985084,316439676.06050646,2,0.017
300,171245215.60642594,317080244.77993333,2,0.017
320,165082978.51626804,317252868.54814357,2,0.017
340,163442981.9557623,318295625.9408252,2,0.017
360,168361999.6560644,318524397.9825534,2,0.017
380,168240992.076872,318854136.8930351,2,0.017
400,171585091.242603,319546409.29032135,2,0.017
420,180079529.74788523,318209610.1973475,2,0.017
440,187776557.61300647,317122172.21166486,2,0.017
460,185023220.44657448,315520065.66515577,2,0.017
480,179357955.5375219,315450309.37123835,2,0.017
500,177788340.71644634,315658415.2939576,2,0.017
520,178691535.7064275,317698011.54834557,2,0.017
540,177687590.40744495,317742870.7383786,2,0.017
560,181112163.51388645,316736556.82201463,2,0.017
580,179353750.9742505,311308700.33143747,2,0.017
600,172957039.8055691,306985097.17432076,2,0.017
620,165103080.0305854,306319730.1578901,2,0.017
640,147843455.54634404,307420572.95611435,2,0.017
660,140111736.3724448,313122142.39819705,2,0.017
680,146239994.59388626,315756230.29014814,2,0.017
700,149433231.94869053,317889483.73846155,2,0.017
720,147111358.39472544,318455286.98846453,2,0.017
740,139931369.27362293,315675933.784991,2,0.017
760,126927388.59193796,311387353.82106763,2,0.017
780,115782083.7505348,309120688.68342483,2,0.017
0,161382726.47598323,161382726.47598323,2,0.018
20,151559005.78830805,312782411.3121339,2,0.018
40,153906329.75397632,312377342.3021011,2,0.018
60,158461768.46249706,312411240.72134054,2,0.018
80,164563456.0648333,313706417.3697923,2,0.018
100,167354903.10041884,315703919.32846045,2,0.018
120,161345229.95634264,316541327.2830244,2,0.018
140,154098451.56070557,317659324.46875864,2,0.018
160,157098348.66280484,318976301.8295241,2,0.018
180,160638016.05857277,317399748.1682327,2,0.018
200,153682290.9948147,318307293.21886134,2,0.018
220,141552136.0452217,319062176.42135924,2,0.018
240,121225989.2187325,319380607.29504,2,0.018
260,107411037.08602583,317588496.5353585,2,0.018
280,93734659.04458074,316068488.09823704,2,0.018
300,84199070.66289167,313751857.0452571,2,0.018
320,86937541.51203606,313520514.7231492,2,0.018
340,96314261.10879116,313053487.9463354,2,0.018
360,104217282.3132234,312688843.4860245,2,0.018
380,113213555.06628968,311374699.3108969,2,0.018
400,120537321.42071122,311106999.7444598,2,0.018
420,126252952.5883236,311454569.2765315,2,0.018
440,134766863.36340564,310856279.39848053,2,0.018
460,139664719.81750777,309855053.9208796,2,0.018
480,149880000.70608044,311012139.1114343,2,0.018
500,164004823.76234984,312827594.3612893,2,0.018
520,180271112.40199947,315768239.2640673,2,0.018
540,193092493.49716693,317137656.02171856,2,0.018
560,208259041.7848407,316808402.7478986,2,0.018
580,224484781.9300292,316321884.5547595,2,0.018
600,226130180.8406192,313987199.7863226,2,0.018
620,219215617.2189425,313332516.7082307,2,0.018
640,206976703.79046345,312898718.52173156,2,0.018
660,202176614.78263253,315343543.596141,2,0.018
680,200720465.54558423,314183700.80943334,2,0.018
700,204951889.74500155,311805677.8522825,2,0.018
720,191442671.54060888,306484525.7968666,2,0.018
740,173453492.67096585,306513650.3753053,2,0.018
760,163684053.5737231,309305807.85398513,2,0.018
780,166531109.00786942,313549248.52924776,2,0.018
0,239999734.79515564,239999734.79515564,2,0.019
20,236949720.71550423,319467781.9995009,2,0.019
40,242313558.6153509,320437072.0344622,2,0.019
60,244916321.1654243,319833670.57855153,2,0.019
80,247366530.3666253,320239587.36661375,2,0.019
100,242413023.64178115,318641738.59509814,2,0.019
120,234153902.95043728,317931047.06476307,2,0.019
140,226871149.71480215,317190910.5069189,2,0.019
160,223588139.43558848,316377819.9374404,2,0.019
180,220376729.63592836,315726701.01057434,2,0.019
200,216680814.16745025,315232370.7085772,2,0.019
220,205469076.54976693,313620826.57372934,2,0.019
240,191157107.9948888,314296300.3536544,2,0.019
260,193436683.7483773,316472104.08170444,2,0.019
280,202014002.1361991,317763971.6171429,2,0.019
300,206437961.3409313,315641709.2829288,2,0.019
320,204721131.66149017,315437505.1455205,2,0.019
340,199943323.73928,314492076.07926303,2,0.019
360,183796876.09297612,315014578.385289,2,0.019
380,161397439.47595388,312974229.0696698,2,0.019
400,149682234.06864667,314496937.54458827,2,0.019
420,152479065.76557133,315052170.6895876,2,0.019
440,156004664.89983785,314008063.65831244,2,0.019
460,154903828.1146582,312241307.5273741,2,0.019
480,154796366.47085202,313642892.20548844,2,0.019
500,166090123.92445377,315997946.77075136,2,0.019
520,178967707.07385218,316742327.061273,2,0.019
540,184390644.453662,316830600.54245037,2,0.019
560,189598993.77134368,315792880.24640906,2,0.019
580,188066224.10800675,315573971.63796717,2,0.019
600,178750562.0989533,312558930.7253959,2,0.019
620,166565029.44784486,311895994.62927645,2,0.019
640,162508281.1786073,311440145.5361381,2,0.019
660,160592378.8550852,312000546.8893852,2,0.019
680,153618162.9881893,311162978.7198018,2,0.019
700,141672309.8729981,311700708.4313394,2,0.019
720,142550104.70795318,312623260.1418743,2,0.019
740,146140371.95472315,313273881.4923506,2,0.019
760,162058138.46558458,313739489.67361194,2,0.019
780,178067140.4142024,314211619.68756783,2,0.019
0,234943845.8988853,234943845.8988853,2,0.02
20,223088075.7420337,316641502.1345415,2,0.02
40,215869843.74582735,318215640.1089711,2,0.02
60,226406053.2699813,319834772.2901063,2,0.02
80,233337958.686532,319897059.93229747,2,0.02
100,238768162.7519757,320745247.3200495,2,0.02
120,252540520.73082,320424083.28205514,2,0.02
140,255149440.66498193,318414850.87697273,2,0.02
160,245963682.73544836,317486923.60129285,2,0.02
180,233393368.56962517,319966363.97940433,2,0.02
200,222056785.45752,319425705.9326544,2,0.02
220,213635383.15605408,320210699.15005994,2,0.02
240,205042697.2590266,320102337.8157308,2,0.02
260,198965516.64459223,320490979.29657435,2,0.02
280,193047235.16494155,318767769.0055302,2,0.02
300,185241425.9567112,319040524.3309617,2,0.02
320,177063851.3604499,318908229.7693306,2,0.02
340,158677525.918556,318212277.3201164,2,0.02
360,137450322.505965,319635780.6629964,2,0.02
380,121867219.4015447,317751285.4919582,2,0.02
400,129163325.11846472,316743783.37276804,2,0.02
420,147282154.73156393,318520806.35325646,2,0.02
440,168159991.4461227,319762695.8022715,2,0.02
460,175135213.7087261,318084241.5127344,2,0.02
480,169914603.19743425,317830644.50632656,2,0.02
500,166412563.961081,317641164.799227,2,0.02
520,174988636.0301079,318412775.49067056,2,0.02
540,192580252.61746997,320053970.2565198,2,0.02
560,202052173.14867467,320864656.07042706,2,0.02
580,203898679.8346219,321855356.4643855,2,0.02
600,205345752.98939225,321749363.95379436,2,0.02
620,209619369.2765417,321671754.98502773,2,0.02
640,221926347.82663363,319345897.7258846,2,0.02
660,228937094.92522085,318744552.1473964,2,0.02
680,227005677.53233632,318869912.82900435,2,0.02
700,216696942.11103427,320023304.8716471,2,0.02
720,210962281.56368127,321292860.9340175,2,0.02
740,216072607.30135655,320232712.6989411,2,0.02
760,234172600.6062906,320916866.60938865,2,0.02
780,253382241.9801168,322296121.2273308,2,0.02
0,84073586.37713045,84073586.37713045,2,0.01
20,93405955.00008002,304722882.2161382,2,0.01
40,102595823.98806584,306899773.8892679,2,0.01
60,109687950.87324956,307207261.59591407,2,0.01
80,113363710.77466492,305847740.9550947,2,0.01
100,114685085.48497853,304975870.30381066,2,0.01
120,116340965.71485722,304376405.0098921,2,0.01
140,118098908.4617698,303513608.921095,2,0.01
160,116844972.52101465,303457599.3400223,2,0.01
180,110536258.96160468,303597065.0328426,2,0.01
200,97620204.73576064,303135719.0909066,2,0.01
220,85559334.85097525,303160979.7986883,2,0.01
240,78274515.57150693,301478696.8611609,2,0.01
260,74287424.76561037,303135178.45791405,2,0.01
280,70057431.80045368,302529414.68938565,2,0.01
300,65211129.2910737,301016483.7389847,2,0.01
320,60509995.62359338,302350869.688764,2,0.01
340,58610932.88747939,300262356.2865919,2,0.01
360,57578102.90276173,302874406.8406318,2,0.01
380,53616701.59006472,301374953.0945863,2,0.01
400,48495363.8439892,302854691.9617098,2,0.01
420,42672328.91741803,303239055.9311048,2,0.01
440,42130300.104279496,305115312.9907402,2,0.01
460,46742202.94444023,305650627.075244,2,0.01
480,52578798.24306691,304979062.2717709,2,0.01
500,58757092.16585694,305516785.09168416,2,0.01
520,60863460.11595724,304895826.84458995,2,0.01
540,59938280.45837338,303877138.1245203,2,0.01
560,60606218.6655865,304633044.87806064,2,0.01
580,60883841.96282348,305005486.627193,2,0.01
600,59434960.85291736,302586334.97177714,2,0.01
620,56422951.91156678,305138765.76792765,2,0.01
640,54668167.83262898,305624377.1552868,2,0.01
660,55042714.42699623,305131946.5513023,2,0.01
680,57249892.311135605,306613453.49914163,2,0.01
700,58659029.70312464,306876967.92616725,2,0.01
720,61505817.972436294,305455463.4438942,2,0.01
740,64002045.064125225,305765136.22869265,2,0.01
760,68952716.19151048,305689734.34057814,2,0.01
780,73085540.24660204,301150426.5038811,2,0.01
0,152931683.7601962,152931683.7601962,2,0.011
20,154037416.34667277,311601951.0231795,2,0.011
40,156675525.41751602,309725257.85733855,2,0.011
60,157298089.87570062,308179172.00105083,2,0.011
80,150100025.34880674,308426020.29675186,2,0.011
100,143663583.14863384,307931370.8259158,2,0.011
120,142218738.03981197,306324102.59091336,2,0.011
140,146441907.90124583,306655428.1539361,2,0.011
160,156678021.23884627,306647259.0109377,2,0.011
180,165921456.62363154,308821834.40706885,2,0.011
200,169846977.06853148,309412303.7306197,2,0.011
220,170322201.2930583,310854358.2997423,2,0.011
240,169212652.58609378,310589954.1133207,2,0.011
260,170725803.0152516,311327241.4201158,2,0.011
280,170430678.14731133,311733080.6774279,2,0.011
300,163567317.74416038,312533072.892424,2,0.011
320,149158732.0124631,311021210.4500785,2,0.011
340,135150834.50160065,309749229.44669914,2,0.011
360,128047447.4118272,307717093.7903377,2,0.011
380,126571870.16420452,306962494.68087876,2,0.011
400,130794541.4953438,307124599.47655296,2,0.011
420,136805704.7356098,303646659.20330673,2,0.011
440,143898543.5245311,305132427.9817771,2,0.011
460,147004976.8030017,303412560.08135784,2,0.011
480,142457711.56045842,303540899.65318453,2,0.011
500,132938669.9266717,305242564.1569917,2,0.011
520,122168556.76365314,304461158.6789197,2,0.011
540,109197071.05594592,304671118.4016808,2,0.011
560,94971414.1524595,304755463.2678996,2,0.011
580,86789626.20595531,304221464.474345,2,0.011
600,84672503.580648,304168266.36102366,2,0.011
620,84166753.55052772,301358197.682877,2,0.011
640,84821317.88133153,300606325.99917233,2,0.011
660,88638781.39656682,301692839.8204793,2,0.011
680,93101538.4955608,302569860.37582946,2,0.011
700,98387956.28648312,303784955.6807585,2,0.011
720,101690368.51600644,306063346.3919483,2,0.011
740,101155050.66686986,304677284.7093295,2,0.011
760,103588767.32083268,306834638.44930184,2,0.011
780,105947709.46187486,305791052.5108618,2,0.011
0,53102924.995032616,53102924.995032616,2,0.012
20,47165854.05671563,303565026.5518416,2,0.012
40,45976444.93571422,307155352.7908298,2,0.012
60,46688606.01556915,307881591.75333625,2,0.012
80,51062522.377991185,310107789.413836,2,0.012
100,61802158.38150754,310195125.7831423,2,0.012
120,73653880.53333156,311659529.5545651,2,0.012
140,89966316.28945738,311103074.1994483,2,0.012
160,108743177.5162188,309247238.1218551,2,0.012
180,113903470.76861551,308697893.55822104,2,0.012
200,109288381.07121316,306185982.7031491,2,0.012
220,102686544.03930353,306221238.28356594,2,0.012
240,98833321.13286676,308686110.1557317,2,0.012
260,94114410.5931842,307576248.17407775,2,0.012
280,88171584.81267804,309301343.424834,2,0.012
300,85524615.53597718,308570111.87230444,2,0.012
320,83057686.59695123,307655513.57239586,2,0.012
340,80534363.54848099,306578089.1473911,2,0.012
360,74061470.1968741,305266903.5083097,2,0.012
380,69196775.19990335,305267967.18698645,2,0.012
400,67092963.16268098,304338933.81295836,2,0.012
420,61920194.43485125,302815246.5748925,2,0.012
440,52037377.64216056,299324439.9840056,2,0.012
460,44899179.337980464,298941647.30987704,2,0.012
480,39614964.055311255,298148792.9375884,2,0.012
500,41330400.07304501,301842719.6914282,2,0.012
520,45823407.35798841,303604321.3561891,2,0.012
540,50397293.87146186,304327690.79787433,2,0.012
560,54824282.36083484,305776299.8624567,2,0.012
580,56828547.93231202,306456670.64722794,2,0.012
600,57877593.97827685,303927621.3689979,2,0.012
620,52785435.25350569,302180891.0227571,2,0.012
640,51189439.770729184,299938300.39132273,2,0.012
660,49290300.5686083,298096322.54129225,2,0.012
680,50660264.247852035,298034643.7925121,2,0.012
700,54194666.667779535,299173594.79366434,2,0.012
720,57198753.89116158,298847691.6207522,2,0.012
740,56477430.55234855,303753080.43707705,2,0.012
760,55685031.49758413,307388280.802309,2,0.012
780,57803786.80053293,307443760.78432614,2,0.012
0,39231586.09656455,39231586.09656455,2,0.013
20,38748608.94006722,312401506.16050994,2,0.013
40,41152811.61558349,313748042.69593835,2,0.013
60,44445716.78124221,313836273.41020185,2,0.013
80,50130471.91556935,310061087.4364841,2,0.013
100,53081935.8210319,311056792.9402123,2,0.013
120,52970396.34194398,309684470.2409638,2,0.013
140,51493240.08963189,309443412.67264783,2,0.013
160,49849546.865471795,310691266.45244944,2,0.013
180,46602433.81562166,312852668.8144696,2,0.013
200,48397104.23334926,313521087.87489605,2,0.013
220,53864538.27449386,314141505.1526836,2,0.013
240,60859991.23551382,313030104.99941146,2,0.013
260,67197687.94899185,313073019.6283555,2,0.013
280,71581261.28336,313072192.464314,2,0.013
300,71707412.01850384,312673073.1300188,2,0.013
320,74213549.25161245,311822214.524613,2,0.013
340,76054174.49226183,310171373.8727451,2,0.013
360,72732252.65950833,309696448.9265423,2,0.013
380,73377074.98493326,309082061.46379375,2,0.013
400,75976263.83230175,310006146.950351,2,0.013
420,81758357.29742455,312032167.6784304,2,0.013
440,93122784.30337164,313616511.29863036,2,0.013
460,107696168.31949654,314109762.09842765,2,0.013
480,117346486.8774964,313594613.82132334,2,0.013
500,120483677.46558613,314269673.09991807,2,0.013
520,125889918.11230436,312337527.49047756,2,0.013
540,126851272.1783788,311803938.08721393,2,0.013
560,130585246.8094772,310504668.16530323,2,0.013
580,130298615.74619655,310077324.7922275,2,0.013
600,131084925.55933374,309043079.79789686,2,0.013
620,134937948.74147522,307431543.9513618,2,0.013
640,140878856.6391982,306577597.44841427,2,0.013
660,150647195.92316708,308179831.996724,2,0.013
680,154804478.64083636,309721696.770638,2,0.013
700,160303239.4526797,309909731.24517685,2,0.013
720,166653710.10936597,309035813.85295326,2,0.013
740,175536389.0815169,309492302.06131184,2,0.013
760,182508850.05455795,310031335.238936,2,0.013
780,184784426.20107856,309292973.06581616,2,0.013
0,102267046.54792048,102267046.54792048,2,0.014
20,96822970.54469478,313617559.4045118,2,0.014
40,90506718.82361892,311898892.13686913,2,0.014
60,83158811.92246178,309846982.6021935,2,0.014
80,74259332.50777644,310143234.76893747,2,0.014
100,67078445.60653928,309780281.8758761,2,0.014
120,63527495.0923005,311040689.7187091,2,0.014
140,59922849.7127012,310976211.15589947,2,0.014
160,63130621.49636546,311052432.0374873,2,0.014
180,68481316.22831337,310479530.60054696,2,0.014
200,72801881.83282152,310450838.14421356,2,0.014
220,83037937.15200269,310207363.95470667,2,0.014
240,89798795.49519646,309237834.9806266,2,0.014
260,90212933.8804095,308558694.2954471,2,0.014
280,89053981.01555964,308478676.4838816,2,0.014
300,89143893.03491372,307228950.16444707,2,0.014
320,91612514.08309482,306181914.1261539,2,0.014
340,91983570.4606314,302617986.2957754,2,0.014
360,95435102.16716656,303310829.62878686,2,0.014
380,100807817.08105856,305851577.9018924,2,0.014
400,108979309.98989329,308753426.8095598,2,0.014
420,110710451.3519576,310902077.91842663,2,0.014
440,109468934.04267132,312151802.06543833,2,0.014
460,111110976.62056702,311057995.7392967,2,0.014
480,103853436.26972176,312965641.4288036,2,0.014
500,100261134.6368084,312595741.7667122,2,0.014
520,103239107.88520816,312096159.8841232,2,0.014
540,109457769.31978711,310594269.94808877,2,0.014
560,113392171.78215192,309673539.5920217,2,0.014
580,114575571.53646529,309546457.53501725,2,0.014
600,115721354.8875914,311240173.41955876,2,0.014
620,123956605.6370627,310293135.9656615,2,0.014
640,133705283.24354652,310607103.86368334,2,0.014
660,144492325.718508,311693114.57382715,2,0.014
680,145771435.7744726,313359687.23794293,2,0.014
700,144245934.6394399,314851360.9618504,2,0.014
720,149640227.8450681,314966033.2780319,2,0.014
740,153773139.55433327,314391694.08582675,2,0.014
760,154470445.20506644,314360610.90291333,2,0.014
780,155112056.90609884,312464474.67284214,2,0.014
0,154840080.66407138,154840080.66407138,2,0.015
20,142715104.9325332,312946076.99366,2,0.015
40,137238218.8061061,310461404.23035645,2,0.015
60,134560087.94535166,312756421.45767146,2,0.015
80,135085212.08468375,311272993.69408333,2,0.015
100,135876057.23597887,311694438.74573296,2,0.015
120,130204988.27417251,312440113.6419655,2,0.015
140,121274798.18427023,313904116.2246437,2,0.015
160,116647976.2177438,315882257.188943,2,0.015
180,115640632.8082436,314876926.12999517,2,0.015
200,111412915.3637571,312188409.2028757,2,0.015
220,103664491.52251673,310054293.03815496,2,0.015
240,101175052.85795994,310266225.86942947,2,0.015
260,105441116.7586962,311133723.33553255,2,0.015
280,115423780.50730789,312877128.80686575,2,0.015
300,129355908.59820697,314061970.11856806,2,0.015
320,139815732.36525398,314084180.70153457,2,0.015
340,145650122.41161788,313168653.3461083,2,0.015
360,144789498.80516976,311881643.7420298,2,0.015
380,139392549.09242734,311338957.88805777,2,0.015
400,130401438.1308727,311706895.0621693,2,0.015
420,121558926.17065433,313032911.76548135,2,0.015
440,120231840.13883924,314561957.1757693,2,0.015
460,125310086.2225427,314150036.7068699,2,0.015
480,133425391.9284411,315384177.3653631,2,0.015
500,143364871.71916512,314477970.4847822,2,0.015
520,149033107.06185973,315318177.41158485,2,0.015
540,148710553.99709725,314938877.9999027,2,0.015
560,145840708.15317267,315016301.7013234,2,0.015
580,139422449.90136898,315846458.83924276,2,0.015
600,133728572.1339834,316893341.53148264,2,0.015
620,126993387.9004427,317350808.70059174,2,0.015
640,119879160.05126376,319022630.9169461,2,0.015
660,114417069.56016864,318591351.19817156,2,0.015
680,112670514.90974146,316869326.19808143,2,0.015
700,115402437.01045372,314618409.96517205,2,0.015
720,120957152.05437247,313673315.3360863,2,0.015
740,124494880.33946544,314225033.6534366,2,0.015
760,125368388.32185692,313539119.41620904,2,0.015
780,127175468.53996812,314990189.6917956,2,0.015
0,138638332.5260847,138638332.5260847,2,0.016
20,146132093.234973,316663487.84979975,2,0.016
40,155894580.6033455,316970862.4763394,2,0.016
60,164007180.12353867,316798348.8842419,2,0.016
80,172336776.80016,316287368.9394616,2,0.016
100,177000588.478031,314438379.886037,2,0.016
120,179483376.82871816,313968079.7684957,2,0.016
140,176442057.42430177,313987811.8190086,2,0.016
160,165227593.20616347,314323837.04303813,2,0.016
180,152496811.91953143,315298725.29245806,2,0.016
200,147982910.29900324,315183668.53257865,2,0.016
220,149524556.6992759,315997901.69388664,2,0.016
240,164582116.25936034,317831033.14067966,2,0.016
260,180036013.9282998,319003632.8100335,2,0.016
280,185334691.24155384,319524096.4418355,2,0.016
300,189661713.41196823,319634181.4976405,2,0.016
320,197677224.4704639,318108423.9539822,2,0.016
340,200875167.71744788,316527975.1402885,2,0.016
360,194641933.79023257,316216248.2421413,2,0.016
380,183481480.09908497,316068502.85635984,2,0.016
400,177938895.0147499,317098375.01071113,2,0.016
420,172896128.8781311,318579235.4605138,2,0.016
440,173534343.44430515,318272560.6620987,2,0.016
460,176991932.01975143,317671271.6783202,2,0.016
480,180766005.2774797,316738883.3785697,2,0.016
500,185161853.1523868,316166663.1317092,2,0.016
520,185955925.5139621,316023899.17939925,2,0.016
540,175004060.4195065,315496373.36734253,2,0.016
560,159869599.752694,315310886.6849445,2,0.016
580,149784269.72872308,315313798.1952654,2,0.016
600,143486879.0075673,315089251.902524,2,0.016
620,142220355.95620495,316783298.54785156,2,0.016
640,143972381.8279311,316720292.484079,2,0.016
660,138678826.33831733,316045645.0451899,2,0.016
680,125402924.53953467,314703799.0502406,2,0.016
700,114015288.76210704,314424104.4460832,2,0.016
720,110729933.12212256,315210358.15387404,2,0.016
740,110212798.38588253,314805457.3639331,2,0.016
760,109316990.28041704,315973193.0106987,2,0.016
780,101519001.3490839,315636316.58885205,2,0.016
0,186834494.45497328,186834494.45497328,2,0.017
20,182066034.29974213,314745410.39703053,2,0.017
40,177566687.11044434,312247725.8798753,2,0.017
60,173263073.51373932,311306522.575032,2,0.017
80,172510644.84965587,309736794.4544349,2,0.017
100,174736237.1157834,308670862.38002527,2,0.017
120,180882928.13941127,310081522.88182724,2,0.017
140,185781474.25325385,311483272.3633795,2,0.017
160,188133654.56298873,313700112.617031,2,0.017
180,187124566.6534106,315677903.599845,2,0.017
200,188121327.54822844,315414637.16891253,2,0.017
220,186330927.44337177,314469737.80152404,2,0.017
240,179823688.43354088,314263356.29328877,2,0.017
260,176602933.7003458,315181510.41127694,2,0.017
280,179464324.57654738,316360638.4083059,2,0.017
300,190885424.8372069,317405055.50675553,2,0.017
320,206675595.85461563,317843197.1406241,2,0.017
340,212264882.86664551,319181707.9593361,2,0.017
360,211011240.0524448,319267552.1495849,2,0.017
380,211440443.9447584,318783080.506143,2,0.017
400,208044361.93991652,317629893.70861936,2,0.017
420,193524202.54216868,316118904.14607763,2,0.017
440,168262439.2995936,315041618.2581495,2,0.017
460,148754258.02076322,314774190.13463587,2,0.017
480,133392481.96570931,314713825.15673304,2,0.017
500,126696562.366137,316088703.7555779,2,0.017
520,121209188.7882838,315673963.65322495,2,0.017
540,117712525.14506322,315540422.15109074,2,0.017
560,115187581.78480405,315161195.3419499,2,0.017
580,115367572.91706422,316572217.2373447,2,0.017
600,118904665.77395992,316099377.392694,2,0.017
620,121838142.16954929,314608119.5419055,2,0.017
640,127641976.55033736,314488080.240463,2,0.017
660,140145367.46576142,315098047.0484548,2,0.017
680,151546065.811347,317186653.49820805,2,0.017
700,162984708.83040905,317621926.9822099,2,0.017
720,168133147.18177468,316666276.5341378,2,0.017
740,165707850.18628156,315971593.2633053,2,0.017
760,159661649.1183207,315458921.2014843,2,0.017
780,157574316.0550959,315015554.9319225,2,0.017
0,212226233.0786981,212226233.0786981,2,0.018
20,217375740.59993023,317084943.9752444,2,0.018
40,216742151.4239539,314629643.4334328,2,0.018
60,219728184.41283143,315636167.6105888,2,0.018
80,229839148.72579303,315266587.8347899,2,0.018
100,234203271.44976,315681614.8686393,2,0.018
120,233647657.04000023,315672158.5587908,2,0.018
140,229805571.54010785,315618071.2130575,2,0.018
160,227768925.25656903,313926811.0080826,2,0.018
180,222391379.13061315,311122432.58025646,2,0.018
200,207442494.9472435,308776688.0084019,2,0.018
220,194494901.0541959,308570779.9817183,2,0.018
240,189879991.4713273,310923489.3594983,2,0.018
260,199088920.4872133,314674876.6474075,2,0.018
280,202260421.49408507,316252273.8567573,2,0.018
300,204948937.8592803,316450601.89940524,2,0.018
320,201682278.20477393,313270747.4723694,2,0.018
340,187150528.35714793,311881628.15410095,2,0.018
360,170961710.96468258,312566104.4901209,2,0.018
380,157763310.79445517,313679085.5042155,2,0.018
400,164859651.15583774,315097855.7763564,2,0.018
420,177844855.17486224,314231733.8936534,2,0.018
440,188451950.43493733,315486795.0214373,2,0.018
460,193610247.1300758,316797884.3408965,2,0.018
480,191752934.8825627,315893336.13309956,2,0.018
500,191725855.7337176,316073733.3622432,2,0.018
520,193479073.5823323,315567994.1434266,2,0.018
540,198643181.19686985,312945996.2426954,2,0.018
560,194496663.6568003,307126851.2313197,2,0.018
580,186156413.42534852,304605740.7473623,2,0.018
600,183636219.0011595,307526828.0660429,2,0.018
620,182761075.74588215,311363397.6223904,2,0.018
640,183323738.281988,313578157.77784824,2,0.018
660,179296033.6627077,311112837.27549905,2,0.018
680,164031473.30135745,307404059.2287475,2,0.018
700,156036867.64210087,304984712.4603505,2,0.018
720,152260024.02835402,306680618.662351,2,0.018
740,159796754.97435445,311404347.98766845,2,0.018
760,171819547.64600492,315014691.7770436,2,0.018
780,178253943.192332,315584232.8377454,2,0.018
0,198160242.96864447,198160242.96864447,2,0.019
20,212269957.19689608,315381243.2077235,2,0.019
40,217804558.8816584,315990219.86224604,2,0.019
60,224091170.15734708,316951314.8548703,2,0.019
80,228703530.81982884,315874310.02111936,2,0.019
100,227008607.8095376,314745712.864896,2,0.019
120,219237450.4728909,314515623.7326813,2,0.019
140,215829515.7905813,315207679.8635143,2,0.019
160,218422703.9471008,315247615.885047,2,0.019
180,222415281.65751588,313744941.0763488,2,0.019
200,217998527.9417277,314020144.25937414,2,0.019
220,215477129.6378236,314541067.0257605,2,0.019
240,215418940.00102496,316338752.0220914,2,0.019
260,222906407.3444034,317492391.6469898,2,0.019
280,228586312.7769881,318334100.2725451,2,0.019
300,231224795.97197267,317890386.63331795,2,0.019
320,221621054.45504236,316984185.92200303,2,0.019
340,213607285.4598644,315223292.1956725,2,0.019
360,213229810.37455967,316631763.54037786,2,0.019
380,217778394.55053264,317012277.81578726,2,0.019
400,220914619.41843617,317844731.37928164,2,0.019
420,225870398.7174005,317110324.5682279,2,0.019
440,228626098.18421483,315409887.0764489,2,0.019
460,226759540.82762635,313154473.4578568,2,0.019
480,216056370.4713049,311128202.434198,2,0.019
500,204869632.14152253,311487272.52414316,2,0.019
520,199575698.223514,313472952.02682066,2,0.019
540,208322376.36893296,314733023.6328141,2,0.019
560,218243578.13560757,314708669.9243437,2,0.019
580,224037866.29240668,313323290.72995913,2,0.019
600,225519237.20824975,312262260.4695866,2,0.019
620,222564916.7132541,315180993.9818343,2,0.019
640,213387467.55435175,316674059.05613714,2,0.019
660,208016653.11050257,317504480.2552873,2,0.019
680,198712299.11963713,317513598.3917156,2,0.019
700,202629490.59566072,318603840.184976,2,0.019
720,217593541.1336247,318633424.1758046,2,0.019
740,231415171.76083824,318793952.95768297,2,0.019
760,227223922.15939367,316326181.49688107,2,0.019
780,205505288.02986276,313271497.36743313,2,0.019
0,153505005.20120677,153505005.20120677,2,0.02
20,157530782.26532662,315920393.05738807,2,0.02
40,143663056.76549864,315108889.7381308,2,0.02
60,138913727.25324652,315224939.91307604,2,0.02
80,150952367.04670453,318269169.19823664,2,0.02
100,163695768.39299265,319814521.89310217,2,0.02
120,182614755.3127517,321028623.5275676,2,0.02
140,205001278.046637,319276143.8772478,2,0.02
160,207635404.60202843,318222347.1924656,2,0.02
180,211064413.98249927,314815022.95860004,2,0.02
200,212128999.54628363,314709666.8778609,2,0.02
220,205747812.54593033,315305012.1702802,2,0.02
240,209659020.67624623,316310347.29359925,2,0.02
260,208135233.4066311,317008172.55658054,2,0.02
280,205491122.43951455,315823190.99342644,2,0.02
300,186113515.26845276,312778413.1894124,2,0.02
320,156211533.74192065,312382730.20737743,2,0.02
340,148431038.50788742,314960257.0108644,2,0.02
360,162416594.34509838,317429903.5893782,2,0.02
380,172000152.77951488,314814901.7520192,2,0.02
400,150470786.39701554,311678003.38921905,2,0.02
420,128656207.8964433,310105779.47608244,2,0.02
440,119565450.74064104,311266737.6092821,2,0.02
460,136180044.46270406,313885370.00234866,2,0.02
480,154913906.989695,316938936.1131617,2,0.02
500,170797576.9141329,318259434.29579973,2,0.02
520,179912572.4027158,318283188.588101,2,0.02
540,177804482.48408848,317360762.182691,2,0.02
560,176831059.49859637,317115882.3410301,2,0.02
580,203538576.63525763,318024792.57281756,2,0.02
600,221460114.4904097,318835972.9147018,2,0.02
620,224242027.0136668,320217586.68089974,2,0.02
640,218225077.20568857,319339628.26681715,2,0.02
660,206052481.79181495,319192816.2339027,2,0.02
680,200177624.08189964,320533593.88854516,2,0.02
700,199959768.78587,319694224.3988745,2,0.02
720,205956417.03547665,317484170.564906,2,0.02
740,199869193.26935625,316138451.48649013,2,0.02
760,180568145.85058504,313964974.9349114,2,0.02
780,168086809.66816244,312907825.32436574,2,0.02
0,43391652.66007405,43391652.66007405,2,0.01
20,52993041.88294658,303806206.25155234,2,0.01
40,61027958.929463826,305508402.84273833,2,0.01
60,67182736.25801113,307917150.7237285,2,0.01
80,72016240.19651568,306849937.20176697,2,0.01
100,73039943.71760342,306901669.4230317,2,0.01
120,73950688.72178048,309771118.7997457,2,0.01
140,75000375.97301146,309269026.326671,2,0.01
160,75205298.52982786,308219436.81108904,2,0.01
180,73167723.74408866,309806844.426858,2,0.01
200,72816404.9307434,307183553.4576829,2,0.01
220,73029744.8471682,307318442.2472614,2,0.01
240,75521877.76731369,307357934.95396864,2,0.01
260,80642328.16630906,305737520.6719817,2,0.01
280,89072323.49982363,305849288.1028565,2,0.01
300,95116587.1630657,306069308.0170387,2,0.01
320,98518995.11109129,306116005.6534064,2,0.01
340,99561704.3965407,303248832.3053645,2,0.01
360,94470164.54187588,304790660.9765613,2,0.01
380,87885122.33119811,304093586.52126706,2,0.01
400,80843889.37532891,303617065.98204136,2,0.01
420,78003766.9880546,305584060.45982563,2,0.01
440,77719864.4547959,306260556.6722417,2,0.01
460,78965327.43170391,306631040.1952792,2,0.01
480,81217427.56436259,306821785.1240486,2,0.01
500,84107595.16054747,307138436.4848487,2,0.01
520,86923172.9204348,307317667.0048759,2,0.01
540,91131470.77851447,306021339.24097466,2,0.01
560,93931153.13735904,304699967.62204564,2,0.01
580,97531335.5392229,304415435.6194012,2,0.01
600,102431496.00801748,304143377.0283941,2,0.01
620,103977353.06970587,303859544.2487968,2,0.01
640,102340831.57225436,300503204.72162515,2,0.01
660,100551667.35411651,303120159.51257455,2,0.01
680,99446765.3901302,304573305.0597147,2,0.01
700,98370213.75214335,307460183.8565598,2,0.01
720,99099577.8909069,307932935.2517313,2,0.01
740,103168450.23210412,306887724.23755676,2,0.01
760,108186308.6787153,307550471.26787627,2,0.01
780,109509115.98866,308019009.48570335,2,0.01
0,89249025.46333206,89249025.46333206,2,0.011
20,87452519.73235346,309468690.17453575,2,0.011
40,92835019.91764212,311137280.68430007,2,0.011
60,101566389.3156262,309769266.02273744,2,0.011
80,112779229.71964984,309979040.24249697,2,0.011
100,126712466.08153144,308448353.68444616,2,0.011
120,135973303.99832,306433393.1085824,2,0.011
140,137218408.93884754,306399503.4403374,2,0.011
160,131252985.96293367,304794558.095914,2,0.011
180,123837946.15765505,306807873.6810548,2,0.011
200,114999645.62995182,309622930.27644616,2,0.011
220,104672076.97930984,309526776.08019793,2,0.011
240,92393923.65011264,309494933.66648525,2,0.011
260,82320534.88639662,310407470.33246577,2,0.011
280,83435929.01415049,308441501.0906671,2,0.011
300,84740105.7801061,309453767.66048515,2,0.011
320,86512256.78141549,306738597.3045442,2,0.011
340,90523801.80598415,306773515.1498878,2,0.011
360,99036267.12417698,304644975.1597663,2,0.011
380,102951318.667439,306105617.32434314,2,0.011
400,102888904.04384008,306122210.490808,2,0.011
420,101505643.56748578,307011912.7694428,2,0.011
440,95113798.0440194,306948844.28724396,2,0.011
460,86604357.69459912,306306493.1953478,2,0.011
480,87154110.00736582,307257608.9456311,2,0.011
500,86560942.58401354,306980978.18745714,2,0.011
520,84058776.61081591,307544145.7028197,2,0.011
540,86320248.27189338,307173178.8538463,2,0.011
560,93321697.3261436,306735440.04258966,2,0.011
580,99906413.98585916,307847510.1558397,2,0.011
600,104799703.55537632,308275722.455526,2,0.011
620,112184287.4882576,307440223.27824926,2,0.011
640,120436873.18164952,306022151.6133112,2,0.011
660,121763508.13755374,306322143.0504636,2,0.011
680,119834566.9718518,306015369.6220739,2,0.011
700,117169023.71942812,306096817.89289886,2,0.011
720,116236470.0351871,304768522.5229618,2,0.011
740,116165223.90612447,303918463.267032,2,0.011
760,121368817.0096315,304506289.9583148,2,0.011
780,121525054.82110542,302091977.8006861,2,0.011
0,120864843.7756604,120864843.7756604,2,0.012
20,126427036.04488096,310576840.8406906,2,0.012
40,128222994.83079268,312264880.8640274,2,0.012
60,126744478.90055564,311735120.2561571,2,0.012
80,125974343.46451536,311768739.4904851,2,0.012
100,121867127.675522,311843883.6170898,2,0.012
120,114398994.00345904,311617838.95475614,2,0.012
140,116236608.39790349,312913376.86313987,2,0.012
160,124203195.7050991,312735424.5405756,2,0.012
180,129494047.9703192,312901415.4229365,2,0.012
200,127434544.63858011,311935206.7647419,2,0.012
220,123798737.96318068,311026622.65453666,2,0.012
240,119854606.71953055,309263881.0108727,2,0.012
260,118956867.82014048,306871205.90026504,2,0.012
280,125217873.47586244,306847036.1286677,2,0.012
300,135740451.84976876,307924026.7613432,2,0.012
320,147228342.4046722,309283748.69651365,2,0.012
340,160049586.90882114,311881889.65758663,2,0.012
360,163992048.85340387,313458696.9872159,2,0.012
380,159175598.88881868,313794770.46103334,2,0.012
400,154615941.70000058,312691817.08471495,2,0.012
420,153042967.51075557,310446860.6423074,2,0.012
440,150241078.86187023,309546010.5492821,2,0.012
460,139536066.36040598,307091590.34138507,2,0.012
480,129258484.3478471,308196148.87089765,2,0.012
500,123182689.3407176,306687323.20295334,2,0.012
520,121802398.61590916,307008662.28142846,2,0.012
540,129521945.35909732,306118518.789354,2,0.012
560,140568680.08309448,307093806.2400594,2,0.012
580,149856373.5050532,308536581.8181272,2,0.012
600,151822886.8206327,309552716.02854824,2,0.012
620,144888217.2622369,309637767.9750334,2,0.012
640,139636306.56059733,311296541.5858178,2,0.012
660,134120637.6692645,311302795.93886966,2,0.012
680,128565483.47824705,311186483.9104728,2,0.012
700,124119774.25980587,310816928.133787,2,0.012
720,119282446.7964077,310696397.8106206,2,0.012
740,113301653.67661378,309435560.5132609,2,0.012
760,105098765.02429642,308673342.69707495,2,0.012
780,95317517.40384744,307750771.6784321,2,0.012
0,164829780.6910457,164829780.6910457,2,0.013
20,159850150.8323058,313153329.72649467,2,0.013
40,156811829.96467355,313782193.7871597,2,0.013
60,156484334.61988282,313319086.1173268,2,0.013
80,152495199.97270364,313355580.2817422,2,0.013
100,149692892.18595046,311923661.1723911,2,0.013
120,154049518.6573003,312025195.577935,2,0.013
140,156735294.48270303,312366435.2443599,2,0.013
160,161249637.81028384,313569406.4325366,2,0.013
180,165448394.08697575,312181149.5762201,2,0.013
200,170866863.15360284,310701439.3164373,2,0.013
220,172384969.83630702,311165825.4113221,2,0.013
240,168535323.38832474,310730931.19745344,2,0.013
260,160252686.6274863,313145553.6575021,2,0.013
280,152558656.19038868,312833320.0440677,2,0.013
300,151637487.05890566,314909054.0590467,2,0.013
320,152868778.43837842,316115820.8162328,2,0.013
340,154731825.24519134,316660491.3646766,2,0.013
360,161793838.76221883,316090883.32893187,2,0.013
380,169033210.8932999,316191768.8550157,2,0.013
400,164895860.99379942,314373078.5015648,2,0.013
420,161871637.1078439,314817803.4280262,2,0.013
440,161872125.72617352,314264012.06183136,2,0.013
460,165732866.55466342,314907100.1657208,2,0.013
480,167313236.1897916,314659632.54811,2,0.013
500,166265929.04934084,313311978.78211707,2,0.013
520,161466422.9748354,312175080.4740756,2,0.013
540,155861313.46800622,309825910.76887965,2,0.013
560,150567389.19833297,308860399.5448341,2,0.013
580,147523211.8784957,311036881.6686418,2,0.013
600,149256926.50195047,311003809.74549544,2,0.013
620,150603947.4738631,311261205.15555,2,0.013
640,146026681.26854426,309053880.7868466,2,0.013
660,142505585.8995846,310185924.84519976,2,0.013
680,139869314.27504548,313190769.1458955,2,0.013
700,135162650.64944118,312487794.10211545,2,0.013
720,135604815.61297536,312074582.0919986,2,0.013
740,137757273.36372524,311588295.0327167,2,0.013
760,137602716.3435544,309462580.41992664,2,0.013
780,136460508.76687533,309485834.76220095,2,0.013
0,166584581.69696975,166584581.69696975,2,0.014
20,160403768.1685697,308740856.6794933,2,0.014
40,155759081.67887074,309866801.53311116,2,0.014
60,159165209.47357827,310440661.8291975,2,0.014
80,169101678.93116212,308281231.25159144,2,0.014
100,179072209.7081967,309367425.7259189,2,0.014
120,188220710.2348792,308716145.9423423,2,0.014
140,192812127.58797795,308729615.7045114,2,0.014
160,189319524.7789871,308671789.92766,2,0.014
180,192674571.3620816,309868542.41271764,2,0.014
200,197236157.06903487,309727137.8138863,2,0.014
220,202950490.48218483,312120578.0771843,2,0.014
240,201918475.7157955,313690844.5394666,2,0.014
260,186718307.63440025,312727915.1922883,2,0.014
280,171068871.76279438,313337776.0677761,2,0.014
300,159751662.3219741,311973252.85400665,2,0.014
320,144390439.0865715,310647607.726763,2,0.014
340,139401207.75540152,309760833.17923546,2,0.014
360,141083757.39606547,308190009.7048107,2,0.014
380,137659751.05056715,308722844.74941695,2,0.014
400,138122877.1503101,308541257.8091634,2,0.014
420,136502157.84311754,308703993.1425649,2,0.014
440,123408382.64260812,308734140.9369006,2,0.014
460,110848084.97298294,309900653.38010585,2,0.014
480,94591296.68507838,308632053.8047538,2,0.014
500,83700862.42107178,308852017.2501142,2,0.014
520,86242265.14971206,306226890.6912855,2,0.014
540,95387866.06230986,307721776.048602,2,0.014
560,104116165.22746845,306899794.03941834,2,0.014
580,99179540.60607754,306094605.0578151,2,0.014
600,81170966.03055692,306480319.5979364,2,0.014
620,65024069.05726786,307427732.0654781,2,0.014
640,51811659.39804676,307417524.5293315,2,0.014
660,45386032.055261105,308397278.33606076,2,0.014
680,49926377.645213984,308153684.7960453,2,0.014
700,58794138.79988229,308768820.35044515,2,0.014
720,69774142.27271882,310124995.5655484,2,0.014
740,76690443.76594222,310100444.70053625,2,0.014
760,84411868.79940957,311180703.1318192,2,0.014
780,97160698.3282732,311696333.6391547,2,0.014
0,151769860.97396165,151769860.97396165,2,0.015
20,157007713.79328167,315407643.39126396,2,0.015
40,160215433.72477823,314598474.73884594,2,0.015
60,159115395.8737169,313633983.192629,2,0.015
80,153597606.85075244,313061090.57987726,2,0.015
100,149194334.2109696,313324122.4094241,2,0.015
120,153116358.98129055,314839479.8177787,2,0.015
140,157620448.92398185,314388188.8771224,2,0.015
160,166193388.36929482,315161108.1601551,2,0.015
180,175357865.2812489,314376502.59845585,2,0.015
200,181398112.52414757,313492844.49511147,2,0.015
220,184969968.90805417,312163193.4452889,2,0.015
240,190903375.98102656,311432713.01932144,2,0.015
260,189336132.9277503,310305414.2796459,2,0.015
280,180785264.7512435,311025219.2260946,2,0.015
300,174195243.65297613,311116876.9849286,2,0.015
320,169408785.43133965,311703427.9183788,2,0.015
340,160060759.37806323,312288115.4161209,2,0.015
360,148045082.297066,311724640.6731977,2,0.015
380,139902765.56281707,311793720.5010002,2,0.015
400,133483589.0577432,312552745.6291731,2,0.015
420,128423032.58942775,311467103.86836946,2,0.015
440,135648838.9626177,308664232.9450616,2,0.015
460,139061979.50610903,308022499.301543,2,0.015
480,140766277.69176775,310076235.77471316,2,0.015
500,143665049.43450043,313359366.9784282,2,0.015
520,154827517.0878128,316027213.0914879,2,0.015
540,160659158.02790558,314040396.5578593,2,0.015
560,150887916.5387998,312109836.00229275,2,0.015
580,140924496.64219543,312174784.69127893,2,0.015
600,145750215.63871628,311733620.68630236,2,0.015
620,169143865.1040363,313378302.53334033,2,0.015
640,198101698.04522073,311770617.8032956,2,0.015
660,212695925.9451383,309512746.406886,2,0.015
680,207380492.5937778,311269796.77701825,2,0.015
700,192008614.73906368,311455134.58682644,2,0.015
720,179315740.31363368,310808442.74040866,2,0.015
740,163949294.36372828,307957488.7195907,2,0.015
760,148433450.34807402,305789374.3513353,2,0.015
780,140356665.36576772,303915057.7284198,2,0.015
0,228099655.58311993,228099655.58311993,2,0.016
20,226731907.9468826,316421380.32463753,2,0.016
40,222721785.22715247,316747601.69445455,2,0.016
60,219372650.4495577,316057005.02853286,2,0.016
80,219227665.6784961,317147173.4410924,2,0.016
100,216347027.6318572,317736413.224641,2,0.016
120,209202548.72812688,316224501.5431686,2,0.016
140,203949009.9440539,313720137.09141344,2,0.016
160,205208093.20700073,313849822.7224195,2,0.016
180,214602240.9422877,313062265.1314467,2,0.016
200,221964482.83012143,312369028.032328,2,0.016
220,221117938.61883423,313740361.04134184,2,0.016
240,214721630.26368853,314816312.0345106,2,0.016
260,195756924.91360188,315695976.8260571,2,0.016
280,180595686.4815956,316542871.0364908,2,0.016
300,164936373.05879384,317354184.7395727,2,0.016
320,155078756.11250448,316095063.14969933,2,0.016
340,156525698.13496643,314820878.38317084,2,0.016
360,160938854.8183567,313280323.6196008,2,0.016
380,166592342.20662344,313322124.90558106,2,0.016
400,164534333.00354123,314524724.3553953,2,0.016
420,160298876.63515353,315283461.17008823,2,0.016
440,162592595.28296944,316171331.5587294,2,0.016
460,169761968.73120293,316839859.63346577,2,0.016
480,180832264.40686804,318125356.21987486,2,0.016
500,187685762.22405455,318029537.7261251,2,0.016
520,194988667.3200271,317617541.87207353,2,0.016
540,203933772.6765207,316979460.7114162,2,0.016
560,206042289.44913048,316926001.6044264,2,0.016
580,196831558.5181004,318050397.4478597,2,0.016
600,182441454.92365175,318356525.807531,2,0.016
620,180301426.6994528,319042482.96757716,2,0.016
640,185480867.1579601,318044099.9516124,2,0.016
660,198070026.24542785,318045022.3678932,2,0.016
680,211392392.15496817,314641641.46209896,2,0.016
700,212810437.13776252,315836681.24192053,2,0.016
720,201384434.3913161,314894498.49855316,2,0.016
740,190204336.8587188,315897898.29527646,2,0.016
760,180758102.5381829,315216445.06706226,2,0.016
780,161952906.77045947,313462234.1571593,2,0.016
0,135326980.4125087,135326980.4125087,2,0.017
20,145049184.3872661,313197164.31389964,2,0.017
40,149545716.02146733,313344478.36795056,2,0.017
60,146126659.0034894,312869122.1807413,2,0.017
80,137121078.35421187,311144950.82536924,2,0.017
100,116715569.40876186,311225108.65253204,2,0.017
120,96600690.57792036,312155688.9624039,2,0.017
140,81146949.8584842,311672082.25941575,2,0.017
160,73124046.6869727,310322603.8295907,2,0.017
180,71898740.86247072,308722565.78314483,2,0.017
200,74949175.19391379,307293758.22742426,2,0.017
220,79435524.51346017,304860632.1790057,2,0.017
240,80197916.57695946,305722035.48917997,2,0.017
260,84245975.23895884,308441424.87673664,2,0.017
280,82393677.76560819,311270747.32540363,2,0.017
300,77576286.89445296,312304899.7439752,2,0.017
320,66881630.55625974,312391501.1880034,2,0.017
340,59720726.06118505,314563657.4398521,2,0.017
360,57669974.565135784,314578441.19384813,2,0.017
380,61470621.75068316,311864682.4810941,2,0.017
400,63973755.51393792,311262771.0756713,2,0.017
420,72852053.17828375,310654256.7625102,2,0.017
440,88554226.53109062,314954259.53482735,2,0.017
460,111203019.94084828,315323690.2492528,2,0.017
480,141107056.73523635,315580440.9943903,2,0.017
500,162119841.86459324,315491791.1301932,2,0.017
520,163024532.68015727,316278440.3030917,2,0.017
540,165303057.87467694,315421276.4801091,2,0.017
560,175028423.7238294,315788073.29347926,2,0.017
580,188243614.6836942,314577985.1326231,2,0.017
600,195865135.46427608,312081670.41569173,2,0.017
620,186575791.4157736,312075103.4255317,2,0.017
640,164727703.03179726,312312396.7154138,2,0.017
660,147560023.44810238,313296069.5053148,2,0.017
680,136185125.9179465,314919255.6088731,2,0.017
700,122611932.33157066,314696496.3039242,2,0.017
720,117932500.10026272,312938262.73728263,2,0.017
740,120680309.75946802,310219417.6085955,2,0.017
760,121874624.59254158,309471033.48416156,2,0.017
780,114352119.40972292,308286611.91407543,2,0.017
0,90114976.82111935,90114976.82111935,2,0.018
20,73634833.83771618,310280688.2721518,2,0.018
40,73004946.83965933,316540532.2877836,2,0.018
60,88769758.43131259,319706756.2759597,2,0.018
80,111529806.6042208,320604464.83997554,2,0.018
100,114480227.12131643,318266641.63020575,2,0.018
120,109897177.19443282,316244533.7439895,2,0.018
140,109578622.96120173,316108923.18577677,2,0.018
160,113367817.651194,315911708.3076402,2,0.018
180,129909792.51508012,315611148.6556216,2,0.018
200,151125416.19062507,316246034.5482775,2,0.018
220,164771126.91931793,315695351.1526826,2,0.018
240,167446663.54334238,316638327.16990197,2,0.018
260,166554054.99278235,316340637.19681454,2,0.018
280,166519043.14324135,317373577.4057598,2,0.018
300,162195612.2326613,316870758.42009664,2,0.018
320,156843462.51212564,317695622.42854387,2,0.018
340,154048114.72679412,316831949.7317756,2,0.018
360,158865474.36505812,315972797.3354482,2,0.018
380,170161807.36104614,316445036.54534644,2,0.018
400,183969254.09159723,317059403.29715943,2,0.018
420,203570860.43447855,317631478.6000556,2,0.018
440,213955376.6795556,317936770.9008751,2,0.018
460,214662592.58055776,317953987.72420084,2,0.018
480,216743959.92955175,315784390.10730535,2,0.018
500,225042743.46846652,315669269.3491123,2,0.018
520,224837629.18552184,314220881.3737693,2,0.018
540,205062563.12232456,314167533.251174,2,0.018
560,178445679.87217426,313274133.7420393,2,0.018
580,159397414.21428078,314044998.37770224,2,0.018
600,149038160.78004,316697699.19139004,2,0.018
620,145444076.50265813,315413850.6696826,2,0.018
640,140372475.36061442,314879067.2529632,2,0.018
660,133146163.0208708,310455274.22721756,2,0.018
680,127480794.70928936,309761392.18343353,2,0.018
700,118540114.87130474,311628640.09977007,2,0.018
720,101833237.03821509,313383152.5847651,2,0.018
740,93176653.99823244,315528993.90201104,2,0.018
760,90917203.0711226,315951042.48099136,2,0.018
780,97449425.86231036,318002277.48905325,2,0.018
0,139786367.4040469,139786367.4040469,2,0.019
20,127611270.6396766,312182253.53723663,2,0.019
40,130934441.04869217,311349578.5469631,2,0.019
60,150435241.88273275,311285145.72649336,2,0.019
80,174722901.2451725,312051279.82167894,2,0.019
100,188822278.7741948,312718859.14507365,2,0.019
120,198751146.96134713,315195123.12064993,2,0.019
140,199311676.0556821,313567729.0680572,2,0.019
160,190388768.92636344,316086371.9607294,2,0.019
180,182823146.3656578,316102173.72746825,2,0.019
200,182715410.84114057,317186073.1659898,2,0.019
220,185166717.52875695,317069484.9977007,2,0.019
240,188442589.3207765,315994137.27020323,2,0.019
260,189421565.6611153,314795459.36158323,2,0.019
280,186474726.50668225,311503204.63638103,2,0.019
300,178424064.1242593,310311439.5955963,2,0.019
320,178190861.35908988,311433044.7866596,2,0.019
340,176255285.87097543,312009027.19616616,2,0.019
360,166927912.4023152,313246066.2135904,2,0.019
380,157215863.28009132,313715135.81584394,2,0.019
400,143862250.24279577,315541140.8158873,2,0.019
420,139120934.408134,315838261.01732236,2,0.019
440,144231115.43696368,315886628.93987554,2,0.019
460,156439494.5345248,313558677.05144525,2,0.019
480,169452807.5200703,313757452.4192213,2,0.019
500,183352618.31128532,311181955.7746362,2,0.019
520,186026931.16972417,311260513.461527,2,0.019
540,191263556.00434723,315917047.15866643,2,0.019
560,213155803.0579916,318487383.1162853,2,0.019
580,227275329.8065688,315980688.88025683,2,0.019
600,220768194.49756473,314464431.03883123,2,0.019
620,196179069.353236,311673660.3377672,2,0.019
640,170854266.73891392,312637914.1629299,2,0.019
660,163029030.9861253,311997463.2679063,2,0.019
680,171552839.58920068,316604436.61197484,2,0.019
700,188711688.72934073,317517933.87142485,2,0.019
720,204136664.62055707,319154486.75954056,2,0.019
740,206465836.13270232,318768466.41032404,2,0.019
760,193208453.77587724,318536072.41662633,2,0.019
780,174956237.85017866,317798461.21398735,2,0.019
0,189467729.89084828,189467729.89084828,2,0.02
20,193253327.34953368,318537136.8404092,2,0.02
40,196641673.6277697,318959715.85303783,2,0.02
60,189570339.40564376,317135551.52344185,2,0.02
80,182344347.8158283,316584943.7011876,2,0.02
100,184439401.8618536,317232965.43243194,2,0.02
120,199562504.79129848,317961841.0392636,2,0.02
140,213338654.55291823,317364389.34539163,2,0.02
160,221871551.28475636,318015695.6329758,2,0.02
180,225075809.38166484,317292608.68675315,2,0.02
200,224538843.2657706,315669666.3406359,2,0.02
220,225024734.66732484,316031632.4044577,2,0.02
240,233791383.051802,318698748.18736917,2,0.02
260,229959042.20968053,317838704.17480576,2,0.02
280,221744383.69425705,317726136.5594013,2,0.02
300,207311456.12262395,318619356.8802438,2,0.02
320,201114797.04973912,319501128.3781387,2,0.02
340,203743927.87288097,318358186.50703895,2,0.02
360,218943440.4638892,317773371.74343204,2,0.02
380,229468193.9667453,317996950.1177752,2,0.02
400,228605200.98800573,317004507.0549405,2,0.02
420,215670409.68207115,316732830.7461032,2,0.02
440,210174453.86670184,318482890.08755696,2,0.02
460,221442541.7083121,319600707.99913883,2,0.02
480,229644527.7608495,321077120.26843727,2,0.02
500,236255354.72031215,320136426.77347505,2,0.02
520,234794724.79223257,314807408.43421775,2,0.02
540,227934862.4778098,314622256.56861085,2,0.02
560,234048193.40859345,316439143.95128167,2,0.02
580,249631182.7132051,317730389.1480754,2,0.02
600,250500601.59958637,317095795.87679565,2,0.02
620,248963982.70442557,317871055.95076275,2,0.02
640,244703912.90875196,316044276.01843923,2,0.02
660,240442679.80973604,317124461.8018596,2,0.02
680,231130549.9966139,315259540.5459021,2,0.02
700,223688498.4708898,315338875.47997105,2,0.02
720,217318132.3830323,313926147.56257075,2,0.02
740,217990175.95464677,315834917.8964031,2,0.02
760,223884951.09932727,317108658.06638914,2,0.02
780,240211137.65938365,317562155.5051975,2,0.02
0,138347010.0060828,138347010.0060828,2,0.01
20,137354397.60542643,306099140.78956467,2,0.01
40,133738687.07980289,306016900.4042856,2,0.01
60,129596272.99461874,306461808.8473034,2,0.01
80,125640822.68891874,306662776.8482486,2,0.01
100,120501939.48300266,306474737.9237579,2,0.01
120,115560987.53037748,306261505.5752518,2,0.01
140,111226349.03306444,307107802.6118158,2,0.01
160,107064773.8757696,304155108.2588933,2,0.01
180,102942519.27139828,307005593.4463381,2,0.01
200,101322398.53866044,305571838.8035958,2,0.01
220,100183340.36932471,305845545.64639205,2,0.01
240,96718734.41954689,303650034.6821526,2,0.01
260,92140239.28525735,304539109.62077457,2,0.01
280,91182319.88305002,304580929.45741963,2,0.01
300,96220529.11249924,304178516.98996234,2,0.01
320,102740582.27440453,307084493.8508948,2,0.01
340,108451044.9706313,306564638.7206882,2,0.01
360,112496152.35671309,306349832.5978855,2,0.01
380,120531353.3611689,308748474.95884943,2,0.01
400,128249392.09919974,306437958.61531806,2,0.01
420,129607463.9064818,307813517.46329075,2,0.01
440,127850456.41176158,309361392.2589716,2,0.01
460,124961075.94407736,305444901.4314139,2,0.01
480,122023691.10802838,303824277.9794099,2,0.01
500,121391254.2376436,304862240.5324695,2,0.01
520,125779043.25947209,303998851.4378303,2,0.01
540,132034364.25528336,303485794.93583864,2,0.01
560,133422673.11981578,306053174.07444847,2,0.01
580,133896269.97989058,306731590.1290213,2,0.01
600,135487091.3269145,308580593.7040782,2,0.01
620,136932116.39131325,308804191.08026993,2,0.01
640,134810347.70723188,309104710.2648617,2,0.01
660,132068553.92846966,309015391.7079154,2,0.01
680,132143887.4627724,308894419.61991733,2,0.01
700,131574909.50827308,309573621.27089363,2,0.01
720,132644520.58685984,308195771.08807945,2,0.01
740,132721261.5950778,307567473.0237041,2,0.01
760,129615304.25202525,306486429.5617025,2,0.01
780,127621290.65469816,304619665.0278124,2,0.01
0,25978886.933994755,25978886.933994755,2,0.011
20,25586855.897585116,295345493.4373474,2,0.011
40,20212034.114262413,302462241.2255769,2,0.011
60,15208672.75321966,303378111.0667571,2,0.011
80,11928074.085223887,306224929.3249325,2,0.011
100,11568266.553803856,307821813.0942385,2,0.011
120,13501010.149793506,306792442.3307133,2,0.011
140,16868482.908898164,304231917.53230536,2,0.011
160,21323100.025890388,302919761.5510422,2,0.011
180,23479866.606521644,302877073.06195617,2,0.011
200,25247077.783436492,302595119.619853,2,0.011
220,26478352.826427564,302731246.5273237,2,0.011
240,27537956.095520176,303285587.0680774,2,0.011
260,26305163.848509654,304804456.1368239,2,0.011
280,23668256.21037195,307768203.5511793,2,0.011
300,22649980.444395952,308077766.71792316,2,0.011
320,22846654.446413275,308871734.7381235,2,0.011
340,24674164.54728071,309841287.0764143,2,0.011
360,27028793.558593437,308055118.8980242,2,0.011
380,28444412.80543347,308264253.93409526,2,0.011
400,29660147.762445346,306514864.0710381,2,0.011
420,31614875.149280448,306869125.11825407,2,0.011
440,34259138.01687089,306234605.2170731,2,0.011
460,36489757.61495325,306976676.0322305,2,0.011
480,38893603.08947216,308061290.7364487,2,0.011
500,42473435.96667251,306747025.8343251,2,0.011
520,46777320.45456865,307700185.05930793,2,0.011
540,50343058.18322738,307742656.5285655,2,0.011
560,51062300.12630593,307914900.91784537,2,0.011
580,48554884.00111063,308605460.24355495,2,0.011
600,43191700.87596822,307943699.27189285,2,0.011
620,39976091.754402526,307995779.6914328,2,0.011
640,37550020.44478098,306422846.3042332,2,0.011
660,35943734.201108545,307425568.6825189,2,0.011
680,36612156.21055197,306417498.30227697,2,0.011
700,36651639.030384146,307005045.46419644,2,0.011
720,35617023.059082754,307786136.6898438,2,0.011
740,33961188.4642942,305635610.9747969,2,0.011
760,29696181.19951591,305264908.3803249,2,0.011
780,25180538.464981053,304654458.3573358,2,0.011
0,52675743.63779978,52675743.63779978,2,0.012
20,51310773.52920565,306183133.9350633,2,0.012
40,46177406.61770123,308216909.5544867,2,0.012
60,43009732.99570306,310861407.4368465,2,0.012
80,41066115.9663641,310582637.14107233,2,0.012
100,38262901.695631325,309639821.716514,2,0.012
120,34584031.66396132,310544689.1036139,2,0.012
140,28134440.790774193,311960224.0344161,2,0.012
160,23748122.030873574,312441094.1990465,2,0.012
180,21533351.99428284,313064737.96489716,2,0.012
200,22452374.49639459,313546536.8917808,2,0.012
220,28031285.112057395,310825009.71151614,2,0.012
240,35137452.33043094,310328973.19391423,2,0.012
260,41455787.49539872,309827375.4213978,2,0.012
280,46447034.27513072,308885958.70308954,2,0.012
300,49286020.7978017,309461124.6609745,2,0.012
320,47838964.608321495,308569564.99130857,2,0.012
340,47978483.38704312,309362547.5467509,2,0.012
360,47761517.9546845,309972890.26425034,2,0.012
380,44721424.201928034,309556365.13863015,2,0.012
400,41587445.44522778,309997091.0699733,2,0.012
420,43112192.46007491,310775799.7753099,2,0.012
440,48296320.55031007,309685422.69916683,2,0.012
460,54593426.64970797,309184992.58192,2,0.012
480,55773552.47116506,309428768.3066735,2,0.012
500,50455416.66517039,308995820.6088307,2,0.012
520,48785324.05096949,307969438.1439508,2,0.012
540,42022814.361177795,308248343.1928875,2,0.012
560,33611551.37138102,309942611.0581435,2,0.012
580,26371441.51516075,309998927.4694694,2,0.012
600,21032051.369357135,309216795.4292325,2,0.012
620,18369251.693796687,308869415.3647368,2,0.012
640,16061492.004072484,306294440.6100516,2,0.012
660,15989005.255287956,307599499.88824105,2,0.012
680,16675551.762858406,308426931.4024465,2,0.012
700,18864004.27337182,310479841.9999125,2,0.012
720,22810193.431015328,311945600.46463376,2,0.012
740,24954246.92580756,312832101.2411983,2,0.012
760,31292198.745739404,311254399.6273738,2,0.012
780,34599176.06900063,312457088.3371481,2,0.012
0,90547278.3689312,90547278.3689312,2,0.013
20,101389719.73760366,302084594.0597162,2,0.013
40,106366510.73340286,304342310.8215264,2,0.013
60,109415059.08537143,304173110.1926542,2,0.013
80,110990777.55731831,302179917.9417438,2,0.013
100,110261668.50488669,303738449.12523216,2,0.013
120,112915745.25602032,307367722.27776295,2,0.013
140,125766457.1552386,309483173.5644815,2,0.013
160,145266475.48377836,310716523.4943923,2,0.013
180,155337729.95270896,309619200.9812228,2,0.013
200,152444622.25903606,308355066.78013,2,0.013
220,144288393.80258173,307038871.4672186,2,0.013
240,136025997.92588565,307570371.68121487,2,0.013
260,133104042.96968517,307483334.559189,2,0.013
280,132260808.72039312,308177567.5484562,2,0.013
300,134673489.25600982,306715169.27201736,2,0.013
320,128968912.3518083,307594378.35435903,2,0.013
340,121950143.33940849,307599662.2168719,2,0.013
360,123456479.46990892,308032818.24557483,2,0.013
380,131804465.91716015,309594649.97474897,2,0.013
400,139980080.1760212,309044093.32693243,2,0.013
420,139937834.22386554,306447987.3855252,2,0.013
440,138295223.3171712,308099901.20212126,2,0.013
460,137079482.5775479,309103815.5893314,2,0.013
480,134804716.3105427,309122573.05028045,2,0.013
500,126774559.98363148,308359031.2923938,2,0.013
520,122808809.4439241,310129849.52870274,2,0.013
540,124243370.02209464,309763130.2610772,2,0.013
560,127574023.65650795,309329026.52653605,2,0.013
580,126559308.15881407,310271555.7557807,2,0.013
600,123164099.7723362,309972785.97817016,2,0.013
620,122004032.57307644,309235629.617682,2,0.013
640,125609581.54829852,309527472.9229436,2,0.013
660,127994558.12398598,308446077.6642945,2,0.013
680,127214585.89258382,307568558.50708866,2,0.013
700,130697456.72860432,307477207.6433436,2,0.013
720,134710780.49474168,307737906.89015406,2,0.013
740,134684759.8961042,309578742.54095423,2,0.013
760,136064089.26816025,310517305.2337283,2,0.013
780,137011094.40501943,311753313.5237944,2,0.013
0,180213124.2548297,180213124.2548297,2,0.014
20,184352117.0356241,315197538.5217291,2,0.014
40,180675906.65862888,314163521.68344015,2,0.014
60,167103931.33788496,312464614.62968266,2,0.014
80,150067081.3798986,312778567.3849065,2,0.014
100,132543553.49932197,310840315.61621195,2,0.014
120,118557211.42354172,308895207.6757962,2,0.014
140,112188687.31818956,310242324.1103004,2,0.014
160,115219783.72344635,311346144.31987906,2,0.014
180,114438019.45039368,311247089.1952816,2,0.014
200,112973304.3276135,309679767.86687535,2,0.014
220,111515810.64208874,307888354.3973809,2,0.014
240,108098488.48943068,307328687.8640432,2,0.014
260,103991796.96081766,307536917.52244157,2,0.014
280,96721548.81301352,308352345.3785076,2,0.014
300,96032407.3423856,309500752.4233878,2,0.014
320,99505225.3232414,312116959.2901588,2,0.014
340,107029103.74054427,313472385.98705864,2,0.014
360,120608199.7134563,313304369.7548969,2,0.014
380,135845121.54485533,313054896.4534553,2,0.014
400,143904574.49347806,313180311.12117285,2,0.014
420,147592753.72947025,311839623.95732534,2,0.014
440,145135925.79978365,310389145.54037523,2,0.014
460,140611949.30194333,311845556.3902864,2,0.014
480,138464910.0422392,310402993.02473617,2,0.014
500,133914458.2677649,311764156.90786266,2,0.014
520,139993746.3174449,311854983.2231957,2,0.014
540,147360288.74566633,312774071.5368897,2,0.014
560,154245501.98948374,313947146.38140047,2,0.014
580,166883698.47563815,313386155.6294069,2,0.014
600,180082285.95389938,312043638.41718507,2,0.014
620,182368012.14189497,311689489.2039466,2,0.014
640,177920849.26026702,311733108.6277857,2,0.014
660,165853919.2885349,311806884.24593806,2,0.014
680,151937206.3917323,310352376.4799185,2,0.014
700,138590025.45173407,309010637.5317176,2,0.014
720,114339383.2598078,309436257.9987101,2,0.014
740,92395747.11439604,309766782.8374302,2,0.014
760,83349530.93856105,309354549.7474961,2,0.014
780,82382862.74399051,309861912.3773811,2,0.014
0,155395160.359277,155395160.359277,2,0.015
20,161498001.89243573,314643092.50893927,2,0.015
40,165198452.428048,316567166.5945425,2,0.015
60,163903712.84203237,315267606.94430244,2,0.015
80,156806408.3705306,316088587.49700075,2,0.015
100,150226812.56343284,315276180.7294389,2,0.015
120,142518094.8102749,314615676.9257381,2,0.015
140,137957205.96765095,314008987.10159576,2,0.015
160,134233049.2363226,312312822.5114958,2,0.015
180,134054713.89365968,314311332.7000699,2,0.015
200,137175873.4086457,314185322.76362884,2,0.015
220,146852850.1953991,315178642.2431923,2,0.015
240,161581546.34246403,316456867.62958676,2,0.015
260,168014049.1427077,315259713.5058796,2,0.015
280,172990490.55243614,314809454.1285783,2,0.015
300,182425817.66780525,314461798.2835609,2,0.015
320,188852539.16027087,314002469.36968064,2,0.015
340,186002655.7170419,312894936.3442668,2,0.015
360,172370712.15142766,312632965.5144655,2,0.015
380,164743197.8530751,313046463.2702247,2,0.015
400,167310196.56412277,311072194.18157935,2,0.015
420,166171844.64469647,307024050.68118024,2,0.015
440,163973746.46133873,307795482.61929667,2,0.015
460,157529013.63512966,308034987.21279263,2,0.015
480,148327798.97015148,310297493.9901401,2,0.015
500,144152748.88921368,312110674.26429474,2,0.015
520,154374755.5706945,314192416.9287831,2,0.015
540,167556079.36957395,314135611.5138744,2,0.015
560,172831546.40804675,312798328.7435677,2,0.015
580,184734294.2440802,312726314.360728,2,0.015
600,201386422.98048553,311428150.4183638,2,0.015
620,200904311.4761668,310028961.1359713,2,0.015
640,181919075.91194993,309562924.9595249,2,0.015
660,161165297.25846636,307926044.0400373,2,0.015
680,150310020.24195847,307547917.80400014,2,0.015
700,150625882.04594338,310376346.65739644,2,0.015
720,154023006.4765915,309411161.73295474,2,0.015
740,145986932.32168704,308537256.2562221,2,0.015
760,136839622.0602896,307827520.7630966,2,0.015
780,120120698.64215782,308583793.1575871,2,0.015
0,158814566.47570008,158814566.47570008,2,0.016
20,167702358.4062,314639553.71802896,2,0.016
40,181168609.7835961,314217829.1201496,2,0.016
60,189450549.40932536,315003901.6724111,2,0.016
80,196640163.75270572,315079021.4778874,2,0.016
100,191921144.2170224,313594331.6736816,2,0.016
120,175942603.35661584,313947516.60555816,2,0.016
140,159677022.69453502,313140009.5168419,2,0.016
160,150976871.25383127,315390580.8671454,2,0.016
180,148279536.7903995,316719170.86761445,2,0.016
200,146034352.50859022,316306337.88568914,2,0.016
220,140702526.412709,315311578.05716085,2,0.016
240,135895523.9271534,313773622.6044934,2,0.016
260,125244535.7316216,313845451.0546088,2,0.016
280,114676923.44117495,314871808.82613254,2,0.016
300,107737449.89477742,315423117.63256717,2,0.016
320,101568224.60213818,315730581.5386263,2,0.016
340,99679233.02375364,314483149.1120458,2,0.016
360,111366868.75120956,315903486.6388961,2,0.016
380,121369052.26339626,316117843.10282415,2,0.016
400,118462680.97963317,314152164.232612,2,0.016
420,107045897.7918418,310761131.8835188,2,0.016
440,92136629.6675901,311108182.2550422,2,0.016
460,90719339.15358517,310979557.56406593,2,0.016
480,91640837.78209256,313699363.65408134,2,0.016
500,99600737.7191032,314175721.28223014,2,0.016
520,100026768.47644666,313454577.88272333,2,0.016
540,99253179.26029778,315220944.3409064,2,0.016
560,100705015.7624718,315014973.8838498,2,0.016
580,109754805.40462956,313990797.7809032,2,0.016
600,116288003.44936895,312791737.17455363,2,0.016
620,123350253.75400811,313902542.3630425,2,0.016
640,138424283.245218,314542753.63094527,2,0.016
660,164059936.04096127,315731010.364563,2,0.016
680,187824472.4436536,316540020.013446,2,0.016
700,189582594.61917543,313786583.2813442,2,0.016
720,173780441.26404235,314985864.3922354,2,0.016
740,163264082.717865,313780447.1743372,2,0.016
760,162537593.27319473,311584849.66958296,2,0.016
780,173119390.34121305,312785817.60844433,2,0.016
0,116343787.4665856,116343787.4665856,2,0.017
20,115975945.34070195,312998597.13237005,2,0.017
40,108437557.90772504,311749268.59315926,2,0.017
60,103378160.19648398,310263696.6238488,2,0.017
80,97340424.89287812,308661290.31278336,2,0.017
100,91523640.17907454,309604219.23210657,2,0.017
120,84089594.10213289,308277486.3228899,2,0.017
140,67308346.7668646,308612855.83597004,2,0.017
160,48338986.704859674,309599700.4032558,2,0.017
180,38798194.500941806,307560530.73721796,2,0.017
200,37681094.61896414,307022920.78354174,2,0.017
220,45173468.94509951,307442119.0859833,2,0.017
240,54418188.88306226,305082383.85598207,2,0.017
260,59997478.5516637,305815587.0486976,2,0.017
280,57351573.81591259,307689986.758423,2,0.017
300,57062324.025011376,308803722.4103623,2,0.017
320,55999973.97328704,310863605.0527788,2,0.017
340,55189111.76440521,310532676.3539276,2,0.017
360,51019092.24609776,308607652.2668514,2,0.017
380,41401604.61139408,307125275.1781532,2,0.017
400,27251873.419369772,305887817.9690065,2,0.017
420,21331360.766058862,306334991.7436454,2,0.017
440,21614591.836128935,306623021.2905703,2,0.017
460,23503472.474557005,307820245.87882173,2,0.017
480,25539925.51092957,306298707.7087106,2,0.017
500,25095253.67735146,304796722.1544183,2,0.017
520,23244796.756518967,303962780.43301296,2,0.017
540,22326587.92419403,305244323.21619034,2,0.017
560,20046189.87976964,306478745.0419388,2,0.017
580,18255968.387902245,308036133.1925474,2,0.017
600,15075489.81801792,310677156.89758205,2,0.017
620,16657990.02807339,311540802.36920196,2,0.017
640,22698605.993867405,308074650.1595485,2,0.017
660,22786782.685201935,306970482.96110964,2,0.017
680,26031166.13596875,303042257.5994479,2,0.017
700,31008099.912554342,304798158.45754397,2,0.017
720,38828104.57987942,303466902.89923143,2,0.017
740,52082612.94151807,306756205.60786784,2,0.017
760,60047358.35009008,308436891.7610041,2,0.017
780,66056597.462470934,307926643.5351563,2,0.017
0,164414539.1519016,164414539.1519016,2,0.018
20,168588458.2623562,313690851.794042,2,0.018
40,176819477.67946815,313936046.6922624,2,0.018
60,179287350.2565811,314171398.31561077,2,0.018
80,182380141.92223543,313305293.31668025,2,0.018
100,185179379.99862564,314265412.77358234,2,0.018
120,188527556.47039023,315438352.38168937,2,0.018
140,182162592.6933474,318110430.7702843,2,0.018
160,179348601.56313854,319171942.4696789,2,0.018
180,181825328.81331128,319048304.1352627,2,0.018
200,185998292.51730463,318907981.717369,2,0.018
220,190765197.35563612,318511823.5644784,2,0.018
240,194533604.02362043,317222164.17013,2,0.018
260,189599474.91386807,315105538.57578486,2,0.018
280,192490577.16851017,315539161.0179075,2,0.018
300,191716545.59715468,315253836.5454707,2,0.018
320,197027894.83548087,315984685.3958486,2,0.018
340,208952856.0263651,316898903.7125237,2,0.018
360,222720895.0199859,316132148.25334513,2,0.018
380,224934175.41597813,315098865.81401443,2,0.018
400,219870458.08220324,315246516.1977656,2,0.018
420,212144785.86405972,314270924.11214095,2,0.018
440,204444525.9394926,314190305.7241727,2,0.018
460,197710624.21877927,314745732.6083795,2,0.018
480,201155821.1338828,315448368.43705666,2,0.018
500,212022956.90044284,315009367.1589946,2,0.018
520,207901725.57069743,313548558.3657267,2,0.018
540,196280460.61171895,312821751.0014325,2,0.018
560,186791264.1949194,313533962.3976383,2,0.018
580,182855887.97626293,316491548.9558089,2,0.018
600,179522673.57185957,315283169.87095404,2,0.018
620,169312955.67289048,313663609.9288918,2,0.018
640,157891942.20984775,313688044.951612,2,0.018
660,149641793.80950278,313641398.0046741,2,0.018
680,151153663.3653199,314258420.94117296,2,0.018
700,162390343.2708845,316693949.1284011,2,0.018
720,171891621.11544088,316954140.23187053,2,0.018
740,175330745.16971707,316150149.8039522,2,0.018
760,176825344.69095373,315807437.3593722,2,0.018
780,174532347.10446998,316587998.90155447,2,0.018
0,157122321.94099846,157122321.94099846,2,0.019
20,174043636.5143193,314375023.8765728,2,0.019
40,198409748.19396523,316663897.07086104,2,0.019
60,220763793.71021107,317666420.30042535,2,0.019
80,237549793.53410828,319704827.5211694,2,0.019
100,245893722.72678825,319744684.3050394,2,0.019
120,247315999.0953188,319836601.03344214,2,0.019
140,236701988.5309784,318967903.8814149,2,0.019
160,217818136.15103933,317198080.53154653,2,0.019
180,206021609.63743716,315644293.74122024,2,0.019
200,205451094.64522037,315744743.9012542,2,0.019
220,216306874.7239316,315819955.465629,2,0.019
240,226136737.663552,316244215.98072994,2,0.019
260,223682229.9694798,317008204.11046124,2,0.019
280,209317163.5047453,316576550.7844555,2,0.019
300,192312211.9180905,317194430.740703,2,0.019
320,176214004.8822396,317193645.940331,2,0.019
340,171111181.27161777,315462615.52412665,2,0.019
360,181366936.2406924,313502988.89440006,2,0.019
380,194271762.7667491,314184732.89358103,2,0.019
400,204022530.40998164,314642785.8565302,2,0.019
420,210408467.47108048,317219232.0391702,2,0.019
440,205214832.38946345,316831512.78843236,2,0.019
460,184826782.11085296,316155134.96658736,2,0.019
480,173993117.22059172,316069813.82580686,2,0.019
500,177939867.47093523,316401407.1812794,2,0.019
520,199174818.7639502,316847358.2099916,2,0.019
540,214506483.40806383,316954893.5011362,2,0.019
560,219319539.71480867,318301949.8396869,2,0.019
580,222274017.1822092,319699532.82140565,2,0.019
600,222510866.89007497,317889772.58189845,2,0.019
620,217205348.35512343,314930361.87200415,2,0.019
640,215906078.76502037,313366339.0775342,2,0.019
660,217683522.28336197,311813529.6924096,2,0.019
680,229210114.96380788,314276480.07514024,2,0.019
700,234837450.99200895,314876902.69659567,2,0.019
720,230392556.912122,315228973.9415874,2,0.019
740,225717208.17140505,316493793.06004643,2,0.019
760,222588765.38957623,315615869.8653476,2,0.019
780,217262507.41084284,315012913.52474046,2,0.019
0,201664015.72972447,201664015.72972447,2,0.02
20,198735711.94094592,320676424.7599965,2,0.02
40,191251818.79761383,321083888.77227175,2,0.02
60,182167685.7155062,320361685.52708626,2,0.02
80,178981945.33105576,321234973.6928565,2,0.02
100,181904340.98289195,320348238.84945536,2,0.02
120,184562992.3039239,320418458.3750594,2,0.02
140,183082714.19273427,321736017.0132445,2,0.02
160,186728635.72703224,321618897.361994,2,0.02
180,191283312.7700448,320575748.05302024,2,0.02
200,194882575.6356407,319864357.4326723,2,0.02
220,200595542.58759516,318315105.7808993,2,0.02
240,207454257.6683557,319567743.1614444,2,0.02
260,221140065.46455163,319177908.6277599,2,0.02
280,220612264.1759247,320142838.0943476,2,0.02
300,213126587.76728135,319600150.7290675,2,0.02
320,210101207.67779356,319318048.9550257,2,0.02
340,208851750.0154495,319417033.2451048,2,0.02
360,208400823.8547721,317953862.62346905,2,0.02
380,200331003.4548307,316948549.03020316,2,0.02
400,182730972.56651652,315169225.42566156,2,0.02
420,169437356.069835,314786992.3032891,2,0.02
440,162058575.46291244,315058520.85295314,2,0.02
460,164984634.81043476,313170831.0626743,2,0.02
480,165777030.04075637,311353966.28049713,2,0.02
500,161397013.8370657,311287595.63932693,2,0.02
520,147698057.88914952,309379061.1412604,2,0.02
540,131965847.63465424,308077616.6656362,2,0.02
560,118917798.70508778,309533584.3543105,2,0.02
580,130773486.6468341,311015887.25192845,2,0.02
600,139502950.39366156,311369044.5706452,2,0.02
620,142826425.0899181,313640028.3357415,2,0.02
640,134891406.60899305,315196149.7086195,2,0.02
660,115121570.38303868,314405146.29746544,2,0.02
680,101096020.2799447,313667941.98126215,2,0.02
700,97959337.27564204,312113368.3120991,2,0.02
720,99917892.04866011,315670906.49452466,2,0.02
740,98230816.96170248,315661872.4540088,2,0.02
760,83312107.39243715,316484473.05772233,2,0.02
780,75827679.07708901,316231620.0759109,2,0.02
0,95155577.99270947,95155577.99270947,2,0.01
20,93308629.85384937,301347209.28295964,2,0.01
40,90148294.14548749,301658424.814412,2,0.01
60,92419763.73471455,300168167.3659891,2,0.01
80,95047740.04468793,301500061.38983774,2,0.01
100,91203008.3829139,300905038.6245358,2,0.01
120,87787686.1079545,301691188.277187,2,0.01
140,86826119.84944722,301227442.6796334,2,0.01
160,86110933.50371426,302206191.8373847,2,0.01
180,88639055.59920967,305532727.8216296,2,0.01
200,92888431.98490404,305416110.1606228,2,0.01
220,96628811.40578105,305061178.6083471,2,0.01
240,100798998.99015725,306142263.2608825,2,0.01
260,100250367.9024244,300797145.7186793,2,0.01
280,95966335.50009756,301474020.53318655,2,0.01
300,85909964.27404255,305287552.68375564,2,0.01
320,77606598.39877525,302474057.01088744,2,0.01
340,70337265.83868472,303525423.81865406,2,0.01
360,66140425.47750127,306386955.8305709,2,0.01
380,62985225.31855311,307040245.1483128,2,0.01
400,64183691.40675033,306704953.1700382,2,0.01
420,71632487.59769368,307590416.5556791,2,0.01
440,78605246.87712505,307600471.5399016,2,0.01
460,81095556.19061819,308237436.4402497,2,0.01
480,82777800.2793611,308811076.447374,2,0.01
500,87962177.35124497,308354078.34237254,2,0.01
520,91696019.05688186,307229490.2787425,2,0.01
540,91474057.75127707,306220891.85716677,2,0.01
560,89207644.71333922,305674125.94074404,2,0.01
580,84738574.54585351,306368204.4510725,2,0.01
600,80266743.8139279,306586267.7335994,2,0.01
620,77144244.18643147,307765659.2893344,2,0.01
640,76029207.91610897,308568288.49332917,2,0.01
660,72417140.3011947,308796526.7230981,2,0.01
680,68415597.81568551,308329438.64225936,2,0.01
700,69231310.32518785,306137611.329078,2,0.01
720,71281224.77085459,306250077.3310669,2,0.01
740,73128862.81897849,305373000.6557685,2,0.01
760,72424192.24087696,305322242.4817081,2,0.01
780,67321428.68071795,304110404.26199615,2,0.01
0,48804178.04849284,48804178.04849284,2,0.011
20,53614212.82135329,308496986.49800694,2,0.011
40,62547202.347344086,307756848.3685025,2,0.011
60,68346191.70330007,307017143.28954935,2,0.011
80,72239441.5918867,307238176.5825919,2,0.011
100,78374726.59472696,306483286.2702817,2,0.011
120,86245257.88651499,307693790.695059,2,0.011
140,91065432.05340864,308583275.7597282,2,0.011
160,88473530.04162715,309655284.184306,2,0.011
180,88462248.09032059,308994535.4378005,2,0.011
200,88298127.62845242,309185199.59032613,2,0.011
220,88439282.05739583,310321831.2807745,2,0.011
240,87347215.65146773,308810408.23448145,2,0.011
260,82093507.87158565,308481005.37016064,2,0.011
280,76988013.45818523,306764111.35545653,2,0.011
300,70284011.11473256,304271147.6116905,2,0.011
320,66404713.27009265,303817418.5043827,2,0.011
340,68909979.97899541,303186123.21577156,2,0.011
360,73925983.21743944,305104525.78557426,2,0.011
380,81693839.11804602,307314478.616115,2,0.011
400,90728164.22477058,305998648.5951082,2,0.011
420,98976353.72787485,305965741.0630546,2,0.011
440,108147884.8958455,306047709.17882186,2,0.011
460,118514978.50578918,305154957.59130836,2,0.011
480,127006557.13341564,306464098.31494325,2,0.011
500,131399439.12966023,307060679.33530307,2,0.011
520,135054402.4483186,305961966.7562574,2,0.011
540,136288232.91505444,306929425.4103889,2,0.011
560,130463125.49757455,306241766.0719109,2,0.011
580,124188271.29326724,306555787.39425653,2,0.011
600,121676387.43792328,306017656.6618616,2,0.011
620,121120936.1610411,305878002.0181856,2,0.011
640,120951290.7066034,308125955.5152443,2,0.011
660,125947212.56103456,309129989.97977984,2,0.011
680,129561449.46372277,308225391.4992414,2,0.011
700,127768869.7850446,308773367.09941113,2,0.011
720,122501641.73843022,307627830.01142824,2,0.011
740,119868925.16699895,307804183.5724251,2,0.011
760,119197773.37233986,306045284.5249938,2,0.011
780,121262659.22595452,304671592.3506849,2,0.011
0,104977761.80669014,104977761.80669014,2,0.012
20,106989280.27919926,312721205.19738674,2,0.012
40,109408185.69743076,311966026.12763953,2,0.012
60,113540561.26295146,310682952.246198,2,0.012
80,119995436.68960816,311132399.700436,2,0.012
100,127176490.71612668,312404221.97441465,2,0.012
120,131240362.0413623,312741385.9353931,2,0.012
140,128351055.02696282,312156565.1101129,2,0.012
160,118884265.4120604,311719429.6300017,2,0.012
180,114230857.52991492,312729109.4307231,2,0.012
200,120366347.08706318,313770708.7243338,2,0.012
220,134048231.822303,313837307.10561824,2,0.012
240,146386143.84977087,312914525.61604905,2,0.012
260,153540030.55195612,312525156.6098946,2,0.012
280,155411437.621737,311964122.5862988,2,0.012
300,149864165.90046325,309834688.5034967,2,0.012
320,140747995.58770874,307566779.85252196,2,0.012
340,132438529.84879568,309631754.27005166,2,0.012
360,123677069.79584292,309160292.03935176,2,0.012
380,118498155.47032532,311574267.5292564,2,0.012
400,114981023.66100793,312153450.6840906,2,0.012
420,108095160.60308944,312876093.9457171,2,0.012
440,104544937.19313934,313127819.05247533,2,0.012
460,110581249.18488248,311866196.4623334,2,0.012
480,118860215.21251965,311861584.7273108,2,0.012
500,121689444.02194364,310341938.6953589,2,0.012
520,120435068.8706596,309630849.77149487,2,0.012
540,116985141.84161532,307416961.6512255,2,0.012
560,109469401.88844354,304783492.2777585,2,0.012
580,103514007.58910066,302966778.37344265,2,0.012
600,104199336.30606964,303331990.843248,2,0.012
620,109391138.35822488,306576632.6610128,2,0.012
640,114872986.77405088,308715186.58088887,2,0.012
660,127545555.83192667,310640306.74641657,2,0.012
680,139756084.54638517,311704900.311342,2,0.012
700,147026062.34359974,310744236.0168308,2,0.012
720,154158602.76072574,309292437.79043335,2,0.012
740,156728706.71378797,308389715.4930696,2,0.012
760,159652850.21528715,306220116.4104034,2,0.012
780,155059759.95779836,306176822.2225143,2,0.012
0,44076135.741592646,44076135.741592646,2,0.013
20,46599306.296429425,305424904.53981745,2,0.013
40,47321309.466506645,307669079.90678877,2,0.013
60,48773295.24681661,310278558.63684726,2,0.013
80,51066497.100621074,311104634.9435233,2,0.013
100,54446651.01898514,310422061.41863316,2,0.013
120,58254990.00576873,309307945.4497959,2,0.013
140,61290295.77976685,308153158.56045574,2,0.013
160,61865169.98437061,310357469.9450114,2,0.013
180,62509793.7257157,311625341.4990858,2,0.013
200,62348084.29985878,310818466.917364,2,0.013
220,64122266.4014892,310728538.77332455,2,0.013
240,61156394.18543757,309464330.61076343,2,0.013
260,53224462.10115604,309818950.69646937,2,0.013
280,43807761.41061561,308531998.0286882,2,0.013
300,38876281.69371553,307981410.2267754,2,0.013
320,36575049.03552155,305862519.37694716,2,0.013
340,34387736.885170266,304527072.93208855,2,0.013
360,34093321.02764184,305131142.9521541,2,0.013
380,37027233.01164271,304171977.55752707,2,0.013
400,43940483.52311995,306272078.9406983,2,0.013
420,51149893.117936336,305675931.1249358,2,0.013
440,58519114.03173276,305814288.04702437,2,0.013
460,62654644.102613226,305546968.5742168,2,0.013
480,61377190.90350948,302886113.5443015,2,0.013
500,58779791.522467546,302502928.77032256,2,0.013
520,55799510.34380156,303255084.74360335,2,0.013
540,53826408.80113816,302346616.8230581,2,0.013
560,52267381.55800298,302869352.5110234,2,0.013
580,54510843.14526433,302500345.2680934,2,0.013
600,56022830.59049918,302404918.8401262,2,0.013
620,56061603.47613777,299129957.9455338,2,0.013
640,59205773.73968056,297986288.98435396,2,0.013
660,59526084.82532938,297552714.93288344,2,0.013
680,54879163.85079047,299740107.1699268,2,0.013
700,49908708.092014775,301904278.9953498,2,0.013
720,42535346.29747888,304464897.46269375,2,0.013
740,34328220.635847084,305859056.51255435,2,0.013
760,28863441.39087016,307576080.7730967,2,0.013
780,24274357.62928124,307436065.64979804,2,0.013
0,75781203.1868729,75781203.1868729,2,0.014
20,82750483.20938009,306031182.07792866,2,0.014
40,85793365.47320578,307142868.863384,2,0.014
60,83614634.28093746,307625086.0384909,2,0.014
80,76671899.07944229,309441213.8397347,2,0.014
100,69265048.56507161,310592818.46413064,2,0.014
120,67199765.4056703,309953710.90091884,2,0.014
140,71145894.58406478,311828807.6982174,2,0.014
160,84187424.10073292,310879820.95369875,2,0.014
180,92035147.29452986,309130805.8595311,2,0.014
200,100515713.0628656,309453492.37507284,2,0.014
220,107783858.64206102,310084469.2393973,2,0.014
240,115543595.7913317,311519199.2863685,2,0.014
260,121346643.8708786,311919956.57295686,2,0.014
280,126333883.7029851,313104872.83309066,2,0.014
300,130934163.19412395,313884250.2925415,2,0.014
320,125886691.63979489,314135729.042281,2,0.014
340,114276336.68991284,311439141.2428639,2,0.014
360,107905966.65457211,311932955.7186264,2,0.014
380,106744678.98124184,312004983.89890957,2,0.014
400,111524251.7151234,310933882.6613463,2,0.014
420,118473074.03586996,311655014.24337953,2,0.014
440,120943185.83468184,310982364.82382923,2,0.014
460,121759620.31659168,313105557.02339137,2,0.014
480,117902221.1526436,314002272.99062777,2,0.014
500,113574550.2253774,315384614.70014775,2,0.014
520,107184080.50744638,316062126.6052394,2,0.014
540,97340989.77237652,314758016.4904754,2,0.014
560,94900113.59159896,314421952.5882028,2,0.014
580,102338926.746763,312483819.3920418,2,0.014
600,109607951.34683985,311715065.41336066,2,0.014
620,113228199.6985685,310898259.7951425,2,0.014
640,111028005.27067296,310744427.00194573,2,0.014
660,96795079.41426018,309673949.90671134,2,0.014
680,87542525.28887658,308713152.01481444,2,0.014
700,87209078.38311657,308862560.7676306,2,0.014
720,81335697.58748256,307173851.4430331,2,0.014
740,71556397.15308708,308511003.5533179,2,0.014
760,66626295.183031864,310256390.4374056,2,0.014
780,66223750.18754232,311311065.519968,2,0.014
0,142643297.52788556,142643297.52788556,2,0.015
20,127271577.59006132,312391287.01832384,2,0.015
40,113099686.99025548,312242778.5024228,2,0.015
60,105147242.86093344,310605070.269984,2,0.015
80,108435538.48665749,311323100.0898032,2,0.015
100,111362541.48817655,312221877.01638424,2,0.015
120,117831193.84489022,312381364.06422067,2,0.015
140,125644188.59541376,313484093.62560236,2,0.015
160,128810794.6554984,313780802.4030149,2,0.015
180,124930344.20453805,315092370.18524146,2,0.015
200,116261639.7828956,314869872.12564075,2,0.015
220,107105585.0648502,315493218.55592823,2,0.015
240,105665089.08606222,315604865.491969,2,0.015
260,113059721.01189786,314242008.3988068,2,0.015
280,126571107.84426823,315490206.34818375,2,0.015
300,139105466.21232924,314242852.17136735,2,0.015
320,146469462.31990325,315289573.38658637,2,0.015
340,146355071.92421544,316175819.83553016,2,0.015
360,139208204.11906934,317189111.06365585,2,0.015
380,126900878.47272834,316508593.80550224,2,0.015
400,117575194.62639426,316864484.81870174,2,0.015
420,115918576.948456,314983567.2342136,2,0.015
440,121220715.07355906,314917269.79843897,2,0.015
460,126611631.96103132,311318569.2131331,2,0.015
480,135953788.0827748,311383321.57599765,2,0.015
500,152404478.01710197,312244808.1867653,2,0.015
520,162894701.23230445,314197421.1689075,2,0.015
540,160867863.28626436,315386035.01319736,2,0.015
560,152060955.20978892,315932682.60368574,2,0.015
580,140308974.03982824,314834661.3224029,2,0.015
600,127907190.4834404,313622832.2152167,2,0.015
620,121444232.94381708,308922267.1224002,2,0.015
640,117256710.83795822,306637822.4479186,2,0.015
660,111819651.98061782,306267002.21017647,2,0.015
680,104501859.67725256,308236554.51872563,2,0.015
700,106566232.5628334,311564007.3620212,2,0.015
720,110572339.64063236,313932004.528669,2,0.015
740,103958253.05511457,314053510.24428874,2,0.015
760,98779673.14913112,313021350.29505277,2,0.015
780,104475807.02684928,312886307.4081073,2,0.015
0,137989592.57242954,137989592.57242954,2,0.016
20,132492092.36866856,317549780.17569363,2,0.016
40,139545433.24602413,317580790.92978776,2,0.016
60,158930549.69223368,318612160.8145041,2,0.016
80,187980557.0546619,318460193.6389946,2,0.016
100,208830591.33549416,317968362.782984,2,0.016
120,204251673.86909413,317229039.7649265,2,0.016
140,189429786.45128295,316913420.8625603,2,0.016
160,174943225.7361744,317277621.4584023,2,0.016
180,174870165.63896352,316395229.42525244,2,0.016
200,181667325.135463,314788836.1579989,2,0.016
220,190027309.6162044,312932756.6057169,2,0.016
240,190351054.9933532,311619505.95450175,2,0.016
260,176992010.40000558,313110433.30711496,2,0.016
280,172074197.46504852,311661638.5321623,2,0.016
300,169676220.38625422,315564946.3429378,2,0.016
320,167582539.07441396,314756314.0594856,2,0.016
340,166147832.8220873,314454416.12179804,2,0.016
360,167279216.2776986,312169860.7112024,2,0.016
380,166523994.58668464,310755746.395198,2,0.016
400,152146121.99812284,311264221.9092382,2,0.016
420,129676057.6199577,311544752.5487157,2,0.016
440,109992152.27460532,311072017.8080011,2,0.016
460,102632147.84363478,308810772.6606417,2,0.016
480,106332954.74530569,309625305.57738894,2,0.016
500,109028901.43779194,308887592.2029596,2,0.016
520,108455872.14188398,310442922.33444697,2,0.016
540,117049259.6079308,311351262.49861693,2,0.016
560,117005785.60900629,311575190.5087528,2,0.016
580,108406167.57563493,311638866.9517144,2,0.016
600,102720727.99520476,310777265.9159456,2,0.016
620,106404960.89948995,310514280.2826408,2,0.016
640,116212865.8978839,308272544.8941699,2,0.016
660,125710565.65366356,310333107.05771935,2,0.016
680,132772895.49621192,309401038.2117002,2,0.016
700,137095655.96837512,310858109.8463025,2,0.016
720,137733000.81496957,312381798.9151826,2,0.016
740,146947560.6777482,312557408.473034,2,0.016
760,157179170.8313275,311355918.0801521,2,0.016
780,163852585.18174124,311648506.0058142,2,0.016
0,165763041.41042876,165763041.41042876,2,0.017
20,169425049.02644247,310910841.95390487,2,0.017
40,165866538.49523473,311201894.2237054,2,0.017
60,162201646.62636912,312024444.1346418,2,0.017
80,162754206.79689923,311442969.7288563,2,0.017
100,164400423.8632335,309783777.8723905,2,0.017
120,167451372.40321952,308842490.3115041,2,0.017
140,165583541.73851475,305442924.00833344,2,0.017
160,166095344.21921188,308053537.01044047,2,0.017
180,171408463.0633551,310079165.7344269,2,0.017
200,174281565.5147345,311735281.01009583,2,0.017
220,184725587.99814117,314189484.771901,2,0.017
240,199076600.06009984,314815311.8687284,2,0.017
260,212630097.77698585,314751270.9911996,2,0.017
280,223382748.54852185,314512433.59018445,2,0.017
300,223017534.8801729,315652286.06725574,2,0.017
320,213950692.53726855,314374128.55922055,2,0.017
340,208130932.46984088,313764159.99731797,2,0.017
360,207608024.17463905,314295938.9322766,2,0.017
380,213693675.03989613,315121520.26744807,2,0.017
400,221631369.6320261,314051729.091542,2,0.017
420,228716028.1838552,314913808.44207907,2,0.017
440,232448851.24284083,313826805.5624314,2,0.017
460,234071122.19757155,314427828.5733539,2,0.017
480,235093713.01104936,314632907.35214156,2,0.017
500,233593813.2703622,315694845.9654515,2,0.017
520,229769063.18530896,316503044.20521235,2,0.017
540,225885642.42926216,316080423.0340711,2,0.017
560,216794557.94477797,315261691.31075114,2,0.017
580,209300294.90444604,315511795.75099313,2,0.017
600,205177992.7827306,315950900.87418365,2,0.017
620,201766136.4850691,315146133.31410927,2,0.017
640,190021214.8988128,314147204.3033869,2,0.017
660,186892894.2237863,313299663.3800398,2,0.017
680,181926431.34516937,312526244.1971415,2,0.017
700,180756378.28126895,314440558.43516314,2,0.017
720,179520415.16954195,315426157.2736125,2,0.017
740,174446703.5214715,314865771.5478772,2,0.017
760,174505517.037524,313911357.81730187,2,0.017
780,174962292.44166672,313833653.91902727,2,0.017
0,217029745.04148436,217029745.04148436,2,0.018
20,215008095.72044465,317659521.78771955,2,0.018
40,203019431.73810297,317320353.1662619,2,0.018
60,196309413.69194084,316298571.56042665,2,0.018
80,200359495.6886713,316133645.3103876,2,0.018
100,210071631.72554395,314734935.89053535,2,0.018
120,224682194.2504778,314611286.09172344,2,0.018
140,225148219.98259735,316058944.0333424,2,0.018
160,209675791.71094704,315614285.2452109,2,0.018
180,179106862.6861496,315637623.7325027,2,0.018
200,163980529.2175563,315266730.21874744,2,0.018
220,165743965.89297414,314445682.85626423,2,0.018
240,177965034.5662008,315643109.43065584,2,0.018
260,176980967.47839528,315903422.6219342,2,0.018
280,163116019.2267353,316824497.3741558,2,0.018
300,154345637.17451072,317429227.4162786,2,0.018
320,148354790.79472464,317844456.1349973,2,0.018
340,136362692.27243596,317212918.5425763,2,0.018
360,126756781.85148272,317720253.8069422,2,0.018
380,129433859.05823304,318560759.3147366,2,0.018
400,134192609.64060748,318242271.07652456,2,0.018
420,138307852.7917137,318127607.7101654,2,0.018
440,137855958.31954265,315779091.247826,2,0.018
460,124111172.70560178,313333930.7736763,2,0.018
480,112307393.85993822,313033274.5593712,2,0.018
500,102931233.82320942,314500338.36155784,2,0.018
520,96474084.00826783,317709280.86125517,2,0.018
540,111776996.35883535,319747110.9940566,2,0.018
560,136056378.9943447,318891444.1504452,2,0.018
580,154772810.66514608,316141897.6757926,2,0.018
600,161029435.0752864,314353409.7994388,2,0.018
620,156919943.07532066,310932586.17409074,2,0.018
640,157058400.25705117,312696179.5472606,2,0.018
660,170635964.314732,315167118.4063364,2,0.018
680,188491539.49931273,318893834.11120176,2,0.018
700,201823389.39462087,319140047.04557896,2,0.018
720,214695651.1080137,319083120.9777653,2,0.018
740,222706195.00938487,318043542.91398656,2,0.018
760,215306183.910478,316816708.0177303,2,0.018
780,203123232.70735583,315997652.08861154,2,0.018
0,195818010.48014817,195818010.48014817,2,0.019
20,208344819.9158924,315668874.6868175,2,0.019
40,227830944.2565026,315743400.9715776,2,0.019
60,232745350.8671929,317005556.3541411,2,0.019
80,241458424.9362472,317150508.9395674,2,0.019
100,242219354.8739843,316973734.97981644,2,0.019
120,244565469.9212556,317469527.361003,2,0.019
140,239413086.75747627,317109770.98135954,2,0.019
160,231714326.8065383,317201307.00292337,2,0.019
180,225519132.7091968,317283277.0373039,2,0.019
200,220346813.20073533,316808328.7194221,2,0.019
220,219649713.26626968,315535438.9760028,2,0.019
240,215570929.72599304,314387171.5011128,2,0.019
260,199049340.6577841,314204395.21462417,2,0.019
280,179420679.09047115,315849229.5857444,2,0.019
300,171826062.0147689,316761350.2063228,2,0.019
320,181935053.0970592,318333089.2720683,2,0.019
340,189222791.3694638,318835876.9121425,2,0.019
360,181489426.03194472,317713686.3088492,2,0.019
380,159426466.6536296,315742456.49626756,2,0.019
400,138829977.70069754,313821067.3556842,2,0.019
420,122706376.39923762,312226591.83411616,2,0.019
440,111940427.48173209,315053306.2297543,2,0.019
460,118393582.85901009,315346294.5144293,2,0.019
480,132725249.24854478,316530545.382511,2,0.019
500,133679929.4079384,313912921.0505299,2,0.019
520,125180842.16529866,313198736.60988265,2,0.019
540,130162088.80758353,313435017.78734255,2,0.019
560,137563027.50393572,313628246.7522938,2,0.019
580,144665618.89047983,314134263.00983006,2,0.019
600,160677456.3223365,314682431.48757213,2,0.019
620,170114958.48699608,316107669.899704,2,0.019
640,175115201.93857384,314110552.3785591,2,0.019
660,183984709.6994145,313695935.69374,2,0.019
680,187736073.10771996,314997824.6684618,2,0.019
700,196649002.5868935,315854665.1398041,2,0.019
720,190507834.1319649,314286948.9556051,2,0.019
740,183392631.9337523,314641198.9782066,2,0.019
760,172004657.08109805,314962881.6666458,2,0.019
780,161758363.31151092,311157542.4603094,2,0.019
0,190114721.54564947,190114721.54564947,2,0.02
20,172056582.08736143,318834544.0466778,2,0.02
40,172323894.7708371,318360628.36764085,2,0.02
60,186251335.3387466,319248078.75340855,2,0.02
80,197248103.86339435,319411647.6411563,2,0.02
100,204698024.08939403,318712092.76865274,2,0.02
120,204727827.39756423,318638768.2468505,2,0.02
140,195413295.49602845,317977002.52126825,2,0.02
160,181361089.6428665,317654313.6751609,2,0.02
180,184293264.11711913,319536456.794889,2,0.02
200,202909509.58647835,318769344.094578,2,0.02
220,212007333.53026065,317215308.60011584,2,0.02
240,204189871.11195523,315907834.65758663,2,0.02
260,194314803.5128016,314200783.6199385,2,0.02
280,177631912.21508166,312857629.3939725,2,0.02
300,169998107.36629167,314048766.6366551,2,0.02
320,171923114.94755358,315206230.22595954,2,0.02
340,182056740.5560784,315577501.6641234,2,0.02
360,197845302.6761563,316379060.5794492,2,0.02
380,210325106.8877471,312881715.5967296,2,0.02
400,213250452.88929397,310732059.30052173,2,0.02
420,203324903.83913305,311027504.6659743,2,0.02
440,199255389.5358486,314040728.9825624,2,0.02
460,198800724.75781843,315115201.47902733,2,0.02
480,188784367.99653488,315647937.3655003,2,0.02
500,179630995.14332378,315572880.48016095,2,0.02
520,169807790.52726388,316752191.72039914,2,0.02
540,180249796.7403235,316418691.869763,2,0.02
560,190950099.9189794,318097732.8472266,2,0.02
580,186681047.64738905,318496433.52994615,2,0.02
600,178099087.42106688,320455443.2353081,2,0.02
620,169351954.0755549,319686159.9063363,2,0.02
640,168633960.4438223,318610514.6033932,2,0.02
660,177695071.85423553,317253960.60619515,2,0.02
680,187494055.3126126,317438827.36000675,2,0.02
700,185563713.8705952,320025352.0418066,2,0.02
720,170114602.36094394,320576740.9741378,2,0.02
740,148915765.60749498,320284344.1151606,2,0.02
760,133403405.698532,319209688.69401133,2,0.02
780,125108816.57683767,317309003.3269306,2,0.02
0,104992412.49897487,104992412.49897487,3,0.01
20,103127488.42769176,320405055.249998,3,0.01
40,107315679.82235,319399050.56760323,3,0.01
60,115409680.54660416,319848391.7761276,3,0.01
80,122150652.1523433,320270744.7283067,3,0.01
100,128080936.79026183,318911033.08202076,3,0.01
120,132731775.41849557,319539091.7038562,3,0.01
140,131519098.22224806,317490780.922238,3,0.01
160,124897292.6925836,316106164.4610779,3,0.01
180,114648009.02192529,316735687.6189784,3,0.01
200,107024664.12285648,316005439.12217355,3,0.01
220,99662525.19377932,314905635.08037263,3,0.01
240,91492793.15453376,315109527.71692777,3,0.01
260,85410411.35404725,315840145.8027396,3,0.01
280,86622043.00543168,315873159.4128659,3,0.01
300,93972930.46964164,315871958.48698974,3,0.01
320,97962069.3102286,317780252.3437148,3,0.01
340,98357143.65654951,317955341.20828104,3,0.01
360,100850656.63286506,317270334.8509903,3,0.01
380,100825820.76102982,318481162.76802117,3,0.01
400,101295644.47070114,317786797.5096384,3,0.01
420,101858564.93411931,317677618.54198587,3,0.01
440,100028370.84510714,318218781.66919667,3,0.01
460,96489461.29682498,318220708.827374,3,0.01
480,93109851.09742142,318568505.34106404,3,0.01
500,88894047.79455706,317631182.9430921,3,0.01
520,87807881.88464387,317571169.09418464,3,0.01
540,86193584.4836489,317456320.8181216,3,0.01
560,85102148.22999501,318508658.87992334,3,0.01
580,84300360.87818089,319947759.0004713,3,0.01
600,83838923.81073457,318956742.04222304,3,0.01
620,83636724.39198318,318624392.156306,3,0.01
640,85727154.24591911,319418149.17304194,3,0.01
660,85494901.05967322,318860817.72806996,3,0.01
680,88817486.58177976,319233006.5131749,3,0.01
700,92407914.00887462,319464053.16169333,3,0.01
720,94105305.72407514,320052136.3717207,3,0.01
740,95224928.05992542,319896716.8839283,3,0.01
760,94420337.64831492,319268710.2971866,3,0.01
780,94534523.25837788,317958689.84305274,3,0.01
0,201614042.08652332,201614042.08652332,3,0.011
20,200180399.74445903,321416947.9020518,3,0.011
40,201037921.03178576,321269816.002651,3,0.011
60,206090997.700956,321973885.6159394,3,0.011
80,208827983.2649171,322233664.932379,3,0.011
100,211621904.0543023,322099971.71620536,3,0.011
120,211865712.27778196,322000238.8287611,3,0.011
140,208666597.68045828,321685951.29064983,3,0.011
160,205206181.337364,322138817.48200166,3,0.011
180,205551555.88773212,322530076.02225983,3,0.011
200,209643825.41503033,322161947.2094066,3,0.011
220,215964698.93893397,321611342.27911586,3,0.011
240,224542667.02214617,322061070.3135896,3,0.011
260,230906093.32851005,321569954.2867326,3,0.011
280,232549079.3655529,321140578.05807114,3,0.011
300,226189535.07198212,320671653.0917089,3,0.011
320,218530075.5400248,320993969.224239,3,0.011
340,211762846.7953913,321544304.74500054,3,0.011
360,204635318.816979,321452948.23806113,3,0.011
380,196244788.69178897,321189791.30717266,3,0.011
400,182189813.83768865,320950925.8327649,3,0.011
420,173427689.57213882,321543505.01186574,3,0.011
440,171829286.9342863,320151530.5050684,3,0.011
460,173718286.79167897,319563679.5298928,3,0.011
480,177176332.6046003,319406083.1426645,3,0.011
500,177754422.0563889,318976020.7071732,3,0.011
520,178127586.4983641,317987194.84797055,3,0.011
540,177781333.8578129,318455893.98954743,3,0.011
560,167232262.52077627,318439455.14858735,3,0.011
580,154789619.59212524,317556566.346462,3,0.011
600,144609792.69997424,318881788.4037848,3,0.011
620,138835165.24515086,318079189.23548764,3,0.011
640,134759692.06062582,318388756.55402917,3,0.011
660,136653640.1926535,319174753.63151324,3,0.011
680,142974536.46625924,319446853.376214,3,0.011
700,154253094.50756693,319192549.9119879,3,0.011
720,165201061.17959026,319156545.2927833,3,0.011
740,173283344.52864128,320690543.907591,3,0.011
760,180492697.4370784,321004300.5486685,3,0.011
780,185343158.28962073,321102339.52709544,3,0.011
0,211653918.0222581,211653918.0222581,3,0.012
20,212531634.19471997,326241303.5052317,3,0.012
40,209355854.61963564,325697767.1215584,3,0.012
60,206058974.11426365,325876242.6399288,3,0.012
80,202187316.25639156,324527158.797847,3,0.012
100,197774381.69746983,324727088.23194337,3,0.012
120,195900286.1242464,323809157.98134464,3,0.012
140,196188610.03899968,324610371.63147557,3,0.012
160,201296718.91039827,324741165.5785892,3,0.012
180,204193171.3586097,324929673.5270646,3,0.012
200,206824192.1662244,325138275.13683206,3,0.012
220,207493466.29653847,325083473.3683766,3,0.012
240,209700907.39554343,325151216.5507321,3,0.012
260,212346047.63954037,325267779.90912414,3,0.012
280,214355663.62110308,325293551.3833797,3,0.012
300,216481963.850042,326290791.32259786,3,0.012
320,213809741.0638751,325962964.7904134,3,0.012
340,212819728.60418612,325772257.0520402,3,0.012
360,215750253.79918385,325461423.86263394,3,0.012
380,222658392.0079639,324504506.9862125,3,0.012
400,225837186.75774392,323436873.98742855,3,0.012
420,223852241.87692764,323990739.35306,3,0.012
440,224801545.58178735,324360185.0281482,3,0.012
460,223555985.87578872,324686895.02053666,3,0.012
480,220766148.13498017,324358325.8731636,3,0.012
500,221085226.14145207,323794545.45341027,3,0.012
520,222333819.80381423,323764015.56309116,3,0.012
540,225769614.73975825,323821401.5583768,3,0.012
560,226327009.7273813,323223877.95705867,3,0.012
580,221777611.77232537,322420424.0665309,3,0.012
600,218226211.68534893,321821323.36361533,3,0.012
620,214485315.53563204,321089570.731728,3,0.012
640,210016828.37477985,321562464.14646006,3,0.012
660,208478364.08443367,321477721.856966,3,0.012
680,210666101.0506506,322175076.8817491,3,0.012
700,217346924.64503503,322482650.3035019,3,0.012
720,218417367.07387608,323430617.67204994,3,0.012
740,222102186.1450297,323026133.49929136,3,0.012
760,228059121.66891143,322455819.9061183,3,0.012
780,232884720.06494296,322177817.35302687,3,0.012
0,212541575.1321998,212541575.1321998,3,0.013
20,217298971.35056815,325029394.00316834,3,0.013
40,222682035.43002695,324649367.1587509,3,0.013
60,232059472.87606257,325206887.62636256,3,0.013
80,238000223.10640025,325112561.053637,3,0.013
100,239889337.0139449,324981855.66676104,3,0.013
120,241360567.36203343,325192839.26536125,3,0.013
140,240990421.94658855,324729516.1636721,3,0.013
160,237171274.50305775,324660298.5076946,3,0.013
180,231502489.27531,324599048.1555052,3,0.013
200,226439199.54792863,324592161.19336456,3,0.013
220,221267125.3171433,324601654.3377847,3,0.013
240,219002025.7462777,326110644.776104,3,0.013
260,217385514.56423756,326707926.1095991,3,0.013
280,210645818.95259023,326855254.3540412,3,0.013
300,202959423.0433239,326625674.09454566,3,0.013
320,191607148.4871412,326296653.137406,3,0.013
340,181921363.62558365,325618456.3012073,3,0.013
360,175538064.5454566,324758733.22192883,3,0.013
380,168292225.35132742,325680223.9737095,3,0.013
400,160884036.3204993,325365513.1514447,3,0.013
420,154444265.97379458,325397151.07649153,3,0.013
440,150012385.44225442,325523541.31898826,3,0.013
460,146729540.98411065,325189833.0923548,3,0.013
480,145850870.02883798,326110987.54245096,3,0.013
500,145591401.7054582,326635490.8130288,3,0.013
520,143948568.19830102,326318394.355012,3,0.013
540,142021308.63281345,325258318.36804414,3,0.013
560,135589770.60901198,326315842.7921516,3,0.013
580,135887236.14081383,325966095.02018845,3,0.013
600,138282846.84133264,325515704.22827566,3,0.013
620,135986167.54433498,326070747.6721554,3,0.013
640,128524790.74929248,324298414.27816784,3,0.013
660,114925371.20715532,323933181.8083701,3,0.013
680,108097515.01371647,323178119.72643703,3,0.013
700,108121773.89475846,322523793.94063336,3,0.013
720,112577245.7137596,323676336.0728958,3,0.013
740,123259814.2224778,324334854.40745676,3,0.013
760,136692765.29639196,324690684.89750224,3,0.013
780,146401410.4607634,324615973.0880645,3,0.013
0,169190926.69634897,169190926.69634897,3,0.014
20,171557792.78771317,325998568.45325524,3,0.014
40,173155751.8817489,324412402.5729234,3,0.014
60,182305362.9225053,324858901.54569113,3,0.014
80,190346671.7794716,324996564.07700133,3,0.014
100,195853478.31068796,325407605.91628265,3,0.014
120,194097480.09952664,323962906.73312056,3,0.014
140,190239039.3469891,323759024.99048513,3,0.014
160,188470125.52097484,324117933.6903553,3,0.014
180,191033831.0967704,325424027.1457354,3,0.014
200,199196590.27238825,325605929.2593863,3,0.014
220,203326535.39919063,324531714.10178614,3,0.014
240,198668506.17967924,324843518.01282525,3,0.014
260,192027665.35181895,325277811.7852427,3,0.014
280,189331375.0887759,326492201.0387559,3,0.014
300,197123736.2053301,326704222.79576504,3,0.014
320,213335773.2898931,327102998.02777696,3,0.014
340,231376207.2980976,327301916.521183,3,0.014
360,242433830.2896322,327118807.7469935,3,0.014
380,247760525.74819964,326526812.3796786,3,0.014
400,245775293.17763364,326301849.0561539,3,0.014
420,240122638.43176448,326042314.838608,3,0.014
440,244539173.6815545,327186694.388793,3,0.014
460,248438136.74983183,327312022.36877453,3,0.014
480,248395074.3233964,326780703.4461453,3,0.014
500,248110711.2754253,327240590.71453834,3,0.014
520,245282005.98234496,328121422.0043998,3,0.014
540,241750461.26164293,328680192.05939764,3,0.014
560,240850760.78031045,327987623.903309,3,0.014
580,242468538.8494352,326400531.53382957,3,0.014
600,241424947.17619976,326289887.0298803,3,0.014
620,236158442.82642472,326053260.2229221,3,0.014
640,224838983.7107427,326093215.6416762,3,0.014
660,220346601.43019193,326456616.84902906,3,0.014
680,215581038.59997085,325827255.00979674,3,0.014
700,210172878.0185967,326062428.91115344,3,0.014
720,203487269.63292056,326758080.500858,3,0.014
740,186171960.47027087,326724334.9356308,3,0.014
760,171639907.677563,327622426.5050696,3,0.014
780,168341344.62860453,328238455.8529971,3,0.014
0,242808553.79439855,242808553.79439855,3,0.015
20,238010367.42071936,325150767.3667424,3,0.015
40,232995397.79878905,324365004.358756,3,0.015
60,227823483.8838663,324166696.7010385,3,0.015
80,233511615.24197617,324107116.41906077,3,0.015
100,244736834.47435647,324545558.2302078,3,0.015
120,254124494.9154201,324571195.87716687,3,0.015
140,261290453.25845027,324513093.01303124,3,0.015
160,259706819.80795193,324154503.1021128,3,0.015
180,247367361.78483012,324769855.3551789,3,0.015
200,222451002.61172673,326098105.8026079,3,0.015
220,188356421.40218857,326418992.70550835,3,0.015
240,167241717.38771597,325770068.9139719,3,0.015
260,163123122.1473987,326411739.8873631,3,0.015
280,178689836.44026238,326720717.8546432,3,0.015
300,206445545.45453528,327686088.59562325,3,0.015
320,227429137.73674235,327877776.4629679,3,0.015
340,238289970.44519937,327625213.73108107,3,0.015
360,238178522.79156035,327527407.14672107,3,0.015
380,224534882.19935864,327857677.14244163,3,0.015
400,210339664.33161297,327378992.1481254,3,0.015
420,199496822.82850707,326561567.60816973,3,0.015
440,209321678.546706,327338333.23785686,3,0.015
460,224667759.0407343,327831240.9529536,3,0.015
480,236055239.26817536,327793051.38252455,3,0.015
500,249460489.5856306,328358916.98912704,3,0.015
520,250352656.26009825,327668238.72615844,3,0.015
540,253605471.22757465,327449776.2098934,3,0.015
560,256026628.43440807,327142317.8144401,3,0.015
580,256908585.6968527,327261398.72399986,3,0.015
600,253448572.40904403,326912699.6547555,3,0.015
620,255709664.0830736,327386504.2449426,3,0.015
640,255377181.91159585,326898227.52507913,3,0.015
660,253341912.58376697,326647514.25353944,3,0.015
680,252613863.5752657,326256127.72247493,3,0.015
700,257746919.15679577,326895938.4866792,3,0.015
720,259651457.7580872,325867747.7230813,3,0.015
740,262909862.91452736,326330882.32475483,3,0.015
760,268894489.50382,326522383.6791401,3,0.015
780,273616794.9052461,326577139.65166587,3,0.015
0,258326824.888747,258326824.888747,3,0.016
20,261731127.53528807,326751953.8660652,3,0.016
40,257629118.6454916,327655321.72670686,3,0.016
60,256221441.63745844,328550214.1161156,3,0.016
80,261118820.8828971,329192887.7494807,3,0.016
100,270386329.5067081,329787190.932414,3,0.016
120,276172279.9656004,328064812.78499764,3,0.016
140,274665975.948037,327856997.75563884,3,0.016
160,276150218.16776353,327466406.09717196,3,0.016
180,276341301.02436566,327660465.76132506,3,0.016
200,277334984.33386934,328352230.57784885,3,0.016
220,281652022.76431996,329124978.25884724,3,0.016
240,282134409.41276973,329683911.69168365,3,0.016
260,278528350.8143904,328883779.1161392,3,0.016
280,270234566.359712,328417559.16278756,3,0.016
300,262418978.46572888,328531904.80929756,3,0.016
320,261954710.2953121,327508513.4126933,3,0.016
340,263281369.8146969,327294762.7374569,3,0.016
360,259058719.87383333,326158635.8531029,3,0.016
380,254440680.48272693,326245127.26858497,3,0.016
400,254364134.26701087,326715003.17961633,3,0.016
420,256642776.08532524,327675974.00721556,3,0.016
440,259136337.2586972,328390514.82979167,3,0.016
460,260486737.10716456,328516451.6713309,3,0.016
480,259716827.4967993,328877859.876083,3,0.016
500,259731037.95791048,329320876.3092787,3,0.016
520,260585961.36356857,329085977.8467603,3,0.016
540,262014917.9527988,328030139.8950611,3,0.016
560,260569102.04390895,327388564.3521451,3,0.016
580,254955500.13815767,327372991.75677377,3,0.016
600,252434977.2334765,329068446.54501987,3,0.016
620,250272757.41181776,329319390.3064816,3,0.016
640,249849835.41877005,329419100.1808909,3,0.016
660,254623666.72328725,327654646.70163,3,0.016
680,261834597.7438628,327336224.31244254,3,0.016
700,267715707.94211337,327693458.6279915,3,0.016
720,274462816.7922761,327998028.36807996,3,0.016
740,275903503.25557846,327909548.4836561,3,0.016
760,269409920.7035839,328188785.7987813,3,0.016
780,259246548.8305865,327920215.697296,3,0.016
0,254394444.79486015,254394444.79486015,3,0.017
20,261081719.2409528,326673463.95135826,3,0.017
40,264644434.62794685,327774161.0553919,3,0.017
60,259282987.78386176,328544525.0005762,3,0.017
80,259361949.70958135,327559946.1814858,3,0.017
100,262848536.8973203,326904800.2365543,3,0.017
120,264566297.42858657,326275985.9701975,3,0.017
140,266466146.00218928,326555134.61268365,3,0.017
160,269303450.41600966,326438691.5930812,3,0.017
180,268602652.97215414,327814158.1136297,3,0.017
200,266663632.86256495,328011920.1351776,3,0.017
220,261604163.1894152,327876177.84510535,3,0.017
240,256349104.03220695,328195503.90466744,3,0.017
260,254354650.4079564,327395115.26100594,3,0.017
280,249251531.06352448,327672259.27909714,3,0.017
300,243420311.14199793,326731222.0677567,3,0.017
320,234694428.79443523,326029072.2832484,3,0.017
340,226080755.9455451,326444721.6663502,3,0.017
360,222057787.51980793,326867706.13313985,3,0.017
380,230114911.5641488,328124842.90472364,3,0.017
400,242163792.38894343,329112507.24473643,3,0.017
420,247640044.41969535,329244548.0047854,3,0.017
440,252677073.43688533,329013654.7821302,3,0.017
460,259790784.9648899,328675238.88815224,3,0.017
480,255886274.46289775,328777854.09150165,3,0.017
500,251060730.71367815,329301495.7796371,3,0.017
520,252952848.4344743,328433127.4681701,3,0.017
540,247218423.03209773,329550300.8617983,3,0.017
560,244844496.07110804,330175413.6373905,3,0.017
580,249710701.173667,329993152.58796406,3,0.017
600,253305293.6963314,329342349.6508935,3,0.017
620,260743635.8317545,328292479.4267624,3,0.017
640,258723893.741328,327904650.8577395,3,0.017
660,253718318.77858707,326867951.5665617,3,0.017
680,250804765.6634488,328034895.9883585,3,0.017
700,243399627.7133471,328871793.6632357,3,0.017
720,235791110.83580935,329188856.0159715,3,0.017
740,233097683.63202143,329029952.628913,3,0.017
760,239699970.4253899,329008748.7617855,3,0.017
780,242169686.1753165,327951745.2817735,3,0.017
0,267678062.7986697,267678062.7986697,3,0.018
20,268557739.00159127,331165193.94878876,3,0.018
40,261726314.34394988,328625671.0882747,3,0.018
60,249883283.6463932,327455332.2599185,3,0.018
80,239162430.8203124,326670206.3150252,3,0.018
100,235087825.15912455,326173242.463378,3,0.018
120,238372428.54580715,327241473.20433307,3,0.018
140,234339164.04303917,326940421.07667637,3,0.018
160,220970845.7141976,327480638.92589164,3,0.018
180,191416757.89548045,327838126.47385496,3,0.018
200,165262181.4109625,326750351.83017683,3,0.018
220,154219599.07054263,326554596.5884891,3,0.018
240,161816011.26925465,325974103.1188516,3,0.018
260,181348775.018813,327274880.6310914,3,0.018
280,195363052.75234511,328501134.50607747,3,0.018
300,201476625.17517287,328402138.02955383,3,0.018
320,197984911.93902373,329149762.8859015,3,0.018
340,187169473.39004403,328694029.5114912,3,0.018
360,188931955.1662304,327335659.38645685,3,0.018
380,208832988.46911865,326003108.7934582,3,0.018
400,239140606.3240697,327114340.15792286,3,0.018
420,259654494.154049,328573809.5726248,3,0.018
440,272264158.26086795,328716657.93040377,3,0.018
460,268007730.496148,328766231.61331856,3,0.018
480,248216420.15896237,329000738.8221109,3,0.018
500,243710867.03177685,328314333.34260744,3,0.018
520,247528658.91193792,327797173.8326849,3,0.018
540,241933505.88398623,327643936.7809327,3,0.018
560,230257682.6729017,328634241.57699513,3,0.018
580,217936433.0000156,328481529.4246994,3,0.018
600,211195424.43365,328138627.5127593,3,0.018
620,200329191.16027695,328842655.47748196,3,0.018
640,197617750.6917535,330088014.71414673,3,0.018
660,205713693.79572952,330516750.7044444,3,0.018
680,216923726.87095913,330616983.4700969,3,0.018
700,223549273.4523375,329547872.10164917,3,0.018
720,222065047.898875,328506680.5644561,3,0.018
740,216754373.1535285,328364467.7621411,3,0.018
760,217416712.26317257,328543176.41294754,3,0.018
780,228320898.8324006,328207709.4821646,3,0.018
0,298057351.18576837,298057351.18576837,3,0.019
20,301464542.62284315,332503338.5234605,3,0.019
40,302186788.1101513,332341928.69634163,3,0.019
60,300607061.8059805,330553376.13204944,3,0.019
80,292190483.8369133,329766663.92439497,3,0.019
100,287479726.74645203,330529944.0407757,3,0.019
120,284863066.0268578,330517114.7541108,3,0.019
140,288352959.9509654,330310443.83533114,3,0.019
160,293786533.66160786,330373419.37135625,3,0.019
180,297413668.00657594,331492619.8172723,3,0.019
200,295534993.17964995,331579419.80011356,3,0.019
220,285709292.1029103,330388398.77923286,3,0.019
240,282706824.35919684,329808554.1462356,3,0.019
260,287364980.29216075,331036182.2182425,3,0.019
280,293402920.1352557,331780703.9626363,3,0.019
300,295582009.29348236,331437514.13766015,3,0.019
320,291671464.0571665,331124845.1135674,3,0.019
340,291161853.82984465,331902521.0464766,3,0.019
360,287138970.95767534,331723455.9936326,3,0.019
380,280363272.4152377,330963105.5862521,3,0.019
400,284390798.4727917,329785783.5811401,3,0.019
420,288424879.89273393,330273018.4656813,3,0.019
440,291214864.53103,330491663.976186,3,0.019
460,291653507.25670123,330045506.6033175,3,0.019
480,286561357.757717,329897634.83307624,3,0.019
500,284441558.4750694,328578213.998444,3,0.019
520,269894308.28588384,326353253.6361041,3,0.019
540,245043801.95308536,328162612.5356902,3,0.019
560,217148118.24535957,328583010.373065,3,0.019
580,204149615.3262889,328850388.6727302,3,0.019
600,213253498.17885068,330076131.76197875,3,0.019
620,218789105.86114952,331679487.308889,3,0.019
640,213219365.5612962,330599735.72515357,3,0.019
660,201801441.4661906,328725398.904126,3,0.019
680,187342805.0906084,326931880.32103527,3,0.019
700,178949627.7268901,327711177.0865617,3,0.019
720,178525721.90957418,327670363.44254595,3,0.019
740,189261619.88201195,328165959.1493971,3,0.019
760,212547528.3582328,328629483.40483713,3,0.019
780,228959636.63473225,328813087.99880326,3,0.019
0,291675555.2268405,291675555.2268405,3,0.02
20,296009151.51807433,330439401.7413973,3,0.02
40,300458250.0431203,330619433.9610862,3,0.02
60,305778018.0201901,331554044.74567145,3,0.02
80,305727535.5200345,332160386.0332172,3,0.02
100,302791010.1976293,332143714.73928106,3,0.02
120,299873493.17925006,332554079.69962597,3,0.02
140,298617224.29379964,331971185.05244875,3,0.02
160,296239314.8582779,332216875.0745119,3,0.02
180,288370076.5725528,332207883.60302925,3,0.02
200,286695957.4649278,330861109.26264656,3,0.02
220,284376490.5178762,329976275.33850574,3,0.02
240,276596865.43337584,330219113.30869216,3,0.02
260,274430122.26291215,330842583.239811,3,0.02
280,267864699.23787615,330263713.65579385,3,0.02
300,262210543.77163172,329720144.58472544,3,0.02
320,261802638.4528764,329990802.3995913,3,0.02
340,267134489.1139204,329229819.3618408,3,0.02
360,267329238.06282228,329242769.2201496,3,0.02
380,267443710.49661684,329100021.0417045,3,0.02
400,265323571.12978604,327841831.3070642,3,0.02
420,263423551.48748335,329419125.41272914,3,0.02
440,260986289.8786493,328793736.8536936,3,0.02
460,253420547.00004503,329078007.2004757,3,0.02
480,254399946.16050887,329973820.19845307,3,0.02
500,257786669.50639224,330900125.0140993,3,0.02
520,232977498.8287719,328999699.4628154,3,0.02
540,206545031.09345275,327620939.1517866,3,0.02
560,203087920.33434895,325191987.4660517,3,0.02
580,210920327.22940576,325339437.8200121,3,0.02
600,229027782.27366945,328184487.7368361,3,0.02
620,235747726.736634,328005227.71785444,3,0.02
640,229975223.32509387,328102016.1847096,3,0.02
660,216645170.1192721,329443773.053153,3,0.02
680,202142103.2284451,327836323.43546,3,0.02
700,187953960.18754545,326800735.0739612,3,0.02
720,185636911.9315388,327408284.133897,3,0.02
740,188628565.77328867,327086995.5811684,3,0.02
760,200520082.07675,326699785.7309997,3,0.02
780,217082358.18935335,328331770.9979843,3,0.02
0,153507180.68416274,153507180.68416274,3,0.01
20,154969274.15406424,321122686.13971114,3,0.01
40,162317310.92241037,321653877.5096952,3,0.01
60,171644789.55654588,321950972.4193032,3,0.01
80,181865776.7673608,321401832.30879056,3,0.01
100,184868323.81454915,322307696.9186673,3,0.01
120,182760699.6041095,321730369.8565432,3,0.01
140,181219188.91038567,321910888.7545359,3,0.01
160,180698699.7038344,321870443.7172118,3,0.01
180,178508359.4492108,320856108.3160833,3,0.01
200,172967226.87656665,320262300.8010391,3,0.01
220,166429449.14513218,320706264.69677955,3,0.01
240,161091986.87307292,320926924.16599774,3,0.01
260,157310543.49161893,320265192.3811121,3,0.01
280,148092488.41368133,320805441.69513696,3,0.01
300,134575609.55577698,320919184.62489045,3,0.01
320,124593767.30201907,319834830.3094107,3,0.01
340,122033082.92371558,320730994.24736166,3,0.01
360,123850496.76684707,318400444.06742895,3,0.01
380,128519430.67217796,317939885.4162872,3,0.01
400,133403813.8606317,317472735.68230456,3,0.01
420,133117377.86917686,317984960.1766826,3,0.01
440,133171162.16937706,318429227.73296106,3,0.01
460,136978828.85119,317898237.4013393,3,0.01
480,142902609.39194202,317918195.49489975,3,0.01
500,142883827.0930178,318142656.1616204,3,0.01
520,138565012.62131688,318405985.473145,3,0.01
540,132252028.8440882,318646258.92341787,3,0.01
560,128425642.34491298,318426963.33205557,3,0.01
580,124457707.9143115,319650357.55023533,3,0.01
600,116207756.45620964,319236237.8680617,3,0.01
620,109036935.44687916,319345014.71367466,3,0.01
640,102745764.77668038,317947487.47616696,3,0.01
660,98924524.70276254,316853794.43855184,3,0.01
680,102128024.02123688,316447594.5119271,3,0.01
700,110836040.37850128,316465493.1494984,3,0.01
720,122123970.17652674,316136507.07597774,3,0.01
740,131081433.45797026,317371332.80095553,3,0.01
760,137603478.3610791,317970762.77905035,3,0.01
780,138285192.66927946,317617697.7289454,3,0.01
0,188215412.29409185,188215412.29409185,3,0.011
20,179560975.0873072,322753063.25231004,3,0.011
40,175853044.08004242,321829294.9524519,3,0.011
60,177405789.7788328,321984318.0870017,3,0.011
80,183976554.8614561,322851853.41671103,3,0.011
100,186785188.5912758,322221794.99597716,3,0.011
120,186362160.48188868,322228117.52139264,3,0.011
140,188582845.9116481,321902408.88838506,3,0.011
160,185494654.21499577,321678836.65136933,3,0.011
180,182328239.7106872,320667907.665789,3,0.011
200,178623612.47241846,321371041.4418819,3,0.011
220,174572835.40019476,321270790.6561563,3,0.011
240,167220931.233729,322332796.1974536,3,0.011
260,156193735.07190576,322936111.4417318,3,0.011
280,146504356.86085916,322821229.54160535,3,0.011
300,142703585.19503027,323446119.0817611,3,0.011
320,148774330.81612438,324390788.0838706,3,0.011
340,155530904.04039204,323144731.78921694,3,0.011
360,160263175.59448934,323209938.36289227,3,0.011
380,160505664.493738,322758263.0646537,3,0.011
400,157361479.24965215,322546324.0386605,3,0.011
420,154640868.99574912,323018014.7949338,3,0.011
440,150647682.70861205,323117151.3239541,3,0.011
460,149411294.64336902,323368113.4946305,3,0.011
480,146147017.2311974,323037742.452302,3,0.011
500,140623116.30589336,322195365.9307694,3,0.011
520,133978231.21104646,322610703.8733089,3,0.011
540,127486947.6188175,322297648.0779731,3,0.011
560,125957005.53623708,322314706.6542326,3,0.011
580,123979980.8577709,322458936.5139672,3,0.011
600,125379763.57116397,321529713.6304772,3,0.011
620,130135944.60724948,321108801.691609,3,0.011
640,133778921.4947654,321147744.6742443,3,0.011
660,142133463.6803136,321384533.896615,3,0.011
680,152996882.06665283,320229296.8092102,3,0.011
700,156130622.05913612,320380655.3336999,3,0.011
720,152612494.43803883,319515056.12683964,3,0.011
740,150965372.2626213,320151700.37114334,3,0.011
760,149854737.7671574,321540640.3926226,3,0.011
780,151320988.43364137,321676288.0842309,3,0.011
0,215731570.30023372,215731570.30023372,3,0.012
20,214708930.3056283,323332102.02565753,3,0.012
40,220431869.4230287,323158754.23941207,3,0.012
60,226183310.6846389,323438626.01571465,3,0.012
80,226182837.01399913,323794453.687963,3,0.012
100,230588498.93383396,324038945.53371453,3,0.012
120,240319058.22442985,325117062.5928062,3,0.012
140,244103329.83970863,324555828.2253909,3,0.012
160,241573091.6451993,324098055.94156563,3,0.012
180,241549427.27845243,323638526.11394423,3,0.012
200,246615165.1851801,323847981.70383996,3,0.012
220,251011356.50130844,323783969.82966506,3,0.012
240,247323515.04776332,322504593.88470256,3,0.012
260,238308355.15645835,322266595.6618899,3,0.012
280,233201398.19897485,321401184.9725532,3,0.012
300,228046864.68450636,321027640.9435828,3,0.012
320,224712930.1916814,321348765.91536474,3,0.012
340,218704730.7054059,319881266.3488506,3,0.012
360,211238695.34226665,320982848.4707888,3,0.012
380,206042892.02409983,319561438.96888757,3,0.012
400,201623819.819751,319675002.1425472,3,0.012
420,201543894.7799772,318700497.9816644,3,0.012
440,202864441.0880462,316729759.56412566,3,0.012
460,203864367.17906377,318332713.5003357,3,0.012
480,206407935.723479,319139508.7584379,3,0.012
500,212353237.4473589,319287598.9849101,3,0.012
520,215978914.9066235,320175425.4715823,3,0.012
540,220059204.89876935,320281425.2042554,3,0.012
560,223095540.53991553,321161328.8592663,3,0.012
580,225558905.95057023,322199111.5555674,3,0.012
600,224411767.9632585,322868048.12625515,3,0.012
620,216078995.0900615,322101237.02399766,3,0.012
640,204503450.37890857,321760348.1935662,3,0.012
660,199245863.3348899,321421447.09126294,3,0.012
680,193310287.86367112,320900117.8214381,3,0.012
700,194368761.5712991,321611229.6527811,3,0.012
720,204281199.56838557,322915073.0181623,3,0.012
740,218920325.5205823,324186351.7958155,3,0.012
760,229870638.87941077,322822790.82767546,3,0.012
780,231792181.04273587,323234732.2955437,3,0.012
0,190899291.2522013,190899291.2522013,3,0.013
20,187856547.88823223,325791547.4847468,3,0.013
40,184166483.56489247,324470899.9362362,3,0.013
60,186908116.290279,324349158.5405781,3,0.013
80,188797496.81069145,324611230.8526672,3,0.013
100,186155558.57530087,324827004.56006896,3,0.013
120,181237968.27457103,325457890.27388674,3,0.013
140,175292021.6370014,326542199.98343533,3,0.013
160,174409217.07835543,327023881.2818179,3,0.013
180,177374408.943244,325562319.254606,3,0.013
200,184265525.2107241,325366464.83487815,3,0.013
220,192859073.2881274,324997113.52976507,3,0.013
240,202725723.47465727,324903988.34472823,3,0.013
260,210437698.5380044,324448058.90783596,3,0.013
280,213030967.920218,325797244.6968317,3,0.013
300,205419736.67871776,325657503.7994704,3,0.013
320,192028529.76448968,325254440.3651072,3,0.013
340,181660949.67321157,326287843.5198873,3,0.013
360,177486035.86529332,326723760.4848958,3,0.013
380,178457043.01153895,325500201.1246878,3,0.013
400,172512931.0383272,324563573.6157657,3,0.013
420,166177198.5861358,324708843.65751714,3,0.013
440,168259794.14971238,324566797.13704884,3,0.013
460,174445216.3984955,324868301.4348713,3,0.013
480,177200721.16290438,325032473.8394687,3,0.013
500,175503715.52571887,324896111.79660916,3,0.013
520,177964244.6426674,324220175.1221403,3,0.013
540,186387374.46585748,324384446.55326533,3,0.013
560,189596933.2874412,324505070.3882307,3,0.013
580,192721297.79647335,325428325.8993266,3,0.013
600,196238185.70788187,325643043.2502737,3,0.013
620,188681066.566753,325328636.2467563,3,0.013
640,182142525.97795472,324026689.3555888,3,0.013
660,183097961.73079765,322725842.725422,3,0.013
680,190338535.4996651,322346023.2562984,3,0.013
700,202225510.23450145,321704733.1078627,3,0.013
720,210427286.15048137,320706645.6890406,3,0.013
740,212710035.79432976,320548404.354949,3,0.013
760,208814677.2985751,323395811.3753134,3,0.013
780,202272470.26456577,324112455.79609513,3,0.013
0,204896905.55756664,204896905.55756664,3,0.014
20,211945308.619801,324732785.7233403,3,0.014
40,225104507.60017645,325773948.28826565,3,0.014
60,233898977.1510424,324382924.59429723,3,0.014
80,244416235.18243283,323330741.1234271,3,0.014
100,250608910.5683336,322868408.2703606,3,0.014
120,246823092.04063076,323236574.48590326,3,0.014
140,246953903.68263105,323996024.4969591,3,0.014
160,247327593.99166965,324066499.70158744,3,0.014
180,248791930.9689116,324852432.8576086,3,0.014
200,255113848.31875736,326538006.49150014,3,0.014
220,261320718.4702331,326262909.11305076,3,0.014
240,263285436.5898516,326004195.6732203,3,0.014
260,260557134.37439972,326493044.63236797,3,0.014
280,253298149.35158664,326773943.2602912,3,0.014
300,247190694.47451916,327126168.2822137,3,0.014
320,244374026.57095903,326787612.527959,3,0.014
340,239354889.6748353,325982590.7163892,3,0.014
360,228535245.0899747,325931513.3555932,3,0.014
380,217986817.58721897,326343612.0316517,3,0.014
400,212227261.74438423,325457977.8643148,3,0.014
420,201220063.83094227,325510397.33675885,3,0.014
440,190595245.57249743,325275468.79409057,3,0.014
460,186253413.115862,325912091.9119991,3,0.014
480,184921173.2210752,325886924.4683387,3,0.014
500,191769784.7562539,325403507.66827065,3,0.014
520,195242717.6967592,325616840.747264,3,0.014
540,196577360.85416424,325550183.4651867,3,0.014
560,197097779.02034956,324476033.0272802,3,0.014
580,191870882.09901655,324381330.1033351,3,0.014
600,184949037.81179613,325152994.4214444,3,0.014
620,180623227.80817008,326346106.4125559,3,0.014
640,175693794.67772615,326802341.44117117,3,0.014
660,178301933.7979533,325925281.04993594,3,0.014
680,192576589.7544648,325512111.1654451,3,0.014
700,208968866.0435217,325397214.40364075,3,0.014
720,220483513.32403284,325894247.41593975,3,0.014
740,226993227.46269095,327080181.57552063,3,0.014
760,229681407.89282024,327439336.7888826,3,0.014
780,232226481.9412896,327352346.43327415,3,0.014
0,240817933.3423186,240817933.3423186,3,0.015
20,238888361.1175906,325960395.4257978,3,0.015
40,240220331.34786537,326302369.5513123,3,0.015
60,235303083.00056857,326613025.0505542,3,0.015
80,234239831.72840783,326279488.7737732,3,0.015
100,235148395.968838,326208277.40255445,3,0.015
120,235759775.8899536,325258685.49557364,3,0.015
140,238518258.86202303,325748600.8198377,3,0.015
160,245537490.92850792,326567154.3179679,3,0.015
180,243768473.80547723,326301252.85932225,3,0.015
200,239435544.7086424,326199388.07020634,3,0.015
220,239307033.2960146,327048532.3374132,3,0.015
240,239080387.1420164,326492317.8059274,3,0.015
260,229286143.3116008,325045409.51635265,3,0.015
280,209841897.03235903,324923317.8340757,3,0.015
300,191255822.37949973,324948395.1689886,3,0.015
320,184339318.44467568,325015138.92240214,3,0.015
340,184359180.08749503,324886066.8664548,3,0.015
360,186206203.1687451,324674517.9217135,3,0.015
380,196419214.08369032,324534283.19786066,3,0.015
400,203864833.4859271,325798169.33989793,3,0.015
420,204918735.36995137,326085310.90480876,3,0.015
440,206108781.7523097,326148041.29464823,3,0.015
460,205790337.03819883,325550743.5588564,3,0.015
480,203107184.33444363,325384076.29346865,3,0.015
500,197648565.69492877,327227597.0554143,3,0.015
520,198653532.33211464,327837544.11697936,3,0.015
540,210396100.77867705,327318199.6210798,3,0.015
560,225782768.27148747,326537489.8444494,3,0.015
580,242534986.23387724,327296724.00847673,3,0.015
600,251092529.3423552,327098273.7553339,3,0.015
620,244622083.9594532,327454468.4789987,3,0.015
640,235224761.01260892,328302710.27111375,3,0.015
660,234372493.5952816,327410058.59833896,3,0.015
680,236155152.85919476,326829278.0794158,3,0.015
700,244054858.8906975,327213270.9737835,3,0.015
720,251966517.3415137,326447983.69459283,3,0.015
740,260171101.3657321,327901678.7475624,3,0.015
760,267878871.1139475,327544257.9724463,3,0.015
780,268782857.70273197,327401102.3047369,3,0.015
0,236795272.4729191,236795272.4729191,3,0.016
20,232367835.87741205,329354970.1361774,3,0.016
40,227994031.07404095,328723601.53340626,3,0.016
60,224038248.27047697,328755816.6862633,3,0.016
80,225295288.07145792,328792164.276605,3,0.016
100,218805592.19097143,328884770.6663805,3,0.016
120,211298386.55903915,328977853.31075597,3,0.016
140,205974093.1971756,327815954.1407699,3,0.016
160,207099835.9298049,327984138.1361782,3,0.016
180,214078151.38553327,328905748.529833,3,0.016
200,219242160.37041828,329037733.3139298,3,0.016
220,218758602.25301117,329485030.4795287,3,0.016
240,213968114.74063537,329479713.87602425,3,0.016
260,217455900.07626808,329066010.4599243,3,0.016
280,226340900.12511945,328080759.1961286,3,0.016
300,234943703.09269223,328051049.5379352,3,0.016
320,238974197.47608125,328149445.0434958,3,0.016
340,241189815.5071414,329153925.9429128,3,0.016
360,240989224.26909935,330280975.4300682,3,0.016
380,239861047.1203694,329661560.208015,3,0.016
400,237504930.4799819,328537016.279068,3,0.016
420,235933131.74990225,328420440.5537269,3,0.016
440,236596428.07957172,328197264.7648125,3,0.016
460,239698669.01771367,326922789.28589594,3,0.016
480,250626124.311908,326901428.599392,3,0.016
500,263894068.84325832,326988707.5914997,3,0.016
520,275299481.7689071,326836200.24006534,3,0.016
540,277815250.9326044,327781388.6170198,3,0.016
560,274703181.3599021,327275521.111538,3,0.016
580,272922713.15782446,326989696.2781949,3,0.016
600,271042434.51315844,326910703.50093454,3,0.016
620,268527269.6259207,327970703.8606639,3,0.016
640,266567697.72789475,329011431.52805215,3,0.016
660,261924519.53684095,328583527.4833686,3,0.016
680,256847775.4511417,329305999.23064244,3,0.016
700,255470247.99352008,328798656.50271094,3,0.016
720,248428062.8549955,328728377.877519,3,0.016
740,242879419.77365783,329256413.88257873,3,0.016
760,244804736.6017027,328848533.20155096,3,0.016
780,244455468.7173442,328576502.6494992,3,0.016
0,290646538.9901688,290646538.9901688,3,0.017
20,283996271.71167207,328569974.8857723,3,0.017
40,273198596.276212,328712839.46726334,3,0.017
60,257313844.09563863,329323769.7147355,3,0.017
80,236931975.80181155,329419172.9552932,3,0.017
100,230131643.8952027,328517078.05942905,3,0.017
120,230237205.4868359,327534558.89364785,3,0.017
140,236352375.0287725,327844185.5678846,3,0.017
160,247766342.21209764,328970359.26195335,3,0.017
180,249783095.53010783,328397233.05404526,3,0.017
200,246385906.43425804,328737643.9632262,3,0.017
220,245015433.3610516,329035569.2952521,3,0.017
240,238900091.5635085,327839044.72997516,3,0.017
260,227673345.4869024,329130013.8020598,3,0.017
280,234752574.46487924,329754982.5299424,3,0.017
300,248863509.53475296,328546421.67144525,3,0.017
320,258213117.81349045,326279457.0897099,3,0.017
340,260809253.042802,325633265.3483971,3,0.017
360,260082756.3040217,325439977.4825805,3,0.017
380,254731935.0270383,325029694.52629167,3,0.017
400,245048312.8795568,325598497.0310654,3,0.017
420,248151589.06624103,325293530.2969139,3,0.017
440,249772807.42949453,324868773.2377925,3,0.017
460,249288103.40195915,325515088.28591037,3,0.017
480,249631628.33919692,326494165.45855856,3,0.017
500,244983653.66351888,325988416.05418575,3,0.017
520,244448823.63753545,326641579.28015906,3,0.017
540,245214334.36456877,328833816.9849631,3,0.017
560,240511101.98838675,329197253.66826916,3,0.017
580,230013219.76396188,328951878.58237815,3,0.017
600,228268062.30164987,328280879.0845598,3,0.017
620,233277359.8581755,328922718.00005615,3,0.017
640,236845190.45932335,328995510.5318469,3,0.017
660,244020536.0005381,329128414.2113828,3,0.017
680,245722400.79215223,328949454.99157494,3,0.017
700,237194050.20599288,328853076.3882092,3,0.017
720,232885262.53530937,328620168.3204958,3,0.017
740,240999285.3455935,328287053.3872013,3,0.017
760,249271592.6169205,328139713.44449806,3,0.017
780,253787350.9907089,329031591.658093,3,0.017
0,292484870.29738283,292484870.29738283,3,0.018
20,289473013.8429357,331368822.71726084,3,0.018
40,289729890.216195,330034845.8437917,3,0.018
60,289668244.5805278,330068668.6012399,3,0.018
80,285210321.67383766,331122186.9400658,3,0.018
100,284566542.8440329,331505341.78405845,3,0.018
120,274359481.888523,329525433.3895847,3,0.018
140,254729906.42601776,329551258.0806993,3,0.018
160,246004682.79139337,329932295.9281928,3,0.018
180,250581566.05719095,329105113.9493991,3,0.018
200,264427238.04375923,329768971.5420991,3,0.018
220,272481460.8334688,329427326.16991687,3,0.018
240,273944010.7504702,330089138.2755777,3,0.018
260,261251953.1407584,330624403.7529346,3,0.018
280,249618884.91780347,329679472.20812345,3,0.018
300,235768386.14784867,327859564.5483755,3,0.018
320,233266555.88230255,327923226.26609707,3,0.018
340,248761801.5459251,327884883.8876748,3,0.018
360,258399090.89209256,328745298.2254089,3,0.018
380,263356543.5750538,328129108.91135275,3,0.018
400,259435633.5434842,327703830.0628693,3,0.018
420,255220361.92665848,328769360.65566385,3,0.018
440,252058616.48102772,328593096.2901052,3,0.018
460,251848570.0381832,327498519.25717914,3,0.018
480,261099811.51035044,327996960.0497475,3,0.018
500,270670600.3313792,328475326.3224369,3,0.018
520,264327992.2406993,327775847.14426404,3,0.018
540,248627102.27778903,328554776.4510459,3,0.018
560,228917454.5912428,329235976.0579181,3,0.018
580,210922611.7597992,327829361.70257604,3,0.018
600,201263514.046428,329003649.1483735,3,0.018
620,197786597.62667933,329076533.0087859,3,0.018
640,187095928.0684346,328871709.06143826,3,0.018
660,172607466.3912139,329599370.3537531,3,0.018
680,162317039.18230927,327938166.64884645,3,0.018
700,160632018.6314664,328445891.11775607,3,0.018
720,166254934.2276053,328688207.6209768,3,0.018
740,172926887.92132583,329034542.6116449,3,0.018
760,176536591.92213374,329079846.39031184,3,0.018
780,180513772.6631363,329813957.5045673,3,0.018
0,260258942.01082087,260258942.01082087,3,0.019
20,260763054.45005196,329830795.40321404,3,0.019
40,256991753.8003258,329132570.5286392,3,0.019
60,254366015.97029376,330350309.3153586,3,0.019
80,254659934.8789419,331399146.82472545,3,0.019
100,264098785.2608563,331393478.19327724,3,0.019
120,272893799.09876,330023691.28244555,3,0.019
140,280760612.01424354,329943681.666916,3,0.019
160,288920003.2469871,329568122.062732,3,0.019
180,290773449.7410767,329010521.6848135,3,0.019
200,294694811.682465,328583638.50818646,3,0.019
220,300468676.9691128,327939899.39974284,3,0.019
240,296862192.88433206,328876515.64016217,3,0.019
260,293345409.01072353,330363671.4912747,3,0.019
280,292584665.2981788,330877229.6388507,3,0.019
300,291921991.79449975,330505523.175797,3,0.019
320,287437729.55430686,330263623.42218226,3,0.019
340,287377910.3371429,330157076.20731366,3,0.019
360,287758397.6526617,329118716.52199537,3,0.019
380,285601479.9222141,330698535.997606,3,0.019
400,287119270.8408698,328791876.1475223,3,0.019
420,286914813.298133,330191764.24622864,3,0.019
440,288112669.5180922,329837198.3653151,3,0.019
460,286145018.04946816,328751101.46222097,3,0.019
480,284240639.118513,328419828.27181864,3,0.019
500,283078682.9162781,328347691.63289905,3,0.019
520,286436791.5561208,328575622.4401739,3,0.019
540,279931567.7294417,328111661.2558056,3,0.019
560,274173561.7013944,329098702.1248466,3,0.019
580,268372362.50128895,329094303.7305478,3,0.019
600,273257327.5453746,329222981.14926356,3,0.019
620,281800993.16808486,329982711.66318995,3,0.019
640,289254162.43527615,330407222.2158264,3,0.019
660,292028266.68198544,331364479.8964226,3,0.019
680,287090286.92516613,331635909.51959,3,0.019
700,280950561.649495,330977274.79296714,3,0.019
720,277728621.48246294,331485802.1521385,3,0.019
740,271613104.70707273,331522533.9704649,3,0.019
760,275892648.53852844,331412095.35986245,3,0.019
780,282570905.9985916,330764952.6573539,3,0.019
0,290919970.36844033,290919970.36844033,3,0.02
20,297322025.14792216,331637637.0309718,3,0.02
40,300327861.766795,332291334.5093336,3,0.02
60,303656793.5462353,332172117.2741651,3,0.02
80,302739626.6030926,332532688.1850337,3,0.02
100,293736554.3024186,332132996.31743175,3,0.02
120,281589268.5441717,330490926.38186044,3,0.02
140,282378782.37138796,328696654.59983665,3,0.02
160,286278574.3255941,328155837.9613247,3,0.02
180,288693461.97882843,328223473.3052089,3,0.02
200,289116579.775854,329186799.6129667,3,0.02
220,279200932.49542075,329878315.91646713,3,0.02
240,270982454.25780565,328647886.9493215,3,0.02
260,271312276.24680066,326684080.04799354,3,0.02
280,275815142.60437024,326991201.40905255,3,0.02
300,284483802.3945529,327304257.73584807,3,0.02
320,284979349.396392,327137453.11423147,3,0.02
340,284947975.6024616,326939711.7887917,3,0.02
360,285542093.38151264,327358339.17710006,3,0.02
380,286321671.01018655,328565656.60073704,3,0.02
400,276228816.11379087,327921170.52548325,3,0.02
420,261118366.25307745,327167352.43942297,3,0.02
440,261978996.0771555,326228415.0698018,3,0.02
460,270172753.4951786,326299778.43164206,3,0.02
480,278469751.74858165,327447519.12087154,3,0.02
500,281695347.5707974,330025154.14071715,3,0.02
520,289700802.1375737,331431264.69567764,3,0.02
540,288347675.37862515,332174743.24871355,3,0.02
560,283045894.88728005,332283845.8400923,3,0.02
580,281629249.3567616,331106457.721753,3,0.02
600,287813192.68696415,330144289.65828174,3,0.02
620,290115077.3385644,331046817.3421477,3,0.02
640,298055403.0308723,330156957.0868095,3,0.02
660,300389340.05503136,331109667.22470385,3,0.02
680,296181941.6194329,332213890.4779274,3,0.02
700,297575430.5772141,331817061.4686057,3,0.02
720,294604821.3773352,331149281.84242773,3,0.02
740,289330756.5303867,330614580.54197323,3,0.02
760,287091049.628809,330396211.72357,3,0.02
780,284726095.843082,328954062.9658735,3,0.02
0,91627793.46092424,91627793.46092424,3,0.01
20,95548057.87836044,319422983.0607793,3,0.01
40,106483322.6967146,317523245.25960284,3,0.01
60,123093627.8755852,318627578.1026273,3,0.01
80,135993373.09110042,318531611.2683128,3,0.01
100,145200823.11356303,318807382.82810926,3,0.01
120,152169392.08719674,318889179.11791265,3,0.01
140,157905968.19886708,318835787.37606245,3,0.01
160,155364186.43046984,318852573.5910062,3,0.01
180,148806517.73397693,319098116.28080004,3,0.01
200,149045602.78109068,319157640.73540926,3,0.01
220,150032902.02818912,318653898.35278594,3,0.01
240,148754243.4752463,316655879.54606956,3,0.01
260,148370568.07333213,317237104.6013672,3,0.01
280,148865745.78171194,318042502.3150468,3,0.01
300,149467844.923926,317395031.4869664,3,0.01
320,149396108.96782002,318563035.85630536,3,0.01
340,146558070.84422687,319145284.45616907,3,0.01
360,146118626.27849942,319725569.56594074,3,0.01
380,145929417.99435422,320527670.03955525,3,0.01
400,137631792.323498,320984757.29085875,3,0.01
420,131630813.54342094,322257378.2562802,3,0.01
440,131692740.30501509,321214004.69430566,3,0.01
460,128635745.27994388,320500379.4823527,3,0.01
480,124152789.18499853,320997226.5615756,3,0.01
500,126560757.46800569,320982098.0659332,3,0.01
520,136887300.8310936,320410039.7617223,3,0.01
540,147213800.75696442,319763352.0902586,3,0.01
560,151851782.41540408,319097510.8367136,3,0.01
580,158406878.5344749,320666709.4804114,3,0.01
600,166248221.81101036,321351817.294396,3,0.01
620,170608901.24938443,320491915.35079587,3,0.01
640,167230574.59293625,320292699.0409114,3,0.01
660,161133398.27579165,320632967.9113637,3,0.01
680,152886810.840513,319149924.44074017,3,0.01
700,149026346.36233684,320210300.98710984,3,0.01
720,143122519.5993925,319785538.3145287,3,0.01
740,139294342.46118143,319382654.38479257,3,0.01
760,139403125.49394122,319856105.5188013,3,0.01
780,141953919.50701132,319595035.51657784,3,0.01
0,182634715.68675292,182634715.68675292,3,0.011
20,175835779.40804002,324020472.59287524,3,0.011
40,169940160.96175343,322805613.66865754,3,0.011
60,166641829.86837894,322135807.80233127,3,0.011
80,159184017.41026112,321497715.4975346,3,0.011
100,151510100.30410764,321647158.2022463,3,0.011
120,148841973.82674012,322735863.2636387,3,0.011
140,150323162.56140494,323169580.21773237,3,0.011
160,149432978.5236016,323585298.6502169,3,0.011
180,148022805.9575916,323769725.80809736,3,0.011
200,146988693.8602848,323036836.3824682,3,0.011
220,146752416.4520743,323503640.4197583,3,0.011
240,143703032.3709204,323603422.8328574,3,0.011
260,137516175.85704577,323635944.6281527,3,0.011
280,135159550.3149478,323461857.9787139,3,0.011
300,133062035.2364695,323189930.8497411,3,0.011
320,131379628.90136102,323317292.5086841,3,0.011
340,135330568.5024143,322638327.02102005,3,0.011
360,140241295.35183722,322466047.2304903,3,0.011
380,147495117.4863159,322421576.4990839,3,0.011
400,154366122.63862842,322706044.309273,3,0.011
420,160140238.09219325,321465752.7334099,3,0.011
440,167441082.1735864,320960141.06977135,3,0.011
460,172658719.3238383,320922135.4820895,3,0.011
480,173664435.73855323,320902383.80923414,3,0.011
500,175392850.16987807,321602193.29018426,3,0.011
520,178889313.81981575,322195037.8338188,3,0.011
540,175671534.46350953,322593143.9255279,3,0.011
560,171061674.33661935,321433716.83473504,3,0.011
580,165994092.7287538,321589092.08918434,3,0.011
600,158086960.76647902,320353824.1230463,3,0.011
620,153725100.77456355,319372555.73779917,3,0.011
640,148534646.98832485,319089689.7356544,3,0.011
660,139664123.17579046,319524618.3214182,3,0.011
680,133421946.1971885,319080619.25176305,3,0.011
700,133080460.7849154,319211830.0602356,3,0.011
720,140668530.03748134,319357062.18432355,3,0.011
740,152916808.79182738,319775134.42844844,3,0.011
760,159735728.54016382,320809609.21331656,3,0.011
780,163945900.0556122,320647662.6074253,3,0.011
0,202566880.8063084,202566880.8063084,3,0.012
20,203675305.33726197,325121216.8279812,3,0.012
40,202004486.4192369,324407003.2136872,3,0.012
60,193138508.99555248,325018812.34019613,3,0.012
80,187044397.0896494,325308664.31415427,3,0.012
100,181793181.9262492,325391985.1046387,3,0.012
120,170910431.33183458,324824769.02572,3,0.012
140,165213479.32097626,325055483.037228,3,0.012
160,165659090.52079514,325138105.5649135,3,0.012
180,170531875.4508234,325257640.1556,3,0.012
200,174231037.458627,325118652.95857155,3,0.012
220,173161557.51331428,325082171.0246196,3,0.012
240,165254703.50229532,324888008.97356415,3,0.012
260,152083231.8418377,325300534.5477874,3,0.012
280,139371989.69545305,325686880.0806309,3,0.012
300,132061864.14693657,324576898.8600472,3,0.012
320,128650531.39387935,323870650.76415586,3,0.012
340,127512883.5098546,324096840.1862308,3,0.012
360,125895069.1624068,324422367.3448951,3,0.012
380,121042015.26152796,323340882.8126257,3,0.012
400,110857356.61187284,323163240.88286746,3,0.012
420,99645796.63099603,322793745.4562304,3,0.012
440,92413305.948098,322817298.4163217,3,0.012
460,86198990.11095628,321770628.556681,3,0.012
480,78780848.46563911,322785756.6194925,3,0.012
500,74708849.89692785,322394553.47337997,3,0.012
520,74584833.80992272,322786781.6220723,3,0.012
540,75180552.93642753,321873446.791217,3,0.012
560,72446093.82655329,321152396.3848097,3,0.012
580,66154823.09925578,320286745.2849237,3,0.012
600,63954180.43448359,321367672.1799573,3,0.012
620,64069445.84876345,321597755.12509006,3,0.012
640,64970430.53826156,320628609.734182,3,0.012
660,70434088.87718163,321743245.44045794,3,0.012
680,75760987.59659761,321625572.99753964,3,0.012
700,78400332.6025439,321773582.0060511,3,0.012
720,76980146.76274335,321484725.7230308,3,0.012
740,71323706.13711606,320835439.02537894,3,0.012
760,67085841.46289437,320897913.07250834,3,0.012
780,66834290.127321154,321191763.1935966,3,0.012
0,236418984.60518703,236418984.60518703,3,0.013
20,237435143.94030672,324491094.99969363,3,0.013
40,238401626.148842,324612896.46396077,3,0.013
60,239303249.92862028,324686188.12620795,3,0.013
80,237801542.50733283,325048678.0326943,3,0.013
100,232930191.11871356,325252784.6990314,3,0.013
120,228438962.26705408,326045510.5867727,3,0.013
140,226125130.6055216,326223454.75461555,3,0.013
160,223584547.9474704,326135910.85489726,3,0.013
180,226094019.42767733,324787325.2482688,3,0.013
200,227774119.95381117,323764334.3924396,3,0.013
220,224266863.65370652,323445324.8406652,3,0.013
240,215145919.50287408,324139541.5518841,3,0.013
260,200392751.8635473,324978978.51040006,3,0.013
280,187060311.7477616,325984724.156023,3,0.013
300,172626188.65445915,324920918.64041823,3,0.013
320,154946754.10516703,324954540.50575817,3,0.013
340,143862081.18627775,323419971.56856257,3,0.013
360,134779755.39065468,324191535.9577096,3,0.013
380,116968334.8954707,324793804.9922338,3,0.013
400,101212723.84317866,323894813.48165536,3,0.013
420,93196605.97703315,324098629.95347,3,0.013
440,89825268.20626119,323868006.7583653,3,0.013
460,88160860.86051814,325259569.50107,3,0.013
480,95021289.751852,326013995.46166563,3,0.013
500,112994838.96166366,325380268.8854642,3,0.013
520,123981740.13364716,324573856.68898886,3,0.013
540,135022350.84280515,324072313.6857778,3,0.013
560,141118656.38596064,324077252.91625714,3,0.013
580,138803783.89254007,324400949.563187,3,0.013
600,126440164.65456536,325076641.9252314,3,0.013
620,120122246.61723769,324831470.05784047,3,0.013
640,124152302.97805925,324109969.5253051,3,0.013
660,133346833.48770772,323128337.6458713,3,0.013
680,150343457.71632293,325199940.3071255,3,0.013
700,172340944.70653862,325322030.66388327,3,0.013
720,189924344.08109036,324995879.7624405,3,0.013
740,195654055.5991343,325224257.4582937,3,0.013
760,192466572.0588561,325565492.557582,3,0.013
780,180512003.53599545,325942272.697766,3,0.013
0,167918907.18019456,167918907.18019456,3,0.014
20,169451590.7523108,327014850.7597389,3,0.014
40,166740350.22972095,325981499.96960866,3,0.014
60,164751203.30954438,326471771.9586754,3,0.014
80,167851141.94415763,326282591.57147473,3,0.014
100,171912877.28589487,326219539.20402,3,0.014
120,170655490.42506397,326203163.1080003,3,0.014
140,168373710.0810256,327155290.861899,3,0.014
160,168518674.0106494,326895861.3104763,3,0.014
180,170655384.17663074,326363552.3673794,3,0.014
200,178106159.1817894,326523522.3926014,3,0.014
220,186362489.47951415,326799373.43597615,3,0.014
240,193470057.6760919,326970036.5323398,3,0.014
260,202567162.52629617,327376647.12466484,3,0.014
280,214258803.81693324,327675020.3054794,3,0.014
300,219586185.9462856,326804758.9445318,3,0.014
320,219724318.85478288,327187571.04478306,3,0.014
340,225853867.28476188,327136357.93978566,3,0.014
360,230617279.47720465,325026064.51569337,3,0.014
380,234140348.00579995,325432771.7716193,3,0.014
400,241150857.1425515,326015142.9816544,3,0.014
420,252670350.19418225,326872610.4209573,3,0.014
440,258981820.72500432,327440534.6408515,3,0.014
460,263458185.0144931,327968831.96113396,3,0.014
480,261314425.2100936,327374473.4087985,3,0.014
500,252104830.2067046,327492196.8318548,3,0.014
520,238028855.7578469,327387672.26204073,3,0.014
540,221380313.841577,326857676.22782993,3,0.014
560,208322830.96804383,325647040.32392186,3,0.014
580,199920680.51234645,326136304.5511076,3,0.014
600,191314410.27914727,325970915.626276,3,0.014
620,188472440.4378824,325909352.94808185,3,0.014
640,195704034.5786831,325634743.98387355,3,0.014
660,203058769.83436525,325981603.26791275,3,0.014
680,202765439.27892348,326336659.8323504,3,0.014
700,202605514.4915666,326633775.9656218,3,0.014
720,206728448.52456912,326797515.6429496,3,0.014
740,209521159.59102723,327048984.2627262,3,0.014
760,208326274.10950452,328357759.57285464,3,0.014
780,205465488.79209325,328339444.02752805,3,0.014
0,266281603.95070496,266281603.95070496,3,0.015
20,269342303.2993443,327511849.85144496,3,0.015
40,275636207.0064605,327683370.35542506,3,0.015
60,277534301.2410949,327753796.2127821,3,0.015
80,276403421.70099443,327062495.7430309,3,0.015
100,270664903.0605887,327513793.7001637,3,0.015
120,266535335.07209703,327089130.9355107,3,0.015
140,256877900.8830201,326389915.45830905,3,0.015
160,248596269.56830245,327034658.5660346,3,0.015
180,251536206.0954854,327192479.2453395,3,0.015
200,253976817.98243147,326946584.2436283,3,0.015
220,254917912.81861857,327148011.1577107,3,0.015
240,251117397.2105726,327517650.6187159,3,0.015
260,243901605.543918,327917998.2306771,3,0.015
280,244943944.08907393,326930909.065637,3,0.015
300,245188047.23427773,325946194.67658234,3,0.015
320,249477729.34124905,325565098.91892636,3,0.015
340,254480246.2603736,326072689.4183487,3,0.015
360,248371681.39747545,326531741.71252143,3,0.015
380,245363883.14640948,327554373.8935844,3,0.015
400,239939261.2619685,328258706.9487759,3,0.015
420,240022250.88921693,328357601.17299783,3,0.015
440,252470267.64997488,329809017.84882903,3,0.015
460,261571375.4896457,329695035.1202958,3,0.015
480,261724781.11390433,329019557.2131734,3,0.015
500,255173277.63077012,327985994.5507772,3,0.015
520,250071362.0573513,328581024.31917197,3,0.015
540,243927002.1303277,327927700.5712311,3,0.015
560,231821561.792288,328486061.3627286,3,0.015
580,227161956.4750579,328732856.7951062,3,0.015
600,233216829.31802225,328890824.0037035,3,0.015
620,240155215.78042936,329049050.434812,3,0.015
640,240055234.1738448,329269270.39868015,3,0.015
660,234632199.48325256,327967949.1824597,3,0.015
680,230732610.6517671,329013418.58520997,3,0.015
700,233577691.7790023,328101545.23520625,3,0.015
720,235684921.38418472,327665613.5435933,3,0.015
740,232780085.18613485,327290842.1371207,3,0.015
760,235986620.13826215,327582411.39570534,3,0.015
780,242245267.4456569,327072205.1726783,3,0.015
0,228580366.57071844,228580366.57071844,3,0.016
20,223600214.71186748,329627128.85873675,3,0.016
40,222710220.10666168,329063951.8037316,3,0.016
60,224578302.2798618,329375899.99342436,3,0.016
80,222211737.14496815,329658013.58841234,3,0.016
100,211439115.5541331,328929701.12674785,3,0.016
120,198660110.7279762,328306847.3676375,3,0.016
140,194091037.85381228,328598460.16201234,3,0.016
160,193686504.299838,328921326.6185647,3,0.016
180,197522998.08444455,329174295.8084522,3,0.016
200,197096120.23665875,328933944.5935041,3,0.016
220,187946563.03665215,328895042.112762,3,0.016
240,182164558.9920181,328349722.3790083,3,0.016
260,182304349.8344649,329104033.3833053,3,0.016
280,186223322.91204107,327465180.73980546,3,0.016
300,186162327.94486785,327565216.1936786,3,0.016
320,192572003.25622872,328279293.25555825,3,0.016
340,198671238.53751025,328952840.8617808,3,0.016
360,205715684.18667492,329301027.03243244,3,0.016
380,211371330.7667781,329428950.4338622,3,0.016
400,206561581.88087833,328869100.7650636,3,0.016
420,190707139.03188297,328882360.2083715,3,0.016
440,177683995.73688734,327865327.8351383,3,0.016
460,173835014.01114845,326846256.1664286,3,0.016
480,182449795.80113545,327321684.48261786,3,0.016
500,200144785.32239956,327935422.331378,3,0.016
520,222932657.5910954,329227047.4117596,3,0.016
540,230516285.13813385,328747158.60954154,3,0.016
560,232903218.4620476,328936946.2892117,3,0.016
580,229443978.3198819,328286065.2844113,3,0.016
600,231388159.63964003,328826948.3132278,3,0.016
620,239845907.75514457,329120582.89307165,3,0.016
640,249158874.2173506,328890496.1649053,3,0.016
660,252655918.07257265,328393179.4592298,3,0.016
680,255402065.21585545,327681600.71629953,3,0.016
700,259465876.77666575,327562488.7089078,3,0.016
720,263038951.6706537,328880724.0904293,3,0.016
740,266036205.11911145,329189282.6388563,3,0.016
760,265018821.22941417,329306000.2486111,3,0.016
780,265037693.118321,328950961.5554509,3,0.016
0,187490381.68840545,187490381.68840545,3,0.017
20,189844652.6192589,325617446.9105692,3,0.017
40,195094341.09648636,325044007.3814353,3,0.017
60,205867670.0177359,324886210.12808716,3,0.017
80,203429938.75232115,324511762.35282636,3,0.017
100,197441148.88110977,323524012.9727591,3,0.017
120,186010029.9537768,322851082.98285556,3,0.017
140,179041707.78597292,324088194.8420046,3,0.017
160,175951724.32941183,326174131.02644587,3,0.017
180,182569532.76567268,326295018.961027,3,0.017
200,191487525.7212425,325354311.1438209,3,0.017
220,197134880.746598,325079459.6843018,3,0.017
240,197627785.9509936,325125063.7116401,3,0.017
260,197679377.1958464,324567640.6109621,3,0.017
280,190773980.64206687,324245758.60084474,3,0.017
300,184243923.7263063,324426401.56709266,3,0.017
320,190696176.1429631,325082590.6130642,3,0.017
340,196511232.16420597,326366231.0297884,3,0.017
360,208597579.5306278,327262996.32002044,3,0.017
380,218207779.5262203,327120784.5554139,3,0.017
400,229894393.1288032,326337298.54180765,3,0.017
420,239754468.89158964,326180227.9650407,3,0.017
440,238992516.3012956,327012601.51416767,3,0.017
460,229759271.2793243,326990136.74416673,3,0.017
480,226696219.22827697,327394439.2675976,3,0.017
500,224087392.549919,327514834.1243144,3,0.017
520,230448369.210468,327309706.9885114,3,0.017
540,240751112.70075473,327035343.7864865,3,0.017
560,241938950.7924471,326558271.57187027,3,0.017
580,238316852.4794468,326294681.7507736,3,0.017
600,228967709.52350155,326561644.04126126,3,0.017
620,210069066.54133633,328379353.44000345,3,0.017
640,188426839.4011337,329066499.8463751,3,0.017
660,176807009.89355555,328766994.791064,3,0.017
680,181046873.87313312,328343919.05126417,3,0.017
700,199747776.53457272,328432948.5288481,3,0.017
720,215754214.35602552,327925603.3424625,3,0.017
740,228543188.25592455,327137034.52359414,3,0.017
760,228595136.18644145,326113298.73706,3,0.017
780,213637262.57718167,326780882.2219279,3,0.017
0,281583540.2047058,281583540.2047058,3,0.018
20,283504639.3692881,330634812.77102953,3,0.018
40,287175372.2106319,331107319.90949035,3,0.018
60,285088830.5378895,330530712.81413877,3,0.018
80,278834570.3383253,329425296.50166655,3,0.018
100,277085362.5716327,328461190.42125165,3,0.018
120,280191632.1597575,328693767.5494158,3,0.018
140,277174608.9695231,328942620.899675,3,0.018
160,273682500.72143024,328487288.7370923,3,0.018
180,273743972.07240474,328373579.17226726,3,0.018
200,274853999.88286495,327723500.8892964,3,0.018
220,275383651.9168099,327763486.2707457,3,0.018
240,270574036.9446525,327705632.92607725,3,0.018
260,265079965.03788012,327077416.45378995,3,0.018
280,267273364.0632547,328603385.9197984,3,0.018
300,275668677.0609274,329767429.4932264,3,0.018
320,284016682.243775,330393480.39582926,3,0.018
340,284638229.10405034,330141943.1978389,3,0.018
360,275295462.84926546,330688466.4127733,3,0.018
380,264849949.06261003,330183236.165848,3,0.018
400,257239408.2239347,329093495.90949154,3,0.018
420,244541427.2553046,328820123.3758245,3,0.018
440,241492103.5759116,328365578.1332444,3,0.018
460,246301437.1147887,327656577.98359305,3,0.018
480,243645720.65346855,327495644.52944165,3,0.018
500,249186163.19357303,328326682.71464753,3,0.018
520,252277079.61571535,329100726.5610107,3,0.018
540,251302848.8305173,329976853.9307058,3,0.018
560,251389762.02314064,330174032.9300947,3,0.018
580,260160334.1662771,329833430.6781832,3,0.018
600,273875162.9308152,329169004.02448404,3,0.018
620,279082613.0359948,329562989.5106195,3,0.018
640,282164289.6088855,329945096.9583673,3,0.018
660,279664170.754103,330829580.8599915,3,0.018
680,278139436.813169,330362879.29495114,3,0.018
700,276058363.31455034,329426491.10977215,3,0.018
720,273460810.0553322,329482741.1338109,3,0.018
740,271325810.29875237,330265468.3966021,3,0.018
760,273565287.1848898,329988037.6541517,3,0.018
780,270133460.4141315,330095669.55452543,3,0.018
0,293939176.3584878,293939176.3584878,3,0.019
20,289782113.72812593,330866017.2906251,3,0.019
40,277174427.171665,331026521.85535896,3,0.019
60,268510302.57318854,331232981.52757204,3,0.019
80,268443464.5922867,330073505.3490206,3,0.019
100,281666959.4951368,330940289.5559622,3,0.019
120,293886295.00012076,330819461.62929857,3,0.019
140,298537176.4096923,331045610.84264606,3,0.019
160,299596026.79086745,331412586.4200696,3,0.019
180,298782199.10692555,331705625.698146,3,0.019
200,299952536.0936083,331103213.8494228,3,0.019
220,304630850.35889566,331319273.4234773,3,0.019
240,295324034.478957,330369578.70386505,3,0.019
260,288757713.0012792,332133861.5855837,3,0.019
280,275456487.3904964,331427005.8219638,3,0.019
300,268789439.3879625,331328546.72220945,3,0.019
320,277622441.41326785,331251028.15772414,3,0.019
340,286517452.54262626,331308120.0523006,3,0.019
360,287243557.90096873,330988421.5809836,3,0.019
380,283674116.6759669,331014357.78041756,3,0.019
400,276403051.7006092,330279498.2346539,3,0.019
420,262352783.7496588,330031633.2103335,3,0.019
440,254398379.84585607,329574209.69428617,3,0.019
460,259248322.66367817,329965664.6694927,3,0.019
480,266657087.18626735,330653572.55060124,3,0.019
500,281304892.89354694,331190919.74552584,3,0.019
520,284077503.1186589,332014265.6660441,3,0.019
540,282364401.0992535,332366438.7401765,3,0.019
560,284418794.5582091,331479293.59839815,3,0.019
580,278861110.4676311,331051517.2425847,3,0.019
600,272558099.8061249,330039166.3507122,3,0.019
620,259163729.5771883,327810114.49151766,3,0.019
640,252381467.5032665,328325475.1104646,3,0.019
660,254866121.9390697,329128726.0044944,3,0.019
680,259359707.0930043,329533789.0042558,3,0.019
700,269260510.98230684,329410674.80714524,3,0.019
720,274360815.485583,328952420.05375665,3,0.019
740,277771571.1593605,328910015.46282756,3,0.019
760,272922582.99073946,328933814.2314219,3,0.019
780,269289524.0696838,327332821.8401605,3,0.019
0,288020651.05502975,288020651.05502975,3,0.02
20,289027532.9186861,329896873.33005035,3,0.02
40,287121775.3900339,330500937.9706938,3,0.02
60,283871450.9110998,329422556.98196757,3,0.02
80,274195884.8538811,328792172.2619519,3,0.02
100,270435104.26927245,326356742.4139145,3,0.02
120,266654068.55344105,327128067.08782697,3,0.02
140,270006986.2999794,328625639.36943126,3,0.02
160,272662645.9497165,328496327.41934305,3,0.02
180,275273403.6142872,328967476.8184784,3,0.02
200,276948846.35993564,329355994.0142546,3,0.02
220,277644752.05508745,329587598.81206393,3,0.02
240,272517356.1279453,329752721.94543904,3,0.02
260,271361977.1081907,329615841.44819105,3,0.02
280,278151157.900329,330513427.0033332,3,0.02
300,289760204.9357984,331645494.92462444,3,0.02
320,292333610.11363864,331698386.6297755,3,0.02
340,292495736.15016174,332582600.9753876,3,0.02
360,296636522.0861712,331174040.5592867,3,0.02
380,300309411.455975,330949102.46253216,3,0.02
400,298143377.94444525,331354494.76829827,3,0.02
420,292484378.908321,331507770.16695726,3,0.02
440,289538051.2482332,331918499.2616366,3,0.02
460,284771948.8430884,332584011.37041175,3,0.02
480,287644203.76026154,332249874.63850904,3,0.02
500,292241282.6815833,331430576.29230714,3,0.02
520,292055006.6697307,331618166.875497,3,0.02
540,296352068.5053215,331481900.3062247,3,0.02
560,295923727.0081682,331893459.94593656,3,0.02
580,297315922.3942754,332610603.0719353,3,0.02
600,295586174.0675795,332556997.2911246,3,0.02
620,290322776.09082496,332505089.4549775,3,0.02
640,286931533.16000104,331599332.12671083,3,0.02
660,290653339.08433014,330113787.7782334,3,0.02
680,285460353.300705,327743570.1409199,3,0.02
700,278918893.18492895,328162697.37562525,3,0.02
720,291673128.17747325,328274953.5944513,3,0.02
740,297814982.4689661,329232386.09385026,3,0.02
760,301381785.44588363,330652224.5790018,3,0.02
780,305645816.66277766,331245555.353855,3,0.02
0,148406925.5732219,148406925.5732219,3,0.01
20,138254798.96048498,320908107.8148072,3,0.01
40,127185367.32001548,320715808.5980083,3,0.01
60,120080656.06559,320142840.0972701,3,0.01
80,122867341.10420445,319884266.11027306,3,0.01
100,131886540.45251106,320289600.84620076,3,0.01
120,141457548.7997151,319908731.5945813,3,0.01
140,149337297.65259156,321243529.7898912,3,0.01
160,151503513.01037925,320663641.6934181,3,0.01
180,148612248.8479694,319935339.33055675,3,0.01
200,143706757.9071491,320644421.48272336,3,0.01
220,138961599.38804954,321250442.3290218,3,0.01
240,134102869.3064464,320548653.5948721,3,0.01
260,125605397.74627946,321492518.5089502,3,0.01
280,117633113.09594543,319846787.7703587,3,0.01
300,109681059.4365185,319381349.6082922,3,0.01
320,103796308.51611158,320280209.9206648,3,0.01
340,105579319.9754268,319681118.18031263,3,0.01
360,114179606.84568894,318716762.75107133,3,0.01
380,122258626.464312,319343887.1997247,3,0.01
400,132272832.53125247,319183481.30646086,3,0.01
420,137852407.48856795,318623717.132934,3,0.01
440,140674168.6680061,319728392.77746046,3,0.01
460,144643141.656836,320088382.5916219,3,0.01
480,146522646.36367643,321036100.4764539,3,0.01
500,148263099.98830944,321820535.28160983,3,0.01
520,146322439.24064597,321609461.6801229,3,0.01
540,145996500.44191217,321623823.5336155,3,0.01
560,140930081.23338264,319880448.43016595,3,0.01
580,132045848.43735255,319774925.6105652,3,0.01
600,128323026.12674998,319242318.9899459,3,0.01
620,126236879.37954646,319130888.897337,3,0.01
640,121517285.57889491,319618379.016232,3,0.01
660,115351419.73541404,319234994.4771793,3,0.01
680,107986377.12241724,319234721.9882908,3,0.01
700,104299173.2296808,319235876.6267927,3,0.01
720,101574467.39343518,319206897.48467386,3,0.01
740,98184753.9961302,318114083.0355812,3,0.01
760,92879256.34292687,318207908.769553,3,0.01
780,85879686.38645619,319056540.7073109,3,0.01
0,119274731.29603092,119274731.29603092,3,0.011
20,128840144.00286128,322870003.1671147,3,0.011
40,144219056.7446835,321033920.00323844,3,0.011
60,160764811.2632715,320253586.1067926,3,0.011
80,172615089.74735177,320838644.6702937,3,0.011
100,183341890.92086893,321105064.71948075,3,0.011
120,191054323.95125255,321229992.27503306,3,0.011
140,196731569.72543928,322229739.9638846,3,0.011
160,197432657.28564268,322428913.7077282,3,0.011
180,198542472.30891132,322441203.5337597,3,0.011
200,197855130.39658323,321975324.23956347,3,0.011
220,199469319.11066455,321107087.175092,3,0.011
240,200773586.39018285,321227490.4053101,3,0.011
260,202709034.8479723,321226461.949825,3,0.011
280,198023770.4245823,321892658.911781,3,0.011
300,191997208.44099575,320955424.98731273,3,0.011
320,187197597.100996,320634829.509526,3,0.011
340,183805124.35024172,319534859.3953327,3,0.011
360,178207090.21101943,319237520.29140115,3,0.011
380,175834719.0649033,319577425.2231815,3,0.011
400,179014558.61989367,321196983.4286598,3,0.011
420,176370092.46276683,321310669.6978167,3,0.011
440,170354052.9967826,321506612.30530286,3,0.011
460,166321834.6350724,320999863.0473006,3,0.011
480,162571840.20697865,321678628.565028,3,0.011
500,157975911.33582813,321635409.61179435,3,0.011
520,151040805.99835044,321476368.8214094,3,0.011
540,146206439.47847074,322032613.17024344,3,0.011
560,142904089.33757627,322242095.0822572,3,0.011
580,140495300.09931552,321830757.27470607,3,0.011
600,142221436.5338664,321428523.61580145,3,0.011
620,148308170.22377294,321845676.74313986,3,0.011
640,153288479.5945921,320623054.4986021,3,0.011
660,154298568.8371023,321400312.0197032,3,0.011
680,161689147.27144295,320973374.030265,3,0.011
700,173658525.02812964,321662984.5181023,3,0.011
720,183195190.99796107,321759747.18716323,3,0.011
740,191988772.56361747,320713080.7278359,3,0.011
760,199172101.8490807,321814344.1987927,3,0.011
780,203500064.6639653,321978520.2190168,3,0.011
0,128131538.5086938,128131538.5086938,3,0.012
20,131261269.01133214,325184471.5232483,3,0.012
40,140461984.17992407,324673780.1858949,3,0.012
60,152768229.36494136,324247692.4475924,3,0.012
80,160727818.51975802,323697758.72455955,3,0.012
100,167341246.35039577,324233180.5349693,3,0.012
120,170718752.77141142,324030045.3956663,3,0.012
140,168084927.7442441,323662977.038026,3,0.012
160,159907411.46615875,324143287.24974734,3,0.012
180,155372042.8574726,323996836.5181564,3,0.012
200,153928246.80719906,323611580.2250641,3,0.012
220,154486014.43373168,323210030.95871997,3,0.012
240,155162948.4171545,323150997.7645441,3,0.012
260,152974111.34444264,323056811.09690285,3,0.012
280,151363175.59789857,323325487.96730113,3,0.012
300,148967576.97892478,322409095.68611145,3,0.012
320,141523772.58753294,322488871.90972835,3,0.012
340,131583253.85701984,321982565.79486144,3,0.012
360,127790231.84244752,321813282.98876494,3,0.012
380,125092640.70442235,321996901.3424858,3,0.012
400,118491050.43749055,322565114.72480696,3,0.012
420,112614021.70184036,323482565.76729715,3,0.012
440,111215754.99121691,324629244.8918205,3,0.012
460,110359824.08107096,324543007.9954847,3,0.012
480,108069776.131845,325049963.82506603,3,0.012
500,113443014.40477516,325505044.97536707,3,0.012
520,121387239.81810088,324963215.93543994,3,0.012
540,126991195.72094038,325259574.1986637,3,0.012
560,131433008.11370318,325181161.23664933,3,0.012
580,136396509.10116756,324936833.54388213,3,0.012
600,141718121.4511633,324563397.4988663,3,0.012
620,145355267.70303422,324448263.9909333,3,0.012
640,148977657.40541798,324289229.26564634,3,0.012
660,151773849.51641554,324556588.1260655,3,0.012
680,157874017.3905604,324677389.88318175,3,0.012
700,166501029.8749954,324023625.6129277,3,0.012
720,173806926.3668306,323852991.530372,3,0.012
740,180475088.72817123,324304746.12590694,3,0.012
760,189323778.18084455,323927623.6457096,3,0.012
780,201386441.53627425,324763220.04245293,3,0.012
0,206103323.97307307,206103323.97307307,3,0.013
20,203770016.190416,323467836.92780447,3,0.013
40,203802184.06863937,323449178.43900645,3,0.013
60,202865659.7468508,324435863.41201043,3,0.013
80,205663782.55778632,324903337.05420464,3,0.013
100,209097458.44067937,325476154.1990881,3,0.013
120,216148199.83597887,325373134.37164795,3,0.013
140,216156978.4017477,325645648.40268755,3,0.013
160,207657280.08847728,326271334.61995274,3,0.013
180,194377314.24161333,326257314.5941762,3,0.013
200,184992002.5836663,324000015.88096046,3,0.013
220,182617636.8107929,323096606.8550211,3,0.013
240,184377290.67786616,322436375.0126374,3,0.013
260,184700992.6273831,322806571.50327784,3,0.013
280,190443500.51770037,324486576.51946914,3,0.013
300,195982744.9592555,325605260.9584564,3,0.013
320,202960721.7212752,325262279.34714913,3,0.013
340,203500674.8291456,323589895.4592099,3,0.013
360,200845204.88524657,323265091.4018047,3,0.013
380,202087142.97310504,322922292.4907283,3,0.013
400,203205220.37782687,324064802.8091499,3,0.013
420,207324848.7595837,324099848.7347173,3,0.013
440,210175921.4096604,324328651.5715172,3,0.013
460,210089221.97678933,324981745.97469926,3,0.013
480,206762423.69449496,324802795.5296748,3,0.013
500,202812654.39160693,325312792.37703204,3,0.013
520,199928194.48503745,324923493.0581572,3,0.013
540,193211132.83089897,325273242.5683899,3,0.013
560,184243926.14103043,325108268.5758428,3,0.013
580,176305224.38903213,324906243.73696524,3,0.013
600,173886479.9311452,324893654.3864007,3,0.013
620,175913704.16361102,324209970.703807,3,0.013
640,176200823.48233998,323670466.7868856,3,0.013
660,173446996.14211565,323338271.29469377,3,0.013
680,169125590.76688796,323060229.5221555,3,0.013
700,165524511.78732407,322674093.4139072,3,0.013
720,159913255.47056174,322307299.11614263,3,0.013
740,163897459.28678077,321512302.50973314,3,0.013
760,175116443.75236925,321360849.2895718,3,0.013
780,187313567.4398935,321693092.4429384,3,0.013
0,239244419.48003343,239244419.48003343,3,0.014
20,236076684.22696865,325204787.4070766,3,0.014
40,238010180.39998397,324404385.31676924,3,0.014
60,236165074.89499497,324550662.5769718,3,0.014
80,228726280.82678977,324178348.3412288,3,0.014
100,227850484.44490865,324699615.66668046,3,0.014
120,221712294.95956004,325580960.09872746,3,0.014
140,214218909.6670716,326915218.0587735,3,0.014
160,202268238.3276148,325119795.9005817,3,0.014
180,185538216.09327957,325638361.21745265,3,0.014
200,168661177.0479512,324711080.57064545,3,0.014
220,158669562.81661764,324590299.66323626,3,0.014
240,149883735.07564142,325250126.4499311,3,0.014
260,137282994.06661105,324366967.6740475,3,0.014
280,129484297.441866,325449682.755936,3,0.014
300,112284210.18527275,324729728.05953586,3,0.014
320,90978661.1159387,324857270.8439153,3,0.014
340,65211667.91881485,325294139.00042546,3,0.014
360,51804139.513053544,325696132.7632688,3,0.014
380,55336003.72204262,324366561.9159378,3,0.014
400,62065826.95818307,324536838.56342685,3,0.014
420,70578372.7597644,325797348.6331792,3,0.014
440,78936474.23225594,327387897.0634415,3,0.014
460,88334699.23369262,327923158.25769496,3,0.014
480,108059002.80364428,327541777.7182673,3,0.014
500,130871073.550485,327974453.22027194,3,0.014
520,134156402.20167336,326681997.52136004,3,0.014
540,138426107.71556446,325337343.5558456,3,0.014
560,144757648.52843523,324416101.5481384,3,0.014
580,153968781.19579542,323717115.345421,3,0.014
600,166586637.00175548,324498933.9507146,3,0.014
620,180970342.17455548,325770524.38854265,3,0.014
640,198487889.9826708,325592828.8546745,3,0.014
660,209056020.8920531,326191483.6041273,3,0.014
680,209127543.29293764,327055430.6600512,3,0.014
700,207397143.72850233,326883219.81968546,3,0.014
720,203021260.76921937,328108159.9981293,3,0.014
740,199360924.54692483,328123779.86463886,3,0.014
760,191461552.9927026,327556975.8452103,3,0.014
780,187386456.63373625,326746105.47456414,3,0.014
0,249787188.05584297,249787188.05584297,3,0.015
20,248658795.06348717,328056749.2232034,3,0.015
40,245988497.1845925,327712561.8632072,3,0.015
60,243622584.5962432,327586343.0583017,3,0.015
80,245723147.46819255,327555566.7903316,3,0.015
100,252179774.6618364,327981550.51710236,3,0.015
120,264205657.97338337,327868978.3130977,3,0.015
140,270887160.8684964,327567478.70297337,3,0.015
160,265543937.15788043,327509812.09277344,3,0.015
180,264874930.5605004,328170822.12560743,3,0.015
200,268587120.7513506,327859887.9510031,3,0.015
220,271868598.9613639,326981047.2378645,3,0.015
240,274795429.6353552,326261622.53008413,3,0.015
260,273981274.8678372,325134082.58586437,3,0.015
280,273154285.2071563,325269167.70059025,3,0.015
300,271042429.49153495,324777918.703012,3,0.015
320,271442130.4017924,326325944.80909884,3,0.015
340,270757436.79969513,325661258.17713153,3,0.015
360,267712472.3266761,326171114.41290545,3,0.015
380,264675718.0663516,326558115.19265974,3,0.015
400,261213272.5113589,326633041.87913543,3,0.015
420,256077997.87237197,326616167.2894399,3,0.015
440,256130751.2288491,327857952.1178813,3,0.015
460,258927629.70966175,327560333.3954131,3,0.015
480,256416893.38975623,327244520.11280704,3,0.015
500,261368376.05682755,327438332.6323241,3,0.015
520,264446712.6833512,327518981.72857916,3,0.015
540,262248758.76697063,325502878.6912599,3,0.015
560,263249176.91766733,324791452.6983228,3,0.015
580,260326205.47128928,326087876.16131294,3,0.015
600,254621428.6863451,326704987.153223,3,0.015
620,252968679.01768467,327445321.3693565,3,0.015
640,252429847.40082228,327986067.97792166,3,0.015
660,251131487.26649845,327751933.77787733,3,0.015
680,248109569.43633947,327772809.50532794,3,0.015
700,255697126.2299485,326819694.6569605,3,0.015
720,265271193.08115003,327079375.430618,3,0.015
740,262556090.12802145,326966731.0620636,3,0.015
760,260635520.93407893,326961759.43794143,3,0.015
780,254633946.60707432,327170775.85857487,3,0.015
0,216012123.9854021,216012123.9854021,3,0.016
20,214540987.19355845,329091272.19714165,3,0.016
40,208095516.09480035,328258680.69500005,3,0.016
60,200336326.45948157,327457149.5410534,3,0.016
80,195001723.299284,328611188.9504235,3,0.016
100,190205551.6493969,327785833.1387831,3,0.016
120,178240409.9924177,327457605.86105406,3,0.016
140,169846428.58523405,327536299.8354932,3,0.016
160,175340505.41608003,328191450.4435866,3,0.016
180,192818663.1378107,328046899.221187,3,0.016
200,209369713.15636724,328680498.91790295,3,0.016
220,220201725.05727327,328646536.17260504,3,0.016
240,222890481.544321,326518584.61742485,3,0.016
260,227897021.93950495,324932732.23836666,3,0.016
280,231504054.19083816,324668062.96394736,3,0.016
300,221957288.42053255,325953334.55744576,3,0.016
320,207840432.87447447,325609227.1266595,3,0.016
340,200587802.34583235,327625899.0417484,3,0.016
360,195425161.17468184,327704441.6937905,3,0.016
380,188539434.00611883,326432979.1032933,3,0.016
400,193529333.7401886,324170408.560015,3,0.016
420,215325948.3024065,323482959.11371017,3,0.016
440,232597572.2890496,323242189.81206316,3,0.016
460,242508661.6897371,323929448.43437934,3,0.016
480,249761871.7009624,324762032.8489563,3,0.016
500,248765180.96227217,324788560.50840724,3,0.016
520,237829403.05842176,326258329.3024639,3,0.016
540,229049805.5144475,327130170.34341824,3,0.016
560,232119517.58475897,326481681.39279664,3,0.016
580,246209586.7727439,326167393.1111822,3,0.016
600,258368851.7518757,326970232.9835645,3,0.016
620,268828275.1863973,326798937.3134066,3,0.016
640,272409023.1473788,327564413.2719239,3,0.016
660,263301706.07154483,328662225.3092042,3,0.016
680,261327199.67973655,328327477.3379234,3,0.016
700,266311509.8501324,327754371.66492397,3,0.016
720,268020921.0967602,327351035.2626675,3,0.016
740,269569982.6218193,329593729.3230258,3,0.016
760,271962768.7448736,329259530.09828174,3,0.016
780,270673680.1161318,329278537.67556494,3,0.016
0,259920067.2936549,259920067.2936549,3,0.017
20,256717529.8468792,328820075.48261774,3,0.017
40,251652249.1314385,328738841.4963075,3,0.017
60,250781067.1809914,327274272.91037226,3,0.017
80,248731392.70705792,325172318.84016305,3,0.017
100,255285509.31622636,325895588.6109527,3,0.017
120,265540586.14089817,327232022.70094705,3,0.017
140,268622348.72789276,326863957.1574185,3,0.017
160,257786046.01697764,327092148.84461486,3,0.017
180,238482482.38491175,328309888.44831735,3,0.017
200,209877218.1849132,329693934.4780388,3,0.017
220,179348403.8532043,329090482.6330962,3,0.017
240,158148654.33027297,325929481.8733013,3,0.017
260,146433082.71542802,324258904.82006824,3,0.017
280,152782646.93326223,323666722.9394898,3,0.017
300,164239631.8036227,324207539.98363024,3,0.017
320,165027424.27990666,325483056.6231103,3,0.017
340,169751993.55390105,326687195.2960943,3,0.017
360,163628420.15505233,327486159.5533676,3,0.017
380,151115984.57946876,327556988.8776711,3,0.017
400,145694393.6714149,326183106.17525226,3,0.017
420,139685248.82512492,325527817.1646887,3,0.017
440,136532631.50004637,325827859.995978,3,0.017
460,133030256.95173252,325915789.9236456,3,0.017
480,124897554.12879376,326881593.13016003,3,0.017
500,117850573.56652026,328068014.12549466,3,0.017
520,120442570.4949172,328498424.30742043,3,0.017
540,117701201.81159876,328011562.0257251,3,0.017
560,102288910.74095286,328525042.7189964,3,0.017
580,93011916.69442344,328058919.24643826,3,0.017
600,88770100.71797404,328460360.722378,3,0.017
620,83653660.38282016,329659728.5368291,3,0.017
640,79516516.91217738,329733472.6679375,3,0.017
660,79521567.77363259,329989544.40947926,3,0.017
680,79311180.8406192,330267621.6377136,3,0.017
700,78226240.8419757,329997778.43577015,3,0.017
720,68986880.50589915,329424429.30891854,3,0.017
740,58000334.64173521,329655332.3594725,3,0.017
760,52910204.81819984,330382939.64343655,3,0.017
780,48724743.38441967,331105089.81529206,3,0.017
0,278115645.11947143,278115645.11947143,3,0.018
20,278752769.88557726,326866956.0776832,3,0.018
40,282071083.53668606,326400169.51707685,3,0.018
60,284509487.27938426,328014426.823863,3,0.018
80,280413266.8921518,328673444.6435658,3,0.018
100,278997015.4567266,329838999.97531587,3,0.018
120,282588189.59659946,329987476.18208015,3,0.018
140,282968881.42129743,330661755.9806516,3,0.018
160,284302628.9312247,330906072.63047445,3,0.018
180,280233653.5896974,330425551.0738869,3,0.018
200,277755755.3206565,330132324.9041386,3,0.018
220,282423185.1870842,331191218.1110984,3,0.018
240,289221877.5502179,331018699.8451393,3,0.018
260,285201717.5379099,331564911.33708066,3,0.018
280,286951578.1684982,332517502.07349813,3,0.018
300,285390905.33431655,332665335.1092359,3,0.018
320,281234879.00594443,332238556.93597734,3,0.018
340,275497787.4025842,332169039.4038501,3,0.018
360,264329388.24032375,332255780.212848,3,0.018
380,243855629.44001737,331062228.3796964,3,0.018
400,229537444.93732443,330960253.80779886,3,0.018
420,223809725.6206953,330805356.287087,3,0.018
440,223280014.06999588,331253715.32485276,3,0.018
460,230885087.0178858,331709185.0927709,3,0.018
480,233381512.98337084,332735352.6262486,3,0.018
500,236187689.73751476,332768001.0259628,3,0.018
520,238765101.40602747,332003477.4282255,3,0.018
540,235071061.19522104,332526300.4531819,3,0.018
560,230124102.0498863,330637195.95136726,3,0.018
580,226560854.30799904,328407026.5960605,3,0.018
600,222739914.1079322,327794929.36136425,3,0.018
620,227698367.7983896,329890821.8101921,3,0.018
640,235848111.8588265,329910112.55054235,3,0.018
660,239521202.4368127,330127756.76554096,3,0.018
680,245984963.36064404,330994035.3040491,3,0.018
700,252846587.9223393,331600281.5276095,3,0.018
720,254548242.91599625,330233200.17319715,3,0.018
740,252365920.4133694,330240434.0558183,3,0.018
760,252450105.38798347,328838633.32312715,3,0.018
780,254618438.40717795,327711801.3724881,3,0.018
0,289837928.1583797,289837928.1583797,3,0.019
20,286798203.6426381,330928787.21719384,3,0.019
40,282259392.67177296,330632535.61546385,3,0.019
60,279020209.71466815,330008648.21628153,3,0.019
80,282493071.88754046,330584097.4460398,3,0.019
100,291324304.487378,330578498.0289771,3,0.019
120,292802097.2607132,331061474.767632,3,0.019
140,293091727.8062704,330879578.11892074,3,0.019
160,293016706.06630623,331795846.7033442,3,0.019
180,288396114.4374252,331523656.77180946,3,0.019
200,280221996.5659839,330709756.957525,3,0.019
220,276794025.20743454,329930490.4679284,3,0.019
240,267232027.08942717,328553135.67051,3,0.019
260,261929120.61384,329030855.6258286,3,0.019
280,263543215.41537625,328833981.00407344,3,0.019
300,267718522.7925528,329070992.20835876,3,0.019
320,262921532.0705377,329447299.49256426,3,0.019
340,259044644.10627535,328824792.4422854,3,0.019
360,255450055.33389252,329371459.66615105,3,0.019
380,248387467.80039805,329181680.2765777,3,0.019
400,248425901.4094143,327642211.28075993,3,0.019
420,267299239.1049873,328383908.85602224,3,0.019
440,289713510.59209985,329526340.42713845,3,0.019
460,299727480.57933784,329982179.51164055,3,0.019
480,297859322.4245553,329292079.9670671,3,0.019
500,291758713.3962852,329289243.5985892,3,0.019
520,294135109.60048544,330608015.4247963,3,0.019
540,294659141.7910879,331115152.9054238,3,0.019
560,291860721.1736907,331067815.80304253,3,0.019
580,287914099.68690753,331088455.594102,3,0.019
600,288066685.7845504,330894350.0905131,3,0.019
620,283260003.6139297,331105260.84418535,3,0.019
640,288958535.22014165,331173654.7638081,3,0.019
660,284542562.47667074,331533284.06724143,3,0.019
680,283935409.5174972,331436033.2870122,3,0.019
700,287286429.6732527,330227150.63161314,3,0.019
720,276879500.5616666,330729311.0315613,3,0.019
740,270344059.0349182,330487525.77500045,3,0.019
760,275735784.15966284,329781507.690951,3,0.019
780,269444003.0172296,330388126.42047304,3,0.019
0,280587462.6190244,280587462.6190244,3,0.02
20,268878639.3868413,330327073.9814663,3,0.02
40,265497242.24392444,331049464.90522873,3,0.02
60,263803586.66954148,330889328.42257524,3,0.02
80,260370640.8978318,331388447.1495395,3,0.02
100,260945273.09584337,331684001.16164875,3,0.02
120,256662479.4795847,331960448.7370431,3,0.02
140,258172614.59406167,332649345.1027507,3,0.02
160,257966374.7920109,331693696.7562973,3,0.02
180,255467097.02039775,330798423.0797925,3,0.02
200,242749853.88507628,330887964.3601726,3,0.02
220,243522505.869614,330373018.8214837,3,0.02
240,252432428.53688055,330098161.0692446,3,0.02
260,255715751.9191956,330161522.7205907,3,0.02
280,243781790.12173453,330117192.2084326,3,0.02
300,228969856.3324284,330603336.3714858,3,0.02
320,231727855.7676996,329830245.7048307,3,0.02
340,265266722.5440063,328785521.82791555,3,0.02
360,283966907.4452766,328517257.9742151,3,0.02
380,281833184.4119656,329801591.56796914,3,0.02
400,271108190.2345567,329452449.22468066,3,0.02
420,255388192.60715172,329833123.09485346,3,0.02
440,254093304.40335143,330893059.6950674,3,0.02
460,259608269.34680396,330225009.5822518,3,0.02
480,270762848.3569209,330310259.6699793,3,0.02
500,276176741.8590578,329567571.3614683,3,0.02
520,265508023.7943069,329777481.90443605,3,0.02
540,244164289.1131167,330248377.51657367,3,0.02
560,239820399.69936335,330701333.866802,3,0.02
580,251728392.01400548,331627652.93569887,3,0.02
600,270625169.0636914,331560502.61629105,3,0.02
620,280288053.4960881,330626798.2247565,3,0.02
640,276177424.8672496,331621747.8792543,3,0.02
660,269896182.67871344,331319069.8945133,3,0.02
680,254844219.5485874,330768322.72722244,3,0.02
700,239032454.32654467,330838861.8591405,3,0.02
720,218272987.01947716,330320198.0637819,3,0.02
740,202356419.5664861,330922811.39176023,3,0.02
760,203046974.92926168,330351214.2618432,3,0.02
780,217496247.72450116,330956056.2882533,3,0.02
0,179260014.28707042,179260014.28707042,3,0.01
20,172716072.533433,319178929.69977355,3,0.01
40,166856570.85064942,317418584.9027966,3,0.01
60,162321584.03779888,317499507.54670584,3,0.01
80,160298992.12472746,317826563.4531191,3,0.01
100,157313978.56646988,316828189.80386746,3,0.01
120,154063039.2331288,317824673.8132149,3,0.01
140,153789221.96071467,318442845.1065588,3,0.01
160,161762523.61816597,318910358.87552214,3,0.01
180,172196607.13817048,319650312.92092997,3,0.01
200,180525073.34372452,319901272.5234548,3,0.01
220,188255334.17108676,319945148.06467557,3,0.01
240,190377456.87270492,319594145.79323816,3,0.01
260,189488590.71470264,318536188.33251274,3,0.01
280,190851119.24623424,318676539.6621643,3,0.01
300,191571554.00628263,318611333.8872167,3,0.01
320,189761524.31309897,318681391.78179264,3,0.01
340,185497314.59897083,319360523.18810976,3,0.01
360,178727747.81660554,319355568.4107057,3,0.01
380,176796293.35543734,319737568.7394613,3,0.01
400,177535553.90765956,318915394.10357976,3,0.01
420,177974081.0297914,317905568.1067505,3,0.01
440,176301146.13749444,319128046.8177253,3,0.01
460,173884194.4300188,319500645.5436334,3,0.01
480,170818996.97547525,320006859.9318981,3,0.01
500,170052967.09327155,319240394.7171922,3,0.01
520,169976173.57344353,319957890.78347266,3,0.01
540,170131000.01038435,318981912.29969525,3,0.01
560,175048261.37855798,319095413.3757707,3,0.01
580,180578423.78952295,319361613.7657409,3,0.01
600,182795439.01400095,318336692.1776413,3,0.01
620,181404227.00305247,319973356.63961667,3,0.01
640,178165150.0975726,319590706.81182325,3,0.01
660,172108745.220111,319479480.43801874,3,0.01
680,167817486.37984416,320870610.8256171,3,0.01
700,161807646.91554165,320122621.29220176,3,0.01
720,155376087.95493782,319692285.167925,3,0.01
740,152623890.76725727,320338731.3304041,3,0.01
760,146090933.53131974,320078649.36285484,3,0.01
780,136210588.15435648,320759307.7200286,3,0.01
0,164935956.14886603,164935956.14886603,3,0.011
20,152678212.72858614,324327268.4392246,3,0.011
40,138270417.5879321,322201714.6167654,3,0.011
60,124840846.73916866,320821451.87220323,3,0.011
80,113438014.84401734,320067766.6137796,3,0.011
100,100159414.99581964,318903707.70104694,3,0.011
120,87997180.5074455,318888168.43254185,3,0.011
140,78757455.89698789,319491488.24423593,3,0.011
160,73506828.90231858,319793160.00706375,3,0.011
180,77428306.58812626,320233222.4204362,3,0.011
200,90295310.18784432,321143365.80323833,3,0.011
220,104111193.91313118,321776981.32254964,3,0.011
240,112417201.84761658,322316210.6924741,3,0.011
260,117726215.32626867,323149351.4292545,3,0.011
280,117451353.94360691,323410917.51918286,3,0.011
300,114503077.46454856,323107503.7449741,3,0.011
320,114676630.40083164,321906683.6767975,3,0.011
340,114122536.90862183,320930872.4298407,3,0.011
360,110989033.77084117,320321664.75120056,3,0.011
380,114958448.1111965,319719271.0654035,3,0.011
400,123536081.32822214,320940070.6422461,3,0.011
420,133166290.62436216,321791108.8416616,3,0.011
440,144125364.23068804,322556002.0030202,3,0.011
460,153080367.15886208,323892788.3638723,3,0.011
480,159812716.9174022,323583799.7923171,3,0.011
500,161941708.05331323,323890950.1494536,3,0.011
520,162444037.03895882,323808303.58822405,3,0.011
540,165054847.5307765,323418509.2931528,3,0.011
560,169409443.44676593,322082734.7858991,3,0.011
580,173706262.57507882,320945083.25121653,3,0.011
600,178474661.94886106,320869183.39611244,3,0.011
620,181483505.75931412,320914859.89192677,3,0.011
640,185476755.73976463,321352327.2699456,3,0.011
660,191642740.60766432,322007827.0185627,3,0.011
680,201831597.09120083,323285298.6756617,3,0.011
700,210989891.1106365,323184393.376349,3,0.011
720,221909588.3122773,324348566.2069622,3,0.011
740,230743659.1048197,324110815.98992187,3,0.011
760,232846764.8068282,323292370.1434649,3,0.011
780,230210518.983433,322646809.0446846,3,0.011
0,187556091.55940387,187556091.55940387,3,0.012
20,186849135.5479122,323533274.328948,3,0.012
40,185665320.22124255,323170240.506392,3,0.012
60,186746645.216953,322717399.4045173,3,0.012
80,191738223.82941929,322894217.7292241,3,0.012
100,198827972.28313708,322465131.7180132,3,0.012
120,204352003.0633374,322425918.6729666,3,0.012
140,206719240.80196863,322520405.29937017,3,0.012
160,201366361.07121775,322781213.76630586,3,0.012
180,193187656.2288702,322572578.2794546,3,0.012
200,183308547.77326128,322811788.1353128,3,0.012
220,180104326.26264536,322395732.3211088,3,0.012
240,178303517.32380983,322822735.60573316,3,0.012
260,167957129.9582706,323285762.9743679,3,0.012
280,154773147.1994896,322905207.6530086,3,0.012
300,152360859.21734297,322710310.4138746,3,0.012
320,164029073.952888,321694532.561859,3,0.012
340,175341155.25560117,321543920.62240815,3,0.012
360,184735421.99780264,321701358.52369756,3,0.012
380,195143508.1771368,322404537.6472431,3,0.012
400,200994251.24646565,322129008.619225,3,0.012
420,204058024.11078617,323089803.0666412,3,0.012
440,208780213.8095295,323257478.90029716,3,0.012
460,209865494.83878,322596970.51760954,3,0.012
480,200639639.56318843,321997689.6474091,3,0.012
500,192188276.50395313,322985227.62748873,3,0.012
520,189847009.01387575,322332501.6387085,3,0.012
540,191133555.0762843,321639592.22313076,3,0.012
560,196495977.61313692,321570839.5323342,3,0.012
580,203408671.30070075,322477219.01364005,3,0.012
600,210126650.89486185,322771003.92944753,3,0.012
620,211528309.1060697,322914943.29999506,3,0.012
640,208734463.72356385,322839335.9058913,3,0.012
660,200169631.29512408,322554781.9116581,3,0.012
680,186624290.30437133,322566768.08626664,3,0.012
700,176359050.42090848,322681130.50321233,3,0.012
720,170919404.95106795,322974308.9750513,3,0.012
740,173174555.54975423,323306447.4945931,3,0.012
760,172079138.9431249,322634908.4072664,3,0.012
780,159091115.2410392,321931436.3612633,3,0.012
0,218931629.0985964,218931629.0985964,3,0.013
20,212665529.44220197,324746923.38874316,3,0.013
40,208843940.2630051,324295693.13285047,3,0.013
60,200948610.24126643,324608882.6853879,3,0.013
80,187667824.42723185,324476740.1257945,3,0.013
100,179994329.7269649,324673138.2072079,3,0.013
120,173899269.32533002,325413576.3036696,3,0.013
140,173172917.03090507,323906315.9917748,3,0.013
160,175048166.21016592,323479293.93560106,3,0.013
180,177879372.1731049,323791239.2475448,3,0.013
200,185911882.21672168,324314803.652208,3,0.013
220,191674723.14445192,324612528.24887663,3,0.013
240,195667836.60462227,324340345.4311642,3,0.013
260,199466963.14494765,324736503.9691439,3,0.013
280,201855167.5311489,325039430.66717803,3,0.013
300,199211921.2252298,324386914.51097757,3,0.013
320,197430127.31668055,324084771.974947,3,0.013
340,206276606.998558,324525444.3894582,3,0.013
360,216535836.9666561,323975543.7891872,3,0.013
380,222240141.75877655,324818702.8473538,3,0.013
400,227710380.0243592,325354503.19184554,3,0.013
420,230949036.2299707,324423024.3319433,3,0.013
440,233247685.5348083,324429761.207728,3,0.013
460,231587236.85143408,322873373.0804266,3,0.013
480,225583198.8146828,322785117.69125223,3,0.013
500,219285294.85376385,322026634.8300772,3,0.013
520,210837696.57981095,323682385.67878085,3,0.013
540,207176986.48782724,323988030.2171337,3,0.013
560,201980317.8549675,324302407.16546375,3,0.013
580,202311629.48831308,323183944.9816526,3,0.013
600,204443497.8907784,322622050.913544,3,0.013
620,202043525.55928528,322824224.03474164,3,0.013
640,199905035.55647895,322999519.9328723,3,0.013
660,204818801.7521052,323178318.4337908,3,0.013
680,208503219.8365154,323674419.293159,3,0.013
700,211146105.78345823,323877369.23652726,3,0.013
720,214869091.8157749,323963911.37191904,3,0.013
740,218274053.9458013,323820395.46729964,3,0.013
760,220490927.67699367,323942102.71675086,3,0.013
780,226304344.1660416,324092322.05987084,3,0.013
0,244777185.1181976,244777185.1181976,3,0.014
20,251879328.36936304,327173704.11503816,3,0.014
40,252814526.4784357,325596487.6667098,3,0.014
60,247912218.1435691,325863751.32967633,3,0.014
80,243563535.76825064,325176163.24950755,3,0.014
100,235160946.59757555,324919214.4071392,3,0.014
120,225161211.44124416,324791589.3861413,3,0.014
140,221073319.9595631,324263512.8110521,3,0.014
160,221415464.75288165,324377123.05994207,3,0.014
180,215643376.1046567,325011045.144014,3,0.014
200,215965152.6986243,325348552.4425977,3,0.014
220,225320433.3441993,326298818.4325727,3,0.014
240,235164677.89838168,326072356.5298596,3,0.014
260,246631540.67563215,325574479.9256499,3,0.014
280,248671574.82892895,325505113.9455499,3,0.014
300,248206101.33060676,325975017.7777806,3,0.014
320,249185654.48118812,326195452.61450267,3,0.014
340,246982723.0877364,326487747.721754,3,0.014
360,249788192.09131488,327463917.7551595,3,0.014
380,245429948.5711158,328146070.67285174,3,0.014
400,239015805.38711727,326873821.84190774,3,0.014
420,234791539.97412705,327731992.1534028,3,0.014
440,235075459.18165463,327486772.37799,3,0.014
460,242895433.97228712,327262910.24718344,3,0.014
480,253856459.1980689,326760692.95220447,3,0.014
500,256471949.06916308,327702458.0987426,3,0.014
520,252492961.8186918,328111056.570995,3,0.014
540,244889725.0990455,327374389.4358499,3,0.014
560,237174778.69384703,327518066.56505376,3,0.014
580,235115171.5996883,327414061.9155452,3,0.014
600,232568015.4794714,327121939.3450792,3,0.014
620,233519238.0440138,326315521.5594375,3,0.014
640,242484846.72669056,325180387.93098575,3,0.014
660,249373536.96729264,325121370.9196926,3,0.014
680,254792250.78103805,326503225.5559217,3,0.014
700,255451413.25517723,326900354.9497833,3,0.014
720,252126469.55383173,328179440.463162,3,0.014
740,242913254.76903015,328356929.09593046,3,0.014
760,230795579.74560487,328179644.5108707,3,0.014
780,222313573.56607437,328175998.2271152,3,0.014
0,207951887.7788355,207951887.7788355,3,0.015
20,226271372.7826248,329632831.2300806,3,0.015
40,234263753.65163508,328092717.9485602,3,0.015
60,229297512.33900344,327637512.9111208,3,0.015
80,223590570.2206244,327916251.3845413,3,0.015
100,224584083.3928775,327603919.173108,3,0.015
120,225992477.0933029,327236208.4910795,3,0.015
140,223516447.56385043,327434157.93280005,3,0.015
160,221414755.3703204,327630919.87526536,3,0.015
180,211502218.14805904,326682212.96057236,3,0.015
200,192979831.18882844,327124055.72935927,3,0.015
220,175480351.34255484,326707190.7809248,3,0.015
240,163852450.5148026,325815208.2149494,3,0.015
260,160679027.46053135,325541081.0497186,3,0.015
280,166116359.61231342,325729401.0365987,3,0.015
300,172130587.93770593,324588563.89141667,3,0.015
320,175178030.42538953,325269637.08740133,3,0.015
340,176123089.07143044,325321859.7748636,3,0.015
360,165145717.62371963,327265927.6993977,3,0.015
380,152598019.9447301,327824803.3801669,3,0.015
400,143438946.31698835,325734929.4491857,3,0.015
420,157471847.6645271,325712462.9947584,3,0.015
440,179695764.03566405,324226204.5564871,3,0.015
460,195759567.71799836,325139113.3618299,3,0.015
480,207912570.36131853,326373871.0642834,3,0.015
500,211762033.13208407,327292769.57469016,3,0.015
520,204950580.89888257,326417686.11301017,3,0.015
540,202484842.6207179,325795142.36940366,3,0.015
560,198245953.6682441,326066722.46240425,3,0.015
580,199757001.38533992,326536146.325057,3,0.015
600,205075950.2556081,326780804.1162185,3,0.015
620,220380207.6989463,327239800.14638895,3,0.015
640,235512549.76287788,327727691.3726077,3,0.015
660,243912581.66623947,327475201.5816369,3,0.015
680,247030710.10472104,327169848.1019319,3,0.015
700,241927794.66034335,326075715.7541549,3,0.015
720,231437446.8723696,325266771.4495615,3,0.015
740,223502347.21314675,324104211.5643679,3,0.015
760,210807953.91976568,323606342.8994504,3,0.015
780,200347272.4276141,325120353.43573403,3,0.015
0,268457244.6273707,268457244.6273707,3,0.016
20,258928080.74063495,328718071.2303514,3,0.016
40,255620352.2505646,328841760.1263774,3,0.016
60,253955601.58038267,329314171.9472464,3,0.016
80,254040383.78491604,328390001.3304473,3,0.016
100,253299531.0366869,326393282.41505015,3,0.016
120,254672010.3070964,325644868.3476078,3,0.016
140,255760843.885342,325106941.675945,3,0.016
160,247799678.4242352,326227172.5224631,3,0.016
180,234826240.455348,326390013.85797864,3,0.016
200,226943726.66231808,326488318.2483196,3,0.016
220,214280256.31106737,325859152.77313733,3,0.016
240,200493953.7430746,325249716.78233844,3,0.016
260,197015274.15386793,325140499.57724077,3,0.016
280,199030614.62664104,324883983.521554,3,0.016
300,202646609.23174,325171608.3149369,3,0.016
320,209312118.88639617,325529303.31444466,3,0.016
340,218697062.73693615,325773494.32195437,3,0.016
360,219626043.4144312,326460231.0327729,3,0.016
380,226649538.62086108,326155215.6058714,3,0.016
400,240349785.36873785,326679761.8396766,3,0.016
420,249217254.7582193,326740355.3569162,3,0.016
440,259091418.53189713,326442972.89710236,3,0.016
460,263460932.7050975,327417029.4461662,3,0.016
480,266520190.78375024,327235276.125438,3,0.016
500,263221585.5204869,327007584.0595617,3,0.016
520,258534130.0005749,327062155.6969744,3,0.016
540,257618895.5829603,327093014.7183399,3,0.016
560,258823377.79945025,326503253.3363272,3,0.016
580,264716382.67972136,326137678.78039956,3,0.016
600,266635052.81322193,326560307.3970194,3,0.016
620,269494469.86762106,326608292.60746586,3,0.016
640,272755033.1175302,326622511.5865154,3,0.016
660,270814148.37991846,327100957.24464715,3,0.016
680,267722185.5430872,326244692.8952721,3,0.016
700,258778912.54513896,326310931.4511486,3,0.016
720,250182612.50561365,326402344.0834907,3,0.016
740,247991688.59061503,324778586.55253494,3,0.016
760,251804796.03524944,324378082.5981965,3,0.016
780,255243152.2894508,325333671.2794189,3,0.016
0,231990648.7898221,231990648.7898221,3,0.017
20,240402516.49566197,326884076.97740364,3,0.017
40,256001282.72943905,327837929.7146101,3,0.017
60,265324517.6108461,327517568.82300293,3,0.017
80,268978091.0935593,327888468.0329142,3,0.017
100,271012211.1061481,327534003.20262134,3,0.017
120,275100037.1627444,328690721.60502994,3,0.017
140,275458625.36414,328157145.5425452,3,0.017
160,267659444.30415523,329165631.77989364,3,0.017
180,263136395.70293847,329485256.1074574,3,0.017
200,260482696.27107733,329745703.3989591,3,0.017
220,261208523.98679513,328793505.23907846,3,0.017
240,269428424.6341643,329147275.25947726,3,0.017
260,273247595.8765208,328723068.0674623,3,0.017
280,268098166.98799813,328328859.60037315,3,0.017
300,264603413.40941364,327765323.0666279,3,0.017
320,265095161.2131108,327576436.76146936,3,0.017
340,262244033.6006791,327468597.2127736,3,0.017
360,263713767.90369457,327880308.13674474,3,0.017
380,272006642.213113,327235404.8933074,3,0.017
400,270949591.1672972,326485467.2815704,3,0.017
420,265866645.03307855,327130995.8907874,3,0.017
440,259827863.10717347,328046536.27780795,3,0.017
460,249308880.48851785,328218655.9185225,3,0.017
480,237210215.1406097,326924022.24026585,3,0.017
500,229527013.32244885,327509572.3870332,3,0.017
520,226494756.34260872,327341750.8209945,3,0.017
540,232054870.9354062,328457119.46125996,3,0.017
560,234396789.0285722,329841035.00890017,3,0.017
580,236077615.69916767,330038633.57013,3,0.017
600,239317430.01495332,329235592.84007883,3,0.017
620,246783548.96363568,328111463.9760817,3,0.017
640,254784762.813351,328220028.31806517,3,0.017
660,258907914.90423864,328329877.8864576,3,0.017
680,253366648.35801023,328372127.47049594,3,0.017
700,253786759.07952896,328742874.8685239,3,0.017
720,260275618.90601975,329358639.0751266,3,0.017
740,260647755.30598632,329795942.1128411,3,0.017
760,259341901.99417704,328429080.818164,3,0.017
780,257364474.5872311,327918704.8195775,3,0.017
0,255499482.71655992,255499482.71655992,3,0.018
20,258331761.01372993,329547565.66697884,3,0.018
40,255369464.36717185,329653650.73669696,3,0.018
60,251209645.38792765,329860570.5179016,3,0.018
80,241788747.36528057,329940749.7061584,3,0.018
100,229945980.55894825,327991336.5340239,3,0.018
120,219920661.61902767,327646964.9165621,3,0.018
140,217433506.2531706,327242478.3224254,3,0.018
160,225071328.11765355,327145263.8666408,3,0.018
180,227318203.68041396,327665003.783148,3,0.018
200,224808392.35657212,329139255.20392764,3,0.018
220,222301408.36382085,328525224.84870243,3,0.018
240,211779723.2070971,326248150.7606874,3,0.018
260,195815407.058286,324639415.80684507,3,0.018
280,186163718.98250213,324357509.1666598,3,0.018
300,190950487.29760268,325291598.0553191,3,0.018
320,199078031.48748693,324476438.49578905,3,0.018
340,203858789.95935687,324837989.75377584,3,0.018
360,209879982.8120729,323795039.6539985,3,0.018
380,203132262.85857973,323244942.1132932,3,0.018
400,181078052.8203187,323955606.6387929,3,0.018
420,164217422.75806272,325559276.7971349,3,0.018
440,147806835.1127357,326277289.9131555,3,0.018
460,140351961.97539425,326184896.87874645,3,0.018
480,132530086.00198582,327278153.9801241,3,0.018
500,130275807.15839022,325941204.39918894,3,0.018
520,129183614.81313673,326809750.0869822,3,0.018
540,126119837.83423053,327725841.19784147,3,0.018
560,125405440.8409532,329074753.05405986,3,0.018
580,141786522.16576603,329282662.79929894,3,0.018
600,166295617.60455278,327984639.2040514,3,0.018
620,189017977.36089104,328464787.62559843,3,0.018
640,211328083.67132896,329184214.3156915,3,0.018
660,236065746.30913457,328263168.30138075,3,0.018
680,255649094.57643265,328285542.0246073,3,0.018
700,258524277.4676592,329265732.7078928,3,0.018
720,250091146.93565556,328680766.69061303,3,0.018
740,249694914.45132476,327490530.60152733,3,0.018
760,253377755.57152495,327140093.2052811,3,0.018
780,263660082.7397676,328037652.48045886,3,0.018
0,251899749.6430112,251899749.6430112,3,0.019
20,260699250.51163837,330286871.82287383,3,0.019
40,269754642.0698172,330363458.9704437,3,0.019
60,272151016.90130687,329015974.941822,3,0.019
80,275216126.0125577,329518183.57492363,3,0.019
100,278269956.1433497,329341939.1458138,3,0.019
120,272783024.47756803,330429029.4287591,3,0.019
140,270380436.1769651,330313425.8710538,3,0.019
160,272729900.7635908,329801288.0558988,3,0.019
180,272327876.0275904,329596600.93276787,3,0.019
200,271906908.7379056,328364183.89132345,3,0.019
220,264997868.8209896,327441206.8141117,3,0.019
240,256569888.94297844,327037546.7122197,3,0.019
260,248833721.5611535,328045674.1781408,3,0.019
280,248256414.5630116,328675803.468562,3,0.019
300,250129295.6280002,327980641.7126478,3,0.019
320,257217697.76412195,328766354.4467292,3,0.019
340,270255008.45139176,328963433.31169516,3,0.019
360,279045490.2212826,329240104.15094006,3,0.019
380,277990923.0193668,329151955.5371622,3,0.019
400,271205872.4243641,329702965.0693361,3,0.019
420,257340923.18481317,329242932.9334839,3,0.019
440,257599135.42299223,328666836.3014078,3,0.019
460,267409190.5543332,329666289.7790946,3,0.019
480,267032287.14051473,330394928.72539246,3,0.019
500,270958289.3383236,329855519.18532145,3,0.019
520,271164225.99624914,330122283.73283416,3,0.019
540,264301783.81547463,330382848.121681,3,0.019
560,251040807.9051559,329724497.29173887,3,0.019
580,231387820.8465678,329531394.9396213,3,0.019
600,215313570.3755889,329641057.38168573,3,0.019
620,220342722.96277,330160152.6121872,3,0.019
640,226815639.6968469,330598040.4444593,3,0.019
660,230270571.39061505,330434865.8299186,3,0.019
680,227157419.24217507,328929718.82067704,3,0.019
700,216552085.67144665,328916097.4233505,3,0.019
720,201933996.1928517,328109884.96357834,3,0.019
740,187580816.51524425,327805565.6341808,3,0.019
760,190501979.01786357,327792454.73115516,3,0.019
780,211979028.43118387,328576043.02493346,3,0.019
0,254455190.58366752,254455190.58366752,3,0.02
20,258208256.2960137,330698777.67890066,3,0.02
40,255515038.0685973,329902686.6814734,3,0.02
60,247368981.42139187,330480775.49600106,3,0.02
80,248693253.00788045,330006136.52531064,3,0.02
100,258412862.9249363,329420398.6047925,3,0.02
120,271398497.6216384,330667182.0373977,3,0.02
140,280721691.9334394,332408323.1358702,3,0.02
160,282940476.7712653,332562940.76117086,3,0.02
180,277146740.5622156,331696176.5510247,3,0.02
200,271220281.64943695,330551568.86073726,3,0.02
220,273856605.15590894,330130089.4820281,3,0.02
240,276079527.1045137,330141173.4271558,3,0.02
260,286433788.3626598,330789292.27746135,3,0.02
280,287824900.190659,331217444.3135196,3,0.02
300,289201363.6252276,330009029.8847221,3,0.02
320,286742986.6612642,330283800.19665307,3,0.02
340,286709336.91106224,329843393.2574411,3,0.02
360,278654004.2228482,329128843.69866675,3,0.02
380,273117122.7038155,329240704.17976046,3,0.02
400,277007505.8763102,329937398.085996,3,0.02
420,284025282.7690528,331479511.5688955,3,0.02
440,282805812.0421214,331509298.47064435,3,0.02
460,283109467.14177597,331028095.47779,3,0.02
480,277026558.4906506,329692998.07846177,3,0.02
500,276511367.1134502,330762169.6587951,3,0.02
520,285998074.5221338,331427615.328604,3,0.02
540,290774017.77151114,331355477.2276455,3,0.02
560,296158725.7500368,332087420.4869031,3,0.02
580,299084729.68691075,332911170.0927238,3,0.02
600,295116291.2574982,331386156.5652131,3,0.02
620,292465217.03663623,328750278.5100882,3,0.02
640,275742281.58056426,326680213.61431503,3,0.02
660,275157664.0779486,328894070.64520293,3,0.02
680,265188579.3422804,328647685.4854907,3,0.02
700,250581655.0328408,330035564.7612812,3,0.02
720,255761501.25142097,329793125.64967656,3,0.02
740,260142732.93733072,329484142.9848813,3,0.02
760,265525709.71083137,329685624.13641393,3,0.02
780,270025598.42483824,329349680.4114461,3,0.02
0,154931609.8470747,154931609.8470747,4,0.01
20,151927913.98263583,329019095.2112868,4,0.01
40,149092710.583224,329031046.6766186,4,0.01
60,151688117.0691306,330265257.28307563,4,0.01
80,158027836.22262615,330766805.22751164,4,0.01
100,163498885.71644157,330255279.5798561,4,0.01
120,167781200.43643022,329567593.3636756,4,0.01
140,174607091.9564603,330529439.9671519,4,0.01
160,176437677.07610393,329902594.47944003,4,0.01
180,174672486.2665782,328875240.0195128,4,0.01
200,175744814.79382312,328337547.2053982,4,0.01
220,173863299.61852527,327382967.8289496,4,0.01
240,174464664.02682376,328354464.36654264,4,0.01
260,173419569.87017423,328865321.48033065,4,0.01
280,168173127.19421297,329676503.8652549,4,0.01
300,161058056.10109678,329543178.09993255,4,0.01
320,154631151.65796387,329841834.9938661,4,0.01
340,147061988.07782856,329317403.97320443,4,0.01
360,143102964.4642238,329716303.8018791,4,0.01
380,138075469.64598346,329600178.3350487,4,0.01
400,132386869.93237457,329156087.03930265,4,0.01
420,123680846.40862334,328690854.4974563,4,0.01
440,113719550.332315,329508451.37860745,4,0.01
460,108393413.83466177,328466311.9525932,4,0.01
480,108915789.20775823,326536740.36870456,4,0.01
500,111003720.00383994,325925895.267131,4,0.01
520,114632985.54162525,327397793.56280255,4,0.01
540,125102069.14499512,328725384.4001469,4,0.01
560,135075756.24392083,329132446.8822859,4,0.01
580,143846654.86346155,328879699.1719589,4,0.01
600,150591827.56822765,328032807.86204934,4,0.01
620,152766936.5942713,328186107.86355203,4,0.01
640,152290094.2551782,329723787.8665061,4,0.01
660,155635188.43435726,329777076.9134568,4,0.01
680,154710772.35510635,330008407.00835824,4,0.01
700,151872730.9880671,330023184.66559255,4,0.01
720,152771329.30276448,329860824.88879526,4,0.01
740,157879253.0015939,329392792.5253217,4,0.01
760,164094041.9826668,329833389.2774644,4,0.01
780,173410668.1245355,328455579.9229017,4,0.01
0,183477259.13388303,183477259.13388303,4,0.011
20,172976055.0801195,333186821.9964365,4,0.011
40,163854445.32851148,332903216.8181125,4,0.011
60,157150255.9212497,332542133.0993906,4,0.011
80,148840248.20159045,331200793.6554204,4,0.011
100,143301878.41944996,332258627.42902434,4,0.011
120,138732154.06144232,333477019.1900264,4,0.011
140,134316935.33065814,333142489.09507394,4,0.011
160,126842216.26144792,331978317.1660064,4,0.011
180,122583323.4763957,331634055.8048996,4,0.011
200,120764195.2562782,330519281.582284,4,0.011
220,120119128.14331964,331138820.74568677,4,0.011
240,118032223.61199944,331829662.33385944,4,0.011
260,120534878.99640182,332226832.7053491,4,0.011
280,128321179.69957946,332529004.80730873,4,0.011
300,136086586.56978548,332497445.2617541,4,0.011
320,140676016.58645734,331285076.2860954,4,0.011
340,136886658.6882453,331443062.4235668,4,0.011
360,133137616.65992112,332448218.91171825,4,0.011
380,135931078.335779,331524458.7687934,4,0.011
400,140902719.91250423,331773914.26433074,4,0.011
420,143918507.99816144,330562484.95783913,4,0.011
440,147282224.27240396,331275531.33647,4,0.011
460,154497426.66777754,331525816.90921104,4,0.011
480,166352352.43921915,331818723.4630823,4,0.011
500,176621588.81406572,332014250.4820087,4,0.011
520,188103718.63307655,331550972.1536406,4,0.011
540,193388155.8808358,332734274.294686,4,0.011
560,195657193.64937127,332371094.3278382,4,0.011
580,197490050.61833015,332834009.7750642,4,0.011
600,199628061.098852,331837583.3778885,4,0.011
620,198970124.18219185,330700542.8826744,4,0.011
640,197123391.48653495,329347733.63681895,4,0.011
660,196749282.80579185,329403946.1249791,4,0.011
680,193787357.10811615,329784256.5147165,4,0.011
700,193582844.75931093,330791418.1261169,4,0.011
720,195842410.59591317,331169174.8118129,4,0.011
740,198353139.2253142,331719409.8267157,4,0.011
760,198372608.6640088,331388769.6903033,4,0.011
780,200843752.02811697,330916589.6000135,4,0.011
0,247832728.5676441,247832728.5676441,4,0.012
20,245874197.10633948,334546009.8116935,4,0.012
40,248542347.684926,333773733.31378347,4,0.012
60,250973989.17991892,334090829.7521603,4,0.012
80,252394291.9834179,334030438.02469647,4,0.012
100,253673469.6457889,333678482.93489337,4,0.012
120,255967493.75245377,332901797.6348672,4,0.012
140,257390593.08498305,332595091.82884336,4,0.012
160,258704133.58097783,332496471.78870225,4,0.012
180,261226194.98549557,333052797.3162137,4,0.012
200,267343529.4384331,332634806.71404797,4,0.012
220,276726685.0717905,333879093.1792314,4,0.012
240,282290101.8660442,333518866.4363433,4,0.012
260,280680403.44302845,333130341.7874664,4,0.012
280,276508964.88815147,333442629.61238694,4,0.012
300,274347703.2266934,333935225.6145836,4,0.012
320,279951586.05334073,334393374.2728254,4,0.012
340,285709898.1193775,334528941.980845,4,0.012
360,285277915.80329525,333823682.0472935,4,0.012
380,286639930.88701177,334300703.8130375,4,0.012
400,291094612.15435326,334124067.4993801,4,0.012
420,287854139.0023184,334306629.9344193,4,0.012
440,281498567.0250109,334274184.4338393,4,0.012
460,276599252.4157357,334522821.6881347,4,0.012
480,273977086.601129,334578390.5510154,4,0.012
500,269960396.6714926,335051027.23955154,4,0.012
520,268457789.8585507,335800986.9772138,4,0.012
540,273898374.96472764,335963871.9808528,4,0.012
560,281435966.96780956,336394493.9609406,4,0.012
580,285966532.3410347,336045918.8631184,4,0.012
600,285151052.3068714,334966547.12641907,4,0.012
620,279987868.016727,333961699.62672174,4,0.012
640,273193083.9628906,333612147.1112331,4,0.012
660,262103039.7568491,333350332.20053536,4,0.012
680,253893872.7445143,332276556.24094844,4,0.012
700,251143132.01783964,331967911.9841858,4,0.012
720,250606509.3049361,331999195.8028246,4,0.012
740,254266902.30718467,331424505.2446881,4,0.012
760,254255821.811704,329498987.5611495,4,0.012
780,252578474.05639496,329245824.3856912,4,0.012
0,253009694.45554823,253009694.45554823,4,0.013
20,245877591.3304847,335269519.5522995,4,0.013
40,238555744.30834356,334272912.2948458,4,0.013
60,239306226.45630768,333928719.3608786,4,0.013
80,244634941.00482768,334159900.68059427,4,0.013
100,256340162.09485817,333488073.68424016,4,0.013
120,266318670.68383124,332861663.98882747,4,0.013
140,272037205.87232554,333335609.1034999,4,0.013
160,274644637.53169334,333881490.4392141,4,0.013
180,278042309.161797,334425735.31499046,4,0.013
200,274906290.73266476,333990447.0638015,4,0.013
220,269222391.3351296,333853426.9565499,4,0.013
240,269665162.0990876,334188754.0648236,4,0.013
260,269462305.3812002,333899930.14310634,4,0.013
280,262157795.6705449,334227784.97387266,4,0.013
300,256641057.75633973,333907746.95681924,4,0.013
320,253395860.50418133,333733578.7891213,4,0.013
340,254494264.9957105,334059110.7772175,4,0.013
360,254334880.9269337,334767619.12796074,4,0.013
380,256660498.213743,333468051.36332524,4,0.013
400,254231339.89218664,333481809.96932495,4,0.013
420,248103192.4435281,333854575.5799304,4,0.013
440,241009503.97396696,335680042.24015504,4,0.013
460,241932623.98417923,335868299.0153165,4,0.013
480,241186575.63096905,333391111.8231114,4,0.013
500,237492893.90398285,333454504.9285281,4,0.013
520,236102369.45676392,334049038.3561492,4,0.013
540,246690988.2325844,335458387.0861809,4,0.013
560,259884315.12470853,335860164.5055271,4,0.013
580,265243916.61294836,335789852.53693026,4,0.013
600,270186202.4487672,335446919.7586886,4,0.013
620,277950052.3062811,336376483.85038394,4,0.013
640,284436342.40057164,336392179.18611807,4,0.013
660,280564272.29799545,335788319.7079905,4,0.013
680,274761433.4395449,335645649.78060746,4,0.013
700,268514668.14243376,335523023.26638496,4,0.013
720,264369668.69580513,334260412.9194378,4,0.013
740,256808764.67804435,334386965.8942028,4,0.013
760,246622004.5638317,335586314.4894341,4,0.013
780,239737800.61531425,335318909.29287803,4,0.013
0,262768570.9006403,262768570.9006403,4,0.014
20,258796392.2003692,336307336.0709729,4,0.014
40,249171745.11971205,336668979.9503511,4,0.014
60,239984213.5992079,336761377.0939026,4,0.014
80,233378764.98491916,336595054.9716911,4,0.014
100,230928255.37032652,336841998.7460952,4,0.014
120,230796457.1376494,337409040.97861534,4,0.014
140,234237041.98793697,337054248.53632236,4,0.014
160,237643968.80886936,337097189.56307006,4,0.014
180,244754009.52493957,336261853.998084,4,0.014
200,251010778.99008617,335659759.40629864,4,0.014
220,254110699.75006497,336173565.73165995,4,0.014
240,261948852.51373643,335394398.6478875,4,0.014
260,264501107.23829013,334669518.36621034,4,0.014
280,254612484.3054805,335615392.9754711,4,0.014
300,248304924.55860776,336893726.22271967,4,0.014
320,249226838.82677335,336681103.0232943,4,0.014
340,248750473.48202303,335755590.4544832,4,0.014
360,251223959.7118504,335614782.5932234,4,0.014
380,256704251.6236219,336253098.5191388,4,0.014
400,264953914.65595037,336310870.41276664,4,0.014
420,272154330.16679394,335604842.350217,4,0.014
440,273337107.0625826,335497946.64419574,4,0.014
460,267785424.99457636,336135597.5197935,4,0.014
480,260447677.98081437,335928831.42940974,4,0.014
500,252612015.0352452,335170771.54155564,4,0.014
520,239828678.17952508,334901493.0348169,4,0.014
540,235323574.89887932,335525683.4297366,4,0.014
560,242136395.56788296,336253532.40700316,4,0.014
580,252497757.5592067,336100831.37178034,4,0.014
600,259244259.9660484,336299891.9400631,4,0.014
620,261085318.48880303,336043437.4114617,4,0.014
640,263519499.57658964,335913678.8694445,4,0.014
660,263612490.68603855,336102506.6812677,4,0.014
680,259727550.21830624,335756003.0793034,4,0.014
700,257472682.49205044,335428262.35357785,4,0.014
720,251146554.49207368,336425465.1829326,4,0.014
740,247723488.18861172,336512351.7150417,4,0.014
760,247752871.9938271,336195799.52258486,4,0.014
780,255395048.8081448,337427004.2659131,4,0.014
0,295450897.27544,295450897.27544,4,0.015
20,294123999.28876334,338445467.8892175,4,0.015
40,296498439.32860017,338765723.97096765,4,0.015
60,298550762.7830586,339246077.19859874,4,0.015
80,295356853.8199625,338770453.20789576,4,0.015
100,291023326.8053554,338532970.5266187,4,0.015
120,288656255.02008224,337911585.9240603,4,0.015
140,280348978.25872403,338517038.9254793,4,0.015
160,273591790.57300687,339059986.24983317,4,0.015
180,271717156.16557574,339429321.03287864,4,0.015
200,274173858.74462605,339840233.0975708,4,0.015
220,275820444.4675282,339475877.44865274,4,0.015
240,274010571.8309106,338249113.898764,4,0.015
260,266214288.25961983,337181452.80099034,4,0.015
280,257927765.4204749,337740063.39645696,4,0.015
300,248440945.6717293,338316081.78013194,4,0.015
320,247548826.58285335,336715030.6806461,4,0.015
340,251898482.43902963,335960527.1015942,4,0.015
360,264130818.97502124,336474661.06942105,4,0.015
380,276426481.41060674,337264885.7534069,4,0.015
400,283166178.9945401,336549063.67820954,4,0.015
420,280120370.2197099,337048704.2814527,4,0.015
440,278847938.80562395,336664538.1205504,4,0.015
460,276016298.2905784,336427071.8238013,4,0.015
480,271161399.6742463,335114822.08839774,4,0.015
500,270142486.85724807,335472411.33363175,4,0.015
520,270544919.7347899,335568299.30707085,4,0.015
540,271798142.2480563,336010470.79085106,4,0.015
560,281621802.8541516,335676213.72869694,4,0.015
580,289010032.96842587,336010002.39203525,4,0.015
600,290152348.5049334,336938409.05417955,4,0.015
620,288453295.90673,336781915.83214605,4,0.015
640,288532030.90557057,336021972.61912036,4,0.015
660,293855241.0151185,336798085.64910483,4,0.015
680,291188216.3202811,337150408.05574816,4,0.015
700,283158382.5850466,337268894.89377165,4,0.015
720,271742600.12666607,336633741.2252827,4,0.015
740,277310802.6314672,336287556.658484,4,0.015
760,282796613.79297036,336035142.5692346,4,0.015
780,277572421.6903456,335578113.06911254,4,0.015
0,288105694.1799675,288105694.1799675,4,0.016
20,284687490.90816,337837405.28066885,4,0.016
40,285915658.01022017,338332084.711722,4,0.016
60,292430162.2889329,338731725.4703882,4,0.016
80,296351761.9243865,338867005.70087075,4,0.016
100,297493290.2820666,339468800.15600955,4,0.016
120,298086272.36658406,340040155.4379552,4,0.016
140,300873133.6213593,339024615.80454254,4,0.016
160,304988426.54450035,339026824.97795796,4,0.016
180,305748149.1915479,338458199.42164934,4,0.016
200,305405597.1397238,337609019.38298714,4,0.016
220,302564994.33591616,337427035.2074512,4,0.016
240,299784457.9636032,337811686.5997512,4,0.016
260,298057362.70725226,336060760.11561674,4,0.016
280,297808409.43568873,335697088.5537306,4,0.016
300,298741509.83007467,336921394.4827602,4,0.016
320,300573469.4839346,337941791.7274444,4,0.016
340,298388778.27041745,337341478.24530244,4,0.016
360,288943748.01325655,338242673.5816437,4,0.016
380,285238887.62302995,339050628.9968606,4,0.016
400,275119925.0844204,338407460.0469624,4,0.016
420,271793346.2161708,337696914.96968746,4,0.016
440,279487503.4305259,337558852.5230263,4,0.016
460,289821381.42417085,337810357.15693915,4,0.016
480,287320025.2080936,338284090.2864089,4,0.016
500,284197486.25712496,338039212.1219417,4,0.016
520,274624780.2556358,338006297.25403064,4,0.016
540,269133048.8988376,338021713.2521026,4,0.016
560,269394487.6995103,338288929.6692375,4,0.016
580,263876581.39425555,338435433.87578654,4,0.016
600,256801925.25148124,337999794.95343155,4,0.016
620,251619828.86773932,337224327.05086505,4,0.016
640,248208421.50968495,336139262.5670569,4,0.016
660,245431837.82872215,335322675.1259066,4,0.016
680,250660338.21739623,336779247.2067009,4,0.016
700,262163472.330032,337507670.54361427,4,0.016
720,266034392.37513733,337650157.20767283,4,0.016
740,267389933.43318245,337058579.2065582,4,0.016
760,272738022.6954361,337682466.99724567,4,0.016
780,273345475.7519139,338357155.43891513,4,0.016
0,308912742.6440569,308912742.6440569,4,0.017
20,307829091.45789564,338673608.8230684,4,0.017
40,304991077.8805959,337580066.5804889,4,0.017
60,309378648.00698435,338632325.10642695,4,0.017
80,310057591.9467845,339242798.8262438,4,0.017
100,306672804.2025541,339925886.86349124,4,0.017
120,302675447.0900033,340703294.6859686,4,0.017
140,302371700.3789779,339908850.9122722,4,0.017
160,298104217.76944655,339348007.09227,4,0.017
180,297492263.1296328,338917403.71167713,4,0.017
200,300884837.41000223,338604718.611482,4,0.017
220,302508649.47897506,338591433.36221254,4,0.017
240,304483905.56578004,339223963.85896826,4,0.017
260,308006878.76278365,338138353.8358691,4,0.017
280,306870316.6005747,338246471.5083248,4,0.017
300,308016354.9518821,339319966.06871116,4,0.017
320,306313877.7038312,339234358.9507068,4,0.017
340,304105003.8015685,338754012.3890773,4,0.017
360,304778487.8656254,338791226.71580887,4,0.017
380,305035245.97361755,338863044.8995188,4,0.017
400,301245346.05565095,338688618.311687,4,0.017
420,295469970.9999912,338707084.2808957,4,0.017
440,290396400.3691981,338909862.97540295,4,0.017
460,284056240.5030603,337890246.5478077,4,0.017
480,284061670.4988233,338003418.4135556,4,0.017
500,283831242.02492833,338612796.50301623,4,0.017
520,274728269.27046454,338860777.0324384,4,0.017
540,270199946.0200378,338392605.5964609,4,0.017
560,266969323.08909824,339934760.21980876,4,0.017
580,268805707.2556914,340431346.3988561,4,0.017
600,270160806.64297223,339374236.41109324,4,0.017
620,274007185.7923255,338993450.99283683,4,0.017
640,282528940.86552346,339309606.7342124,4,0.017
660,287119430.1239686,339097154.98387104,4,0.017
680,286235720.5583262,338611675.2981379,4,0.017
700,286694331.34202003,338606487.00153565,4,0.017
720,294953468.2711352,339543284.8387542,4,0.017
740,298010283.9288614,340204209.61049974,4,0.017
760,298167194.3884706,340052963.4520317,4,0.017
780,293549165.07919395,339954445.24276936,4,0.017
0,311647786.605067,311647786.605067,4,0.018
20,314758341.31338674,339895211.9924942,4,0.018
40,307693285.9377464,339249911.72592854,4,0.018
60,304535717.23392975,339434814.4218109,4,0.018
80,304245252.3472387,339334749.5808308,4,0.018
100,297492891.10721135,340223025.4269398,4,0.018
120,293578476.3515116,340262246.16955066,4,0.018
140,293454637.30737334,339678928.07774335,4,0.018
160,295559448.14846754,339164121.0648045,4,0.018
180,294151931.7095562,339727185.3003123,4,0.018
200,287454382.0976386,338618320.95276374,4,0.018
220,280184623.5391858,338163961.2616179,4,0.018
240,279848705.5634417,338963922.452845,4,0.018
260,281645833.81154394,338561449.85971445,4,0.018
280,282918241.0630542,338676525.97167075,4,0.018
300,289705023.8115351,338949488.5952407,4,0.018
320,297095191.4133346,339751577.15086985,4,0.018
340,305919182.98209935,340654654.14676416,4,0.018
360,312305791.69699407,339970232.84600514,4,0.018
380,312066964.0397475,338897124.06650525,4,0.018
400,312873553.55267066,338792581.22787833,4,0.018
420,311161917.97789,338787171.8425923,4,0.018
440,310231799.12091327,339217243.1368748,4,0.018
460,315719316.8567439,339642573.0410571,4,0.018
480,319369839.65027636,339656250.2802223,4,0.018
500,317496105.46330446,339987135.24832046,4,0.018
520,317252099.64722747,339685335.7231034,4,0.018
540,313362054.6834606,339651210.728328,4,0.018
560,309527875.8512086,338742035.028208,4,0.018
580,314192310.46844506,339255060.01992375,4,0.018
600,316298686.3961764,339467999.4353421,4,0.018
620,313445400.04953337,339455993.0991169,4,0.018
640,313875330.18271405,338916002.42427063,4,0.018
660,309112111.19907165,338290086.6056765,4,0.018
680,305807432.73544055,338362329.3072027,4,0.018
700,308720464.8484704,337201557.7720682,4,0.018
720,305653874.62260467,337251739.02318066,4,0.018
740,305331996.8146994,337472123.5085217,4,0.018
760,310770136.20834243,338444747.3883569,4,0.018
780,309055844.04506093,337910603.7488002,4,0.018
0,314590907.773528,314590907.773528,4,0.019
20,308964347.8838482,341385902.14441276,4,0.019
40,302734372.9920344,340953704.8317229,4,0.019
60,296170619.76456666,340871708.3487126,4,0.019
80,288935955.1120813,341347150.0141606,4,0.019
100,288063699.17024565,341606206.60746473,4,0.019
120,287883742.3659475,342428781.36560154,4,0.019
140,288476918.33198607,340650175.17969954,4,0.019
160,282088006.7198442,340330590.81307966,4,0.019
180,277390617.52924514,340595952.82599795,4,0.019
200,273940944.7799422,339456988.2767514,4,0.019
220,272128545.1795048,339606057.48696154,4,0.019
240,274330117.962047,340227607.0959196,4,0.019
260,280856904.5626544,340647463.0171415,4,0.019
280,286354920.2848501,340756294.185205,4,0.019
300,290799552.20027,340443726.17300564,4,0.019
320,294961135.079339,339565382.4613375,4,0.019
340,294559433.78387654,339705909.55534005,4,0.019
360,298207016.6142612,340775044.91468763,4,0.019
380,303002329.77852756,339087343.0644903,4,0.019
400,309386752.3384115,339016251.46177745,4,0.019
420,314119663.5491425,339524591.97981095,4,0.019
440,319275430.82750833,339830813.1190722,4,0.019
460,318684899.84011817,340525637.8636544,4,0.019
480,316842344.1777405,339474435.1265271,4,0.019
500,317400920.2071707,338999840.81721956,4,0.019
520,318614963.5862914,339687538.8095187,4,0.019
540,314469717.0029954,339101476.78798765,4,0.019
560,311406804.0494649,339499729.0310791,4,0.019
580,314951906.96143526,339526322.67069376,4,0.019
600,316498628.30855554,340336354.0593024,4,0.019
620,316985485.15390027,340807291.306634,4,0.019
640,317746695.76679647,340746117.4706864,4,0.019
660,318541348.92242295,341363364.2905493,4,0.019
680,316755243.5570466,341260885.8216182,4,0.019
700,318416357.3996131,341859261.439301,4,0.019
720,317666475.7689251,341447623.41400063,4,0.019
740,310468030.63038194,339611220.1758329,4,0.019
760,313033389.1765425,341171485.7487273,4,0.019
780,317835023.56243956,341247577.79236007,4,0.019
0,310306072.07106984,310306072.07106984,4,0.02
20,310500541.9747864,341849523.7522752,4,0.02
40,312730221.1824941,340830117.8170503,4,0.02
60,312758206.54057014,342513688.9362285,4,0.02
80,313610145.79766923,340527738.35895705,4,0.02
100,316621743.0150613,341018323.76646495,4,0.02
120,316856264.71161336,341420203.5852988,4,0.02
140,317908767.56578016,340661119.9261438,4,0.02
160,313659093.9501749,341650957.30714893,4,0.02
180,309815174.3036244,342024118.69919443,4,0.02
200,314221616.53796196,341463292.8375225,4,0.02
220,318146881.34294105,341353218.6731443,4,0.02
240,324981271.8980186,341884595.71993744,4,0.02
260,325383122.63837755,340881406.2289505,4,0.02
280,325963362.26018804,340642343.43189335,4,0.02
300,327000423.02898884,340447213.1729151,4,0.02
320,323294245.57510525,340335756.5790893,4,0.02
340,321401257.5004156,340965160.11611444,4,0.02
360,324746540.994957,340856445.9746218,4,0.02
380,319634760.20481443,340957110.6125711,4,0.02
400,321127989.0147051,341604936.8872639,4,0.02
420,322970857.41030216,341266108.8385011,4,0.02
440,321707926.7930428,340916262.7297704,4,0.02
460,318463942.7431098,340301158.0677798,4,0.02
480,317011698.99865395,339312627.8602134,4,0.02
500,316130566.1101484,339159984.4681473,4,0.02
520,316255677.642505,340631972.9967959,4,0.02
540,317551041.34420407,340972293.1777678,4,0.02
560,322142832.00457704,340537624.7280028,4,0.02
580,321881780.5694451,341356541.439536,4,0.02
600,321827294.186383,341570639.78417695,4,0.02
620,317555486.2913668,341211339.7037997,4,0.02
640,314392856.3961378,340484741.4183769,4,0.02
660,306103301.2301334,340631303.7240546,4,0.02
680,305570833.3932555,341202894.1645999,4,0.02
700,309563033.6655107,340620681.9983939,4,0.02
720,311169373.7273199,340414932.7873648,4,0.02
740,310141314.6624678,341795568.76226044,4,0.02
760,315932613.90243053,340690290.5863144,4,0.02
780,317588542.5576789,341558958.09005183,4,0.02
0,224572246.97127917,224572246.97127917,4,0.01
20,225082346.48992845,332322490.6254936,4,0.01
40,226731847.4443184,331497072.3616553,4,0.01
60,228218340.2049541,331884700.3741812,4,0.01
80,229480582.00632328,330768702.2407817,4,0.01
100,230490589.0413194,330278214.45774156,4,0.01
120,229795050.93374723,330649636.97260857,4,0.01
140,231318694.9430942,330332494.03152263,4,0.01
160,231939973.38953653,329717424.2609384,4,0.01
180,229783665.9877898,330090931.58612263,4,0.01
200,226133083.4016078,330156017.45623803,4,0.01
220,225574136.0771168,330077173.77318203,4,0.01
240,228328537.13549393,329718537.7653831,4,0.01
260,232280035.58964017,329727915.1928911,4,0.01
280,234320797.7049232,329865638.03719205,4,0.01
300,232964469.76675403,330993734.80752546,4,0.01
320,231425565.1827436,330478687.72688663,4,0.01
340,230979660.85690612,328697806.2115892,4,0.01
360,231287127.617605,328017030.2285926,4,0.01
380,233025316.07013863,328426495.06380653,4,0.01
400,237872577.25124317,327909748.3220795,4,0.01
420,243310589.51723337,328193061.4976162,4,0.01
440,248755283.12031576,328007932.36392236,4,0.01
460,252685688.37685412,327581228.9427048,4,0.01
480,255359258.60630864,328695513.4830521,4,0.01
500,256095209.21905273,328744395.5711719,4,0.01
520,255732878.16798443,328703990.09267044,4,0.01
540,259950863.95676985,330001730.5687123,4,0.01
560,266269713.02946103,329806196.57467246,4,0.01
580,267039535.41913173,330058755.67921025,4,0.01
600,260489294.96263215,330064479.09975374,4,0.01
620,252669076.50200245,330198282.8736258,4,0.01
640,248699991.71591532,329311679.5960163,4,0.01
660,240701783.0254686,330286215.3970368,4,0.01
680,233935778.23355004,329621388.71806675,4,0.01
700,231816986.40079772,331058272.2644833,4,0.01
720,232672066.13444343,330333671.9791882,4,0.01
740,232467890.45421124,330705682.69489205,4,0.01
760,231477952.74811393,330617497.75531816,4,0.01
780,232332974.5220964,331188938.63077056,4,0.01
0,222878545.84026757,222878545.84026757,4,0.011
20,222153482.59725347,331250544.47809887,4,0.011
40,227831597.9216183,330752622.1970829,4,0.011
60,228421296.76428583,331065238.6139512,4,0.011
80,226112641.50466305,330687957.2213435,4,0.011
100,226316291.7139809,331098738.94583654,4,0.011
120,226635372.89935815,331376761.0339204,4,0.011
140,217352945.368364,331481578.2353051,4,0.011
160,206705539.8317519,332594913.6873596,4,0.011
180,196607167.24318415,332240614.70953786,4,0.011
200,192477931.83827648,332508336.28024095,4,0.011
220,193506004.10971543,331302650.06297183,4,0.011
240,196467029.71708992,331143522.37130845,4,0.011
260,200804752.55586845,331340701.122059,4,0.011
280,205854311.8206804,332023432.4029732,4,0.011
300,213623366.76193595,331018132.9074904,4,0.011
320,217034347.37909377,330141073.63700086,4,0.011
340,218879408.53381267,330548101.96726805,4,0.011
360,217493431.5273332,331270976.8937906,4,0.011
380,219425257.3516593,331109409.34338444,4,0.011
400,224953710.4941397,331253923.2835108,4,0.011
420,229225215.04486507,330353158.3511397,4,0.011
440,232602390.3645296,330305229.46386707,4,0.011
460,241634935.59633303,331113364.29850495,4,0.011
480,252468264.10062963,330934749.0210961,4,0.011
500,257175619.3268794,331468854.94055593,4,0.011
520,257947467.84503677,332021027.989594,4,0.011
540,256416531.94683397,331603087.6903505,4,0.011
560,251838339.6558548,331355588.0448692,4,0.011
580,248932720.23073104,330786265.99434227,4,0.011
600,250363629.5049213,331983416.92595154,4,0.011
620,253074426.15338933,331700415.46839327,4,0.011
640,257889156.83500665,331760304.2096122,4,0.011
660,261146811.0421834,331517446.53878605,4,0.011
680,261516964.38980505,332121958.7666837,4,0.011
700,264439955.5542761,331897269.3519294,4,0.011
720,267942654.774993,331788455.4615358,4,0.011
740,263887335.10427096,330736825.03076524,4,0.011
760,257655969.62145492,331004593.6720015,4,0.011
780,253614309.9681781,330966519.8475449,4,0.011
0,189328261.41581032,189328261.41581032,4,0.012
20,196591137.2900784,332895015.4815287,4,0.012
40,203247045.30839628,332158799.18267876,4,0.012
60,213386049.41471428,333837278.6041533,4,0.012
80,224882460.1096617,334656050.544162,4,0.012
100,230791913.56907827,334505929.7159318,4,0.012
120,232232890.0569864,332739512.9163128,4,0.012
140,228426848.7252308,332152464.79896176,4,0.012
160,221490432.37940815,333127607.72342956,4,0.012
180,221640632.77731952,333666168.12665,4,0.012
200,226895468.2077196,334203001.07683825,4,0.012
220,232897921.8368739,332191016.5983083,4,0.012
240,237104840.55234784,331969869.5586743,4,0.012
260,244869444.77921185,333924845.5719269,4,0.012
280,254755101.92095083,334329020.73454255,4,0.012
300,261004156.4200632,333480943.7170461,4,0.012
320,267162697.59616333,333114682.9251127,4,0.012
340,273882334.7839712,333297736.6594064,4,0.012
360,273285004.3977218,334553851.1005274,4,0.012
380,268614560.11184835,335073223.13731486,4,0.012
400,270223256.5379698,335469104.6012151,4,0.012
420,270132589.0405219,334550070.60563445,4,0.012
440,268995196.1250679,334560919.2439924,4,0.012
460,270952809.2055523,335672467.6444767,4,0.012
480,268315029.8709221,334820087.819592,4,0.012
500,268450092.0848607,334970133.74087465,4,0.012
520,274098452.9233043,335613293.01565826,4,0.012
540,279520558.7224722,335973073.41988623,4,0.012
560,279293889.9312129,335344376.6181789,4,0.012
580,278911382.8302326,335298383.3447566,4,0.012
600,276286899.28240865,335277311.13234866,4,0.012
620,274664044.1013883,334799680.78618455,4,0.012
640,274743291.2781981,334595409.3665426,4,0.012
660,277415348.5856138,335066985.450086,4,0.012
680,279906693.2156836,335150751.2767363,4,0.012
700,277274375.11684495,334688071.8829326,4,0.012
720,276897769.0244943,333902269.1046504,4,0.012
740,280597070.0475264,333825790.00071204,4,0.012
760,284345064.61046845,333864239.7923926,4,0.012
780,286893180.5619483,333540521.2564999,4,0.012
0,249706688.69354784,249706688.69354784,4,0.013
20,240193353.9485686,336277427.68724406,4,0.013
40,233438043.09098077,335777144.44179434,4,0.013
60,230765291.51876616,334322744.38216734,4,0.013
80,228032053.50784737,333801274.6386147,4,0.013
100,232015428.34374335,333281302.6021067,4,0.013
120,236136551.7238762,333147253.57626694,4,0.013
140,237119461.7345113,333973615.48827004,4,0.013
160,236344364.18172628,335238063.7756214,4,0.013
180,232787683.17572024,335771543.03974843,4,0.013
200,231833025.276094,335393863.4802394,4,0.013
220,237771695.35318035,334803502.5820474,4,0.013
240,244218101.95242095,335860917.0821341,4,0.013
260,247582322.18988892,335464810.3124551,4,0.013
280,248694745.52504185,335970636.6917355,4,0.013
300,253229893.0001295,335509825.1700436,4,0.013
320,261265393.24379927,335112659.77952623,4,0.013
340,271184201.3219664,334904864.0693014,4,0.013
360,274923430.3593744,334469201.4993448,4,0.013
380,274041160.8149863,334778938.23497516,4,0.013
400,273273566.48200387,336460752.908365,4,0.013
420,275319393.8511085,338019763.15657294,4,0.013
440,273807201.59742457,337713584.32957774,4,0.013
460,265416783.6382081,336588608.7962134,4,0.013
480,258085715.88909265,336369060.26243436,4,0.013
500,259481254.94509575,337189438.975965,4,0.013
520,266749174.58427048,336669111.29960704,4,0.013
540,273985797.1283941,336172951.7538073,4,0.013
560,280609904.3870084,336302545.71772367,4,0.013
580,283968668.8287661,336638651.82690114,4,0.013
600,287161616.02676344,336207507.0895767,4,0.013
620,286876970.3618165,335337584.8252932,4,0.013
640,285570080.04121447,334857495.52039635,4,0.013
660,283644110.1328312,335376295.92201877,4,0.013
680,280015027.90004945,335625616.7155374,4,0.013
700,278562634.2486388,335983007.61637366,4,0.013
720,274846518.0270709,336459725.1392426,4,0.013
740,268109327.7129296,336378609.005232,4,0.013
760,263958234.41534492,335414827.2452655,4,0.013
780,262363292.4854741,335313679.88307524,4,0.013
0,270859269.1180237,270859269.1180237,4,0.014
20,267908014.5460858,333956068.409206,4,0.014
40,266684448.4481976,334972860.4106835,4,0.014
60,266443423.36472648,334604526.3837044,4,0.014
80,268880370.9540272,333251591.62484014,4,0.014
100,271482673.06066966,333863749.8199008,4,0.014
120,277438009.73451126,335508568.53589725,4,0.014
140,275879665.4868803,335317998.68099064,4,0.014
160,263451611.1700484,335364772.0757223,4,0.014
180,247822530.01255685,336366733.1554111,4,0.014
200,243311405.2352657,335516003.5795187,4,0.014
220,242660838.14990288,335145983.2398734,4,0.014
240,246124136.5456133,335584505.70523787,4,0.014
260,253973051.38318184,335196113.6652626,4,0.014
280,259217896.15317497,336213802.4495605,4,0.014
300,262154430.4651141,336553457.053264,4,0.014
320,265647883.7549224,337232125.4884745,4,0.014
340,269149875.78846145,338042607.4858738,4,0.014
360,261343969.0269971,336556956.6855954,4,0.014
380,253388776.7417577,336467978.9058316,4,0.014
400,253122783.25478876,336916221.4500029,4,0.014
420,264755919.37989703,336062361.88908,4,0.014
440,272988881.0796398,335270401.47394574,4,0.014
460,277043948.3133668,335521736.8629699,4,0.014
480,277859783.17200243,335627467.3437197,4,0.014
500,278573061.8090646,335710868.04416704,4,0.014
520,269953432.5956893,336938711.8086636,4,0.014
540,266986175.39839447,336448882.54796535,4,0.014
560,264049734.94240403,336512949.57577646,4,0.014
580,263422102.21692863,336463813.8007233,4,0.014
600,269601760.89492685,336470068.1149721,4,0.014
620,273885969.3614193,335827903.3764192,4,0.014
640,272777587.0539447,336442739.28241336,4,0.014
660,270642609.69880354,337889009.82406366,4,0.014
680,262083083.92529756,337221366.41529095,4,0.014
700,245129335.01295337,335651483.7718644,4,0.014
720,226001622.44435063,335126762.0346089,4,0.014
740,206929404.54971004,335907527.898602,4,0.014
760,205038223.1332907,335235262.5965908,4,0.014
780,224285582.51990277,334232659.75642926,4,0.014
0,198799690.6439399,198799690.6439399,4,0.015
20,208638856.86236945,336663486.09236807,4,0.015
40,214620631.22694704,336273314.59786636,4,0.015
60,221485336.04211456,336164219.00434625,4,0.015
80,228781119.51272303,335831409.5657675,4,0.015
100,228948977.21007147,335935352.7991291,4,0.015
120,227291800.62943095,335903946.70855194,4,0.015
140,227277949.37146723,336943210.26798034,4,0.015
160,223541825.44509456,335956894.8512943,4,0.015
180,225847449.4660753,335855484.73847175,4,0.015
200,229206563.49552545,335339599.94992244,4,0.015
220,230164664.64564577,336623285.5199403,4,0.015
240,231919946.57399547,336776282.9528609,4,0.015
260,230679073.34114468,337546639.4078177,4,0.015
280,233600543.2827781,336671562.4381639,4,0.015
300,242457087.6676279,336651290.56015074,4,0.015
320,246748732.32190913,337261298.484777,4,0.015
340,248252839.80840296,336037069.30856526,4,0.015
360,254872170.45625377,334545168.5573976,4,0.015
380,261773389.2079985,336497873.80760777,4,0.015
400,258419765.324311,336545916.07155347,4,0.015
420,258027568.1958714,336180827.95955634,4,0.015
440,255904494.49959576,336224379.6293416,4,0.015
460,243882240.34238547,336222976.42205095,4,0.015
480,239471101.53995252,335721646.72714114,4,0.015
500,236950246.780209,335717053.5474725,4,0.015
520,236524339.63949317,335576114.6534647,4,0.015
540,249070878.42887416,335689859.6453235,4,0.015
560,257247801.9774009,336285592.19307715,4,0.015
580,261505864.9813844,336252278.99424785,4,0.015
600,260557668.69960487,337508284.1285033,4,0.015
620,260683352.2640415,337307514.1484115,4,0.015
640,259646247.7311436,336817478.80717325,4,0.015
660,252180595.06805447,336314771.69058883,4,0.015
680,244456409.6753526,336878585.482684,4,0.015
700,242585790.3034006,337961606.6068162,4,0.015
720,248635013.9590304,337719721.4452485,4,0.015
740,258658726.08272997,337347998.90579,4,0.015
760,267938230.0820523,337969645.1135772,4,0.015
780,270690837.0311627,337880862.81475186,4,0.015
0,289249068.61862594,289249068.61862594,4,0.016
20,287013483.11073595,337750797.4633233,4,0.016
40,286879515.96184754,337594875.3965387,4,0.016
60,291285984.39443886,337836609.6233947,4,0.016
80,291064291.18856233,338394767.6339732,4,0.016
100,292712057.32757044,339035476.89705217,4,0.016
120,297735542.221427,339727052.3815421,4,0.016
140,300073699.9219935,339498213.30970395,4,0.016
160,296407322.1340968,339076407.3737088,4,0.016
180,292754285.8897924,337966163.22390765,4,0.016
200,286967358.2873996,336860567.9346077,4,0.016
220,284243298.0404427,336949201.4099744,4,0.016
240,291415876.1807635,336521001.79443383,4,0.016
260,287108606.45335484,335675841.1551168,4,0.016
280,280087238.13961726,336907176.59726214,4,0.016
300,277805375.8785668,337214552.9834462,4,0.016
320,272303936.2757991,337535518.46070635,4,0.016
340,268428681.69514123,337097119.9695111,4,0.016
360,260977697.17257464,335822642.6156379,4,0.016
380,262853699.0620592,336021999.1710166,4,0.016
400,267908150.72228375,337048590.37356424,4,0.016
420,271518679.1385641,336965684.1164536,4,0.016
440,274981976.761873,336474006.99560297,4,0.016
460,268761240.20023733,338346148.058258,4,0.016
480,262292833.39956257,337932036.9873343,4,0.016
500,260381518.69236252,338265362.9861213,4,0.016
520,258937387.87780273,338531886.50016314,4,0.016
540,260190475.4133958,338383885.3697713,4,0.016
560,266923325.94291145,338238137.6294816,4,0.016
580,270586943.3790509,338323081.03065044,4,0.016
600,265692752.1104993,337854003.8834129,4,0.016
620,255346984.53289348,337880294.8211114,4,0.016
640,254768785.1242451,337487772.24578464,4,0.016
660,260800985.13790345,337605938.0086937,4,0.016
680,270136825.7480174,337512671.1705998,4,0.016
700,272315808.38807523,336939902.2817194,4,0.016
720,258179265.7217309,336767649.6558414,4,0.016
740,247517551.86700064,338196533.81246597,4,0.016
760,243672466.19580272,338788182.75744164,4,0.016
780,235584099.26775047,338353985.98467004,4,0.016
0,321563290.6633687,321563290.6633687,4,0.017
20,322645194.8913284,341132606.5829499,4,0.017
40,325875509.1545198,340666958.659824,4,0.017
60,322137515.63999677,339998691.0808566,4,0.017
80,320440374.46999276,340355414.9114287,4,0.017
100,322463639.0817207,340451676.8347889,4,0.017
120,321564247.341853,340301153.3257581,4,0.017
140,321395325.39733034,340577913.23960567,4,0.017
160,318831988.7767369,339762823.3948446,4,0.017
180,318648984.6760634,339497360.64416957,4,0.017
200,320229675.11609995,339924633.1225294,4,0.017
220,322222205.2316141,339170599.13965493,4,0.017
240,321299839.1062161,339966958.5245959,4,0.017
260,316232517.8439901,339418950.76537204,4,0.017
280,315826611.3527498,338471745.2159703,4,0.017
300,315449562.1443912,338234168.3266723,4,0.017
320,316015867.78563094,338297101.4884294,4,0.017
340,316238239.8522309,338195244.93318784,4,0.017
360,317824068.11504817,339251159.7947252,4,0.017
380,315373976.1711724,339161996.08317566,4,0.017
400,313422852.90200275,339224016.0516543,4,0.017
420,311510214.1007618,338330425.8464735,4,0.017
440,314227326.01923585,339811657.7336401,4,0.017
460,319639318.74557215,340090854.3255316,4,0.017
480,316162182.7491634,340043473.1548481,4,0.017
500,314943487.21258485,340993969.18312955,4,0.017
520,307912948.55935293,340725238.6128088,4,0.017
540,309262196.58694625,340258931.343009,4,0.017
560,309859230.0079516,339356680.7188474,4,0.017
580,308900298.3251133,339219959.95153785,4,0.017
600,311590353.3451272,339210590.1856768,4,0.017
620,313737231.0896733,339726895.7933607,4,0.017
640,314269744.42837673,339806745.6366054,4,0.017
660,309219891.67272234,339854378.21140695,4,0.017
680,304083037.0118771,339914796.33992296,4,0.017
700,303824385.46682245,340219108.0178636,4,0.017
720,308894138.5913758,340361593.9165935,4,0.017
740,306855141.11027795,340297231.83412325,4,0.017
760,308486577.88309324,339477922.2326553,4,0.017
780,316985476.460932,339766925.1554129,4,0.017
0,304266802.3816215,304266802.3816215,4,0.018
20,297849242.54249895,338900093.1341829,4,0.018
40,296218556.39482,338070092.5556986,4,0.018
60,299753608.7562643,338307557.0196792,4,0.018
80,302737748.49173784,338737872.6841072,4,0.018
100,298839433.3934212,338194125.22191525,4,0.018
120,294917891.3072533,337209659.46206224,4,0.018
140,300320675.1738799,339132887.0875071,4,0.018
160,306563633.8022117,339723238.69693565,4,0.018
180,304484829.4871485,339022949.55504286,4,0.018
200,306321094.7024978,340413481.63821626,4,0.018
220,308801355.92205894,340894961.3251873,4,0.018
240,308825498.7806666,339675902.5929305,4,0.018
260,310756316.8211905,340174273.9534341,4,0.018
280,310062985.5634236,340390730.76397836,4,0.018
300,313962275.1939576,339771612.88173425,4,0.018
320,318512454.81354904,339647414.91962695,4,0.018
340,316079882.75259084,339749702.43462956,4,0.018
360,314014171.6711384,340136340.92631763,4,0.018
380,312704353.5903622,339805749.9330605,4,0.018
400,314438923.7895828,340127060.2704505,4,0.018
420,315641462.35538864,340545334.68570346,4,0.018
440,318286159.99067295,339567717.43726903,4,0.018
460,317042238.8115948,340101571.3225161,4,0.018
480,319196152.79635334,339855857.44966006,4,0.018
500,319012696.8341943,339542634.3537442,4,0.018
520,318809321.04164755,340748683.80256486,4,0.018
540,321616964.80064785,340029340.57682127,4,0.018
560,320765906.5404017,339936056.2545933,4,0.018
580,318666844.37977916,339787316.5229441,4,0.018
600,314015629.8466125,339342134.20520395,4,0.018
620,311610460.69420576,338514711.77023745,4,0.018
640,313728353.44388,339632975.83841693,4,0.018
660,314012417.0738302,340027813.2120657,4,0.018
680,314362026.29884255,340280412.5725517,4,0.018
700,318076581.25451505,340674231.7217463,4,0.018
720,314963968.8207047,341075115.8757055,4,0.018
740,311343261.2620516,340800758.4240325,4,0.018
760,302829632.8817268,340606985.6719101,4,0.018
780,295086621.5160263,340769439.76159775,4,0.018
0,314002994.4212048,314002994.4212048,4,0.019
20,313046986.47580767,340296015.61844873,4,0.019
40,308826459.8609484,340701824.8736663,4,0.019
60,305518301.58055305,340931966.6919631,4,0.019
80,300397150.76571316,340525989.8431637,4,0.019
100,299218548.2805169,339266710.2083861,4,0.019
120,302604981.30813754,339592430.5863511,4,0.019
140,305189602.5666277,339464554.2828437,4,0.019
160,307188940.3063483,339736342.33303165,4,0.019
180,310432427.67533237,340569089.8070711,4,0.019
200,312286891.5654241,340579352.1617855,4,0.019
220,314196746.1209054,340322345.39682245,4,0.019
240,308465426.1156806,339773502.0560443,4,0.019
260,303128192.5080937,339184798.2776363,4,0.019
280,295054163.7254048,338123044.39722687,4,0.019
300,293818713.6525918,338563704.16167116,4,0.019
320,295479306.3685559,338677822.0857322,4,0.019
340,291860600.5367114,338365663.9184121,4,0.019
360,291677151.540113,338288842.24516135,4,0.019
380,292311622.240477,339144009.9864729,4,0.019
400,293584577.781193,339367739.795385,4,0.019
420,299838574.5956891,340004131.2592293,4,0.019
440,303724784.35988384,340337333.85603034,4,0.019
460,304351090.522261,341356555.85251164,4,0.019
480,306630215.43702126,341010786.0431699,4,0.019
500,302684901.84072655,340236896.79784214,4,0.019
520,303845481.9491981,341019566.46492946,4,0.019
540,310602731.14740795,341581517.53860605,4,0.019
560,315771147.3179318,341510621.4090865,4,0.019
580,317225421.92734456,340452464.49557436,4,0.019
600,314708866.3427943,340593971.6199262,4,0.019
620,312428624.7757648,342055385.4130736,4,0.019
640,308670463.09267867,340700908.32414424,4,0.019
660,304496612.03266084,340675578.5892676,4,0.019
680,308536434.6938527,340424622.5831293,4,0.019
700,311927562.94882846,340074283.4415757,4,0.019
720,307266140.79022557,339261575.00067997,4,0.019
740,306509569.91321504,339580535.7812891,4,0.019
760,306831097.2762985,339959406.5382972,4,0.019
780,302244424.92868495,340187065.23120093,4,0.019
0,322783143.6569073,322783143.6569073,4,0.02
20,320836298.48670983,339781777.6901669,4,0.02
40,321231882.44887817,340637093.87213683,4,0.02
60,319380240.70830226,341111791.467175,4,0.02
80,321203513.70769656,341304227.74451554,4,0.02
100,319216154.0534949,341598581.82911134,4,0.02
120,317464105.0792898,341294918.84231925,4,0.02
140,318309941.72721255,339859804.19944894,4,0.02
160,316845485.4374826,341279764.0832157,4,0.02
180,313162080.4184508,341862971.1153838,4,0.02
200,297807300.75427115,342760580.596531,4,0.02
220,285043788.49364626,343272796.99833953,4,0.02
240,267652928.91498613,342546051.23491156,4,0.02
260,254925960.36495972,342890108.13055897,4,0.02
280,251059925.8167132,342549875.8708346,4,0.02
300,239150850.16560656,342203657.0597196,4,0.02
320,234917049.50632733,340481790.76687765,4,0.02
340,235493984.20514905,341118838.836692,4,0.02
360,231489275.34362775,341198624.68537384,4,0.02
380,230753966.3920367,340845606.21122515,4,0.02
400,244457180.7888004,341236073.1027399,4,0.02
420,259784251.5625861,340643162.5758229,4,0.02
440,267627782.2092843,340165681.0028128,4,0.02
460,274479606.2223624,340316588.36934745,4,0.02
480,289231729.89172906,340391906.0960953,4,0.02
500,294338027.9691395,340079743.60569984,4,0.02
520,301875568.5586294,340399275.3987436,4,0.02
540,307129103.32356614,340373438.16522443,4,0.02
560,311736084.8058935,339785925.41644156,4,0.02
580,313887604.268041,339810983.0392055,4,0.02
600,318501416.72338575,339071124.5206146,4,0.02
620,314467902.7779382,338823605.62400603,4,0.02
640,315729157.1251395,339376328.78186965,4,0.02
660,318774227.2063687,340236839.47262037,4,0.02
680,316920861.36346996,339794450.86353123,4,0.02
700,319201822.4452919,340641215.7278861,4,0.02
720,318766296.3318461,340935884.1255597,4,0.02
740,320330028.76044697,339909355.2714143,4,0.02
760,315810009.0171588,339749118.8584073,4,0.02
780,314679966.8705882,339043897.6089127,4,0.02
0,202550129.7904473,202550129.7904473,4,0.01
20,199858871.9640969,330577000.16787803,4,0.01
40,202435550.6155105,330284035.81173277,4,0.01
60,208456091.76625457,330184221.2205144,4,0.01
80,217078873.8067008,329603899.62712353,4,0.01
100,226301545.6137944,329057261.79053944,4,0.01
120,229792948.4249054,329295529.2304218,4,0.01
140,229078844.720522,328830649.95968497,4,0.01
160,227373195.16699025,329042952.1607032,4,0.01
180,226705420.6657572,329404922.3308796,4,0.01
200,223271440.99562532,328921375.850548,4,0.01
220,213275768.0589264,330191801.4850711,4,0.01
240,202189158.73111096,329785485.3575939,4,0.01
260,195563201.54202372,328756035.47391546,4,0.01
280,189482591.61889985,328868809.98462135,4,0.01
300,186099616.2975918,328350014.5961975,4,0.01
320,185244320.2258164,328890939.6206046,4,0.01
340,184706856.86553377,329407462.4440651,4,0.01
360,189350433.42078608,329326869.06245995,4,0.01
380,195321494.64158392,329644952.1144089,4,0.01
400,197942392.15642756,330803717.2286179,4,0.01
420,197517622.85099825,329735020.72214353,4,0.01
440,196608813.71147496,329616070.04020345,4,0.01
460,194128890.29084063,330385388.9327032,4,0.01
480,193155041.70388877,329755223.08044565,4,0.01
500,189004781.8892061,330212442.6034747,4,0.01
520,177483074.0634053,331134560.6361924,4,0.01
540,162853012.5639915,331515101.15186656,4,0.01
560,145780106.547164,330399407.5983273,4,0.01
580,132786350.8827695,330998360.16585314,4,0.01
600,119680571.25993596,330370833.8942422,4,0.01
620,108698922.25093396,331752751.50557387,4,0.01
640,100238761.04959518,332278111.53932434,4,0.01
660,95427193.6628184,332292466.51441956,4,0.01
680,93404612.75964902,331197717.0236267,4,0.01
700,94024446.61792518,330653820.03854954,4,0.01
720,96612225.4497932,329796621.02836746,4,0.01
740,105467411.82114664,330502175.1680625,4,0.01
760,113994303.36462323,331516258.7259482,4,0.01
780,119427325.11829633,332798214.9460556,4,0.01
0,272620054.7717811,272620054.7717811,4,0.011
20,273194952.4740988,331586285.31964076,4,0.011
40,273807911.30566484,330857523.9016642,4,0.011
60,277497266.18698317,331057690.72714984,4,0.011
80,276459778.21941495,330714640.23430485,4,0.011
100,272481715.74669576,330607690.7637588,4,0.011
120,269218289.7753836,330947255.6626621,4,0.011
140,269011129.88668865,330703878.82957184,4,0.011
160,270513059.98132676,330546668.951573,4,0.011
180,270179176.01613355,330627050.80176234,4,0.011
200,273784481.52845085,331467124.52815586,4,0.011
220,277705017.2117755,332074740.46288806,4,0.011
240,280296531.38143325,332116211.0115973,4,0.011
260,276355201.321114,332340553.3825692,4,0.011
280,274601405.1302035,332288156.3715261,4,0.011
300,275711825.15560526,332519093.6426587,4,0.011
320,274083277.9693008,332565275.6222552,4,0.011
340,274268278.4028287,332936948.78735733,4,0.011
360,274586811.6044669,332642783.2772478,4,0.011
380,278736409.7146983,333409655.798728,4,0.011
400,282039152.1629229,333597768.0765358,4,0.011
420,281721841.38748026,333058592.2929622,4,0.011
440,280576633.50069696,332772481.455094,4,0.011
460,278207133.6658775,332584304.12418133,4,0.011
480,275655087.0671686,332659804.0686877,4,0.011
500,276971799.33800936,332656520.2353308,4,0.011
520,276756660.8815866,332136104.3786886,4,0.011
540,270084359.27968335,331529483.0658829,4,0.011
560,263929752.0927331,332813454.78205323,4,0.011
580,260307012.4698065,333824307.6611908,4,0.011
600,256203566.10739335,333433392.7543149,4,0.011
620,250779138.61894265,333119709.0220958,4,0.011
640,245318079.2142679,332742217.7623515,4,0.011
660,245263601.48141575,333387569.66064847,4,0.011
680,249132160.0876263,334283895.5066786,4,0.011
700,253472531.21390375,334440108.0144778,4,0.011
720,253667742.9397792,332533308.4287894,4,0.011
740,255209655.85783225,331765334.2902062,4,0.011
760,253351386.23131308,330463165.70014334,4,0.011
780,247652126.272452,330628007.2264272,4,0.011
0,264681198.5493833,264681198.5493833,4,0.012
20,259561396.62400872,335530231.50760525,4,0.012
40,253967161.10298023,335582131.0144465,4,0.012
60,252817223.5692307,334697781.252772,4,0.012
80,246762498.4026438,333937718.5205292,4,0.012
100,240515636.6819648,333544103.963817,4,0.012
120,239394975.83599347,333136454.80858153,4,0.012
140,246305099.7216227,333350583.8024765,4,0.012
160,259644154.13102472,332977236.8604071,4,0.012
180,266747590.40656912,333096752.1800755,4,0.012
200,266945551.4283733,332570053.715549,4,0.012
220,268515132.4813778,332522254.78801763,4,0.012
240,271553317.90237325,333351351.38030887,4,0.012
260,271974973.5428193,334414647.41143507,4,0.012
280,271021480.1285662,334196811.8751665,4,0.012
300,268937189.44114906,333578886.50808644,4,0.012
320,267489105.6455883,332454768.7562334,4,0.012
340,264814288.49137953,332767128.43454385,4,0.012
360,265575000.83676413,332983147.52232325,4,0.012
380,267462264.06096697,333723673.22043896,4,0.012
400,263565802.1315483,333643478.3305875,4,0.012
420,259387939.1682505,332738076.5515423,4,0.012
440,261745200.3505294,333856658.2626736,4,0.012
460,266013897.9727046,333591036.65153676,4,0.012
480,268376861.54815057,333869519.78651,4,0.012
500,266651194.3719917,333321622.31498337,4,0.012
520,266277681.9263112,334014414.879365,4,0.012
540,263472528.5085358,334472002.0011429,4,0.012
560,256955226.79268557,334199591.38401157,4,0.012
580,250500036.6563742,333619402.0648988,4,0.012
600,247887609.8120432,333797194.2918665,4,0.012
620,248691186.84362772,334400552.496209,4,0.012
640,251876394.0547409,333447853.1962956,4,0.012
660,255098306.3318368,333537086.579948,4,0.012
680,256044730.48280975,332901793.9783365,4,0.012
700,258496536.58424,333934935.5134741,4,0.012
720,257745251.31319067,333305395.69667685,4,0.012
740,256443499.7197143,332570615.0685263,4,0.012
760,263758440.63715607,332914191.5698943,4,0.012
780,270650953.6597018,333350781.20776385,4,0.012
0,284714735.5889516,284714735.5889516,4,0.013
20,282723549.4930066,336673440.9292065,4,0.013
40,283679294.2763193,335933775.6167114,4,0.013
60,281654221.6715202,334882199.4440981,4,0.013
80,281307593.91787034,334740123.71737087,4,0.013
100,279023029.56887597,334122558.86313784,4,0.013
120,277449108.50979596,334484475.9056703,4,0.013
140,280635532.2885571,335138637.8486743,4,0.013
160,283992958.40759397,335577528.18369615,4,0.013
180,280528261.3048934,335629548.9993747,4,0.013
200,274383513.3379933,336405526.5528606,4,0.013
220,276113146.65068525,336157480.8830353,4,0.013
240,277898534.00839406,335718925.6471765,4,0.013
260,274270566.2310372,334975463.7797056,4,0.013
280,270116804.48419565,335109419.8998309,4,0.013
300,269390297.82850957,335106909.6485283,4,0.013
320,272190251.77133995,335381594.7698874,4,0.013
340,273111935.36392164,335494343.97962195,4,0.013
360,274047106.4635824,335550547.87900573,4,0.013
380,278547070.73835725,335772233.05284256,4,0.013
400,286229048.28487074,336187737.9575849,4,0.013
420,289076596.22899866,336611808.22852916,4,0.013
440,283147276.87645626,335974309.70590365,4,0.013
460,272723125.98368025,335895138.80214965,4,0.013
480,265727257.9276107,335594962.3178849,4,0.013
500,262214140.52812636,335191621.82526577,4,0.013
520,256389959.2398917,335404552.66513777,4,0.013
540,251919410.8759404,335772514.52709234,4,0.013
560,253159680.87812504,335803392.60673857,4,0.013
580,257220172.6114771,336517511.2475599,4,0.013
600,263680179.76768577,337286568.8533078,4,0.013
620,272881387.8436272,337208841.5762613,4,0.013
640,277779595.7979484,336788529.08137965,4,0.013
660,277833091.9954775,336871487.70841664,4,0.013
680,276510834.4943204,337057080.5530102,4,0.013
700,272740459.64981335,336491239.51215273,4,0.013
720,268288973.35600823,335208755.4451412,4,0.013
740,265418534.51633736,334998183.41606843,4,0.013
760,269190280.72121054,335256925.8610264,4,0.013
780,276170972.0569451,334695381.93502927,4,0.013
0,292642509.93581986,292642509.93581986,4,0.014
20,291208011.2549947,337685223.36970115,4,0.014
40,292977295.03645355,337633238.51845133,4,0.014
60,294910795.7049166,337035220.97114325,4,0.014
80,292634949.62513477,335932628.2062809,4,0.014
100,283750578.23783237,335499046.43342435,4,0.014
120,270223971.6585379,335269381.86091506,4,0.014
140,266207622.33979192,335152343.5427192,4,0.014
160,267441990.84553957,335031346.50853556,4,0.014
180,270038597.75430405,334320087.6281389,4,0.014
200,274995084.6727022,335125409.24350405,4,0.014
220,282568380.353596,335102080.77495694,4,0.014
240,287545138.0128382,334835164.5881329,4,0.014
260,284081676.6548949,335412093.9571958,4,0.014
280,280215264.6565311,335702713.2206171,4,0.014
300,277221581.4993481,334391611.90106696,4,0.014
320,276014661.028074,334456168.19686806,4,0.014
340,277091841.1818899,334015353.15939325,4,0.014
360,277294092.0544803,332573351.2841717,4,0.014
380,274897555.1677215,334207004.8422245,4,0.014
400,279668336.42620724,335477642.52337193,4,0.014
420,284213530.6239458,335470877.553682,4,0.014
440,284842523.69324625,336319908.6427715,4,0.014
460,288047771.2158849,335665297.98682725,4,0.014
480,289776655.6397449,335916070.62637377,4,0.014
500,286652179.9182503,336957977.1801406,4,0.014
520,285306837.03041506,336506593.21826667,4,0.014
540,279947199.39414704,336135363.7218474,4,0.014
560,274690122.30731153,335402581.9850197,4,0.014
580,274594602.28755146,335426636.6251757,4,0.014
600,278147412.5990658,335830656.4533926,4,0.014
620,279896726.54455954,336002520.59227705,4,0.014
640,278179922.7862308,334928703.3335631,4,0.014
660,281400681.34625345,336125550.0712421,4,0.014
680,284113938.249532,336408175.9373311,4,0.014
700,284473673.4611253,335420390.7000483,4,0.014
720,280341188.4900898,335187775.965838,4,0.014
740,278653068.4724542,335417547.8584263,4,0.014
760,276989982.15926284,336016991.3236211,4,0.014
780,274793070.7184972,335423417.04941136,4,0.014
0,290884740.74461555,290884740.74461555,4,0.015
20,283067992.61832434,337224598.28829414,4,0.015
40,280466423.04957765,337658450.11105716,4,0.015
60,281680039.21983755,337724809.29552335,4,0.015
80,283359046.92970186,337015095.8801079,4,0.015
100,287150882.456789,336723682.0637959,4,0.015
120,286335716.1775391,335904247.3873703,4,0.015
140,281543633.7890116,335084200.72084343,4,0.015
160,281719855.6513762,335634021.48102903,4,0.015
180,284959498.45861644,334455455.6487637,4,0.015
200,282770208.87899655,335198715.2319552,4,0.015
220,284380177.8469913,335926127.67477167,4,0.015
240,293268086.0220902,337860476.0608109,4,0.015
260,292816893.48714346,336854030.6122401,4,0.015
280,286897305.25150305,336886641.2751575,4,0.015
300,279771144.74227524,336706301.5522959,4,0.015
320,276136953.6399565,336898695.05953664,4,0.015
340,274766600.2440469,336952252.9219442,4,0.015
360,268080247.06519127,336465426.2760948,4,0.015
380,258648841.71630183,337605432.3250874,4,0.015
400,255239644.07803524,337701754.3907721,4,0.015
420,256344478.4607147,337285893.13605857,4,0.015
440,255182668.4084043,337388563.5577718,4,0.015
460,255054231.9740647,337238036.13777184,4,0.015
480,254021134.7487917,337324233.145519,4,0.015
500,250216365.73447448,336845248.4046135,4,0.015
520,251626892.8997231,336463977.41942155,4,0.015
540,248391614.78771827,337239077.93183887,4,0.015
560,249805568.7699764,337708685.9504519,4,0.015
580,255290066.8711021,337230919.0233246,4,0.015
600,263983248.3488858,337286216.7747464,4,0.015
620,274898125.43342143,336902802.01969874,4,0.015
640,285086852.2277095,336847141.86497736,4,0.015
660,289965925.441501,336677205.0642686,4,0.015
680,291964718.77173126,335951892.85869294,4,0.015
700,292654981.4673759,336840347.13261855,4,0.015
720,287837722.537146,336305479.79475415,4,0.015
740,282399716.25132895,336631739.35352457,4,0.015
760,284430469.1297298,337034664.3545221,4,0.015
780,286617992.6924305,337610129.29861164,4,0.015
0,307039813.18515825,307039813.18515825,4,0.016
20,305280164.8693324,339360658.1673416,4,0.016
40,303039830.4113604,338894839.73095393,4,0.016
60,303285928.33451164,337998443.9651377,4,0.016
80,307675089.6457184,338766165.9675923,4,0.016
100,306357632.8237473,338712213.29371035,4,0.016
120,301784497.1013434,338929519.80168915,4,0.016
140,297474914.1923386,338490787.69310904,4,0.016
160,296294788.171147,338994287.2862038,4,0.016
180,293804496.18551445,338665958.24767363,4,0.016
200,290963255.0735969,337794396.9537382,4,0.016
220,287781464.70571226,336967095.4243639,4,0.016
240,295374947.194093,337956742.3731997,4,0.016
260,300440825.24191386,337813342.6171243,4,0.016
280,297384142.7524315,338066159.2530956,4,0.016
300,294861754.9323486,337542342.3209231,4,0.016
320,292709413.91498613,338314394.6109611,4,0.016
340,288945395.2179897,338625594.93708646,4,0.016
360,291425512.94602996,337794640.6069671,4,0.016
380,300823887.821573,338501812.25871986,4,0.016
400,304606088.34986126,338636875.392092,4,0.016
420,305818773.4535922,338946810.716209,4,0.016
440,309644931.5879868,338455972.8153287,4,0.016
460,309412567.627576,338908869.13373846,4,0.016
480,307790057.6001217,340104439.1170999,4,0.016
500,307678063.5578046,339806812.48831904,4,0.016
520,310245847.199985,339669351.7939373,4,0.016
540,310412274.5537765,338958565.7323981,4,0.016
560,308778516.99465764,337974052.81522834,4,0.016
580,306989869.0353282,338678641.6650423,4,0.016
600,303031778.69230515,337703124.1359273,4,0.016
620,305825918.1928633,337345902.0531185,4,0.016
640,304900536.92160916,337964538.187547,4,0.016
660,304982681.5994112,338191118.3818822,4,0.016
680,307530988.28599864,338520875.2579402,4,0.016
700,308269899.2483173,338316107.8897098,4,0.016
720,307244280.4249944,337905766.73956287,4,0.016
740,303576892.75737387,337980547.5683627,4,0.016
760,296901694.5549475,337582181.4682721,4,0.016
780,288333177.82213825,336479713.7678345,4,0.016
0,289771518.2646908,289771518.2646908,4,0.017
20,290030087.7571407,339687823.8256223,4,0.017
40,292476639.6106145,339226695.8665006,4,0.017
60,300730043.80253243,340096470.5710472,4,0.017
80,308402922.2453509,340424946.65283865,4,0.017
100,313988160.55503243,338735959.35402524,4,0.017
120,308447647.80222195,338671502.22461,4,0.017
140,311423816.9801958,339797226.50298214,4,0.017
160,317091198.17461336,339882816.3147616,4,0.017
180,316067367.3929783,339692038.5479605,4,0.017
200,316130344.5613214,339077338.2146981,4,0.017
220,319890603.57403946,338536262.0536822,4,0.017
240,319355832.96797764,338786959.69959396,4,0.017
260,318204173.35306525,339620376.3173216,4,0.017
280,319817955.6487374,339000873.5650855,4,0.017
300,315539718.0383376,338840877.43829715,4,0.017
320,304409137.21818864,339324144.88901305,4,0.017
340,297307668.267155,339599882.1922865,4,0.017
360,289816949.2597139,338920559.18072855,4,0.017
380,283216290.50480914,338935891.71010935,4,0.017
400,279293349.7152757,339854828.92129076,4,0.017
420,273009639.65921026,339907931.0957007,4,0.017
440,260268182.37544027,339406510.71939385,4,0.017
460,253051986.2383331,338710019.3874326,4,0.017
480,253168431.18783823,339509178.0575495,4,0.017
500,242626741.99108255,338894530.9903257,4,0.017
520,222296801.06846625,338829878.73056555,4,0.017
540,205857062.3953212,339090329.85306495,4,0.017
560,203202885.0109768,339585141.8848832,4,0.017
580,207152583.6064667,338309351.18923676,4,0.017
600,220301985.2468056,338971581.9279675,4,0.017
620,233555538.29439783,339487754.5660932,4,0.017
640,240439922.3921789,338533163.29429895,4,0.017
660,249009712.03599933,337340311.97314847,4,0.017
680,251528674.98043153,337882729.4264164,4,0.017
700,245328835.58229625,338626921.96606076,4,0.017
720,239864988.5052204,339663261.52696896,4,0.017
740,244233452.9105781,339022458.0093604,4,0.017
760,252760033.98329145,338222400.63142556,4,0.017
780,260960303.9607495,338624530.2366779,4,0.017
0,294971352.6878929,294971352.6878929,4,0.018
20,299015624.48131067,340653684.46826226,4,0.018
40,297135282.9241847,339993466.7415527,4,0.018
60,298608499.46692115,339749865.6676911,4,0.018
80,300813505.2093533,340480970.0207513,4,0.018
100,301703794.7445127,341186555.52721095,4,0.018
120,304451857.39226997,340521788.361117,4,0.018
140,300140299.00809306,340823813.6692662,4,0.018
160,293592201.95414484,340569939.97289026,4,0.018
180,291050081.6861484,339860481.33752584,4,0.018
200,291969743.40027064,339327972.01357245,4,0.018
220,289535129.03940594,339158151.32076263,4,0.018
240,292306766.02494574,338981297.4441693,4,0.018
260,296034958.6708826,339488583.0901682,4,0.018
280,300659517.07479954,339836064.0330019,4,0.018
300,305119532.6539477,338828752.0050016,4,0.018
320,306783914.1715312,339210742.3325014,4,0.018
340,306547554.7896749,339734681.696736,4,0.018
360,309897068.2608249,338142401.8824585,4,0.018
380,305224779.327469,337437173.73833275,4,0.018
400,300876074.2444522,338760879.1395608,4,0.018
420,302603204.7092502,339220166.3816326,4,0.018
440,301812369.02622217,339135110.7082585,4,0.018
460,303830607.74965334,339778574.09020275,4,0.018
480,304516765.1596081,339546775.065773,4,0.018
500,305235451.1681769,339039930.2114516,4,0.018
520,308994762.59331214,339207882.22911525,4,0.018
540,305521468.4174051,339760700.62559557,4,0.018
560,306546562.1475074,339224127.0067417,4,0.018
580,303683385.45970917,339609155.93942434,4,0.018
600,307360208.5077966,340320774.436937,4,0.018
620,309680944.31734526,340683432.25168777,4,0.018
640,309104277.4021409,340545115.60378456,4,0.018
660,311370723.99691725,339781232.45074475,4,0.018
680,310097162.6320908,338525649.4260355,4,0.018
700,307317478.2684878,337950229.66835153,4,0.018
720,303125732.39707786,338752810.5786382,4,0.018
740,304857329.5564765,339335159.02294147,4,0.018
760,308118093.7961759,339968037.4421811,4,0.018
780,311809113.3549703,339809167.96984035,4,0.018
0,313799809.4893717,313799809.4893717,4,0.019
20,313564465.92267543,340082852.05643547,4,0.019
40,315631454.65730536,339510987.29387856,4,0.019
60,313152684.2095578,339493255.8111817,4,0.019
80,313651421.13968426,340655477.0418571,4,0.019
100,309371361.13153803,340492605.08958703,4,0.019
120,308254716.8481749,340747485.06180215,4,0.019
140,309314988.0781037,340458037.7666203,4,0.019
160,310867686.05594325,340084183.4389483,4,0.019
180,313329771.91231334,339256011.4846266,4,0.019
200,308706829.5253818,339359302.0998547,4,0.019
220,309583705.6132385,339858598.3951838,4,0.019
240,309221293.4863086,339739120.67123353,4,0.019
260,304455415.93307126,339084048.05282414,4,0.019
280,296615585.0276249,340533633.69623446,4,0.019
300,287453151.81103605,339445351.02681684,4,0.019
320,273994848.57013595,339879591.09423506,4,0.019
340,263751221.43997207,339221333.247934,4,0.019
360,248787462.7131283,339414267.8945593,4,0.019
380,244974968.384935,339495797.0785365,4,0.019
400,237723904.81844288,340834884.58047754,4,0.019
420,238191644.2636538,340533723.03032863,4,0.019
440,246458147.1890317,339792867.31074846,4,0.019
460,262435559.70915484,340198238.10216194,4,0.019
480,276660824.8213106,340895920.7061751,4,0.019
500,280481282.0854143,340223663.73996246,4,0.019
520,274887993.83321166,341015607.54122233,4,0.019
540,267456657.8796924,341022725.4199922,4,0.019
560,258566640.5796111,341165434.97139746,4,0.019
580,255505873.92125303,341563956.9322676,4,0.019
600,261958787.44866383,340566944.8882398,4,0.019
620,270771328.5379832,339949470.91830575,4,0.019
640,284795870.6315345,340323129.05043244,4,0.019
660,296801086.55413204,339850150.55563664,4,0.019
680,296597989.05225044,340464793.7921246,4,0.019
700,292908273.00860125,340341692.2475103,4,0.019
720,286074468.8884112,339563839.58284175,4,0.019
740,279899529.142274,339030707.94574285,4,0.019
760,277256459.22810555,339434200.16732836,4,0.019
780,271171513.0238908,339698188.7441733,4,0.019
0,295804280.20903075,295804280.20903075,4,0.02
20,290527527.24213725,340870155.4176168,4,0.02
40,284824013.9748847,340743214.4089263,4,0.02
60,284764455.076834,339819274.1129277,4,0.02
80,290852612.9293297,339777669.75031453,4,0.02
100,297982928.6222555,340349198.1525099,4,0.02
120,299504397.208249,340003538.8354408,4,0.02
140,298479239.87191856,340612896.64569426,4,0.02
160,300435094.2589284,341005359.78343654,4,0.02
180,298449711.1240871,340510484.880883,4,0.02
200,302422099.83257836,341302167.14338166,4,0.02
220,305338108.1307584,340821930.4561619,4,0.02
240,306227400.09431714,340380980.8151125,4,0.02
260,313516891.1002516,340612304.0278944,4,0.02
280,314945927.5888341,340936199.02835834,4,0.02
300,317434987.5998646,340074746.24314046,4,0.02
320,315964937.0618307,339708831.2348744,4,0.02
340,313043461.46199393,339351175.37272286,4,0.02
360,308889852.11950314,339151685.6218909,4,0.02
380,307562448.56804204,339729972.0507877,4,0.02
400,308845338.1883535,339718260.90071654,4,0.02
420,311803999.8994475,338813892.4721241,4,0.02
440,317436729.50187993,339658725.58894426,4,0.02
460,319737198.06438,340245989.55297595,4,0.02
480,315277637.0905101,339811830.2953507,4,0.02
500,313396111.6980432,339937629.2961788,4,0.02
520,316368844.05266666,340009508.7623379,4,0.02
540,316353073.51119816,339459764.05875134,4,0.02
560,319610609.6293299,340180456.132775,4,0.02
580,323813373.45999646,340794671.4427933,4,0.02
600,322135910.5227721,339864904.7847492,4,0.02
620,316456618.309197,340797533.85832405,4,0.02
640,316572426.91545844,341642921.69427013,4,0.02
660,320094385.5314187,341411971.4401243,4,0.02
680,320162183.9622403,340742576.2431535,4,0.02
700,321536549.0614743,341041757.8943374,4,0.02
720,318734003.909051,341530588.3919227,4,0.02
740,317771190.5913592,341244502.13258326,4,0.02
760,318485394.348388,341568256.4831438,4,0.02
780,317890684.99669266,342486332.30681384,4,0.02
0,245824533.3479008,245824533.3479008,4,0.01
20,250355380.26096708,332359486.51685095,4,0.01
40,253569382.14225537,330484985.12229604,4,0.01
60,257298395.1296917,331101062.20212305,4,0.01
80,254524581.70062304,330669637.8867055,4,0.01
100,248829781.4198913,330699992.1211611,4,0.01
120,246988057.92931217,330860323.87284315,4,0.01
140,245542877.31909692,331481518.28099626,4,0.01
160,244540892.3458619,330958398.88731813,4,0.01
180,237824730.51047543,330096749.4594864,4,0.01
200,226755155.16103065,331370024.4193874,4,0.01
220,218470728.07619965,331036880.96179855,4,0.01
240,214358772.0157155,330610211.2428404,4,0.01
260,214689861.01245445,330382857.80466425,4,0.01
280,207260357.63376245,329288228.388148,4,0.01
300,198228869.91121423,329310164.0063821,4,0.01
320,194933584.1576435,329509390.4859133,4,0.01
340,192613484.7048651,330082368.49343735,4,0.01
360,185197329.783805,329171448.91322625,4,0.01
380,178526789.1445984,328402412.11698616,4,0.01
400,171249162.55982435,329438658.2754533,4,0.01
420,164892877.40413302,330197606.03840315,4,0.01
440,158921722.57677108,330328287.3599661,4,0.01
460,154631520.6560892,330917057.7807826,4,0.01
480,149121610.38670084,330159800.679554,4,0.01
500,141422722.39193594,330284273.0406196,4,0.01
520,136645703.57581195,330505102.4814589,4,0.01
540,138212418.17696348,330053352.08462006,4,0.01
560,139217521.09729466,330686525.1945422,4,0.01
580,138814385.1261207,330846120.48891234,4,0.01
600,144315040.27160126,331289870.3690254,4,0.01
620,152502153.3423582,330783232.77326024,4,0.01
640,161331527.6890514,331247778.213838,4,0.01
660,164139662.69523048,331188688.3148793,4,0.01
680,163366029.90493596,330969205.212476,4,0.01
700,161473320.71904016,331626867.78338456,4,0.01
720,159068764.43214193,331808125.4120867,4,0.01
740,153517854.71001336,331741631.6511991,4,0.01
760,152910298.6436736,330420699.06466436,4,0.01
780,153485389.261306,329519820.2188183,4,0.01
0,254867704.73202705,254867704.73202705,4,0.011
20,258631912.62967688,331244250.453735,4,0.011
40,260683295.9895177,330785958.010538,4,0.011
60,261536770.9973564,332108168.98420876,4,0.011
80,262872402.85103416,331513347.0858797,4,0.011
100,263080849.3657332,330551235.5481144,4,0.011
120,263061979.646048,330861954.75014263,4,0.011
140,264610452.2529087,330338112.2680563,4,0.011
160,260404933.92777923,330253559.0896376,4,0.011
180,251721552.75339347,330925649.7649015,4,0.011
200,245919805.63567773,332397366.44045264,4,0.011
220,246032649.0166842,331525351.5609081,4,0.011
240,248013114.24608317,330849155.3214488,4,0.011
260,244779461.46450925,330671812.02623796,4,0.011
280,242081429.85214335,330564447.1681758,4,0.011
300,246534705.61127537,330048550.65936786,4,0.011
320,252026414.8068904,330788332.91880715,4,0.011
340,254846378.47013137,330701086.9466596,4,0.011
360,254823503.5436397,329371253.9885934,4,0.011
380,244502491.66476965,328748553.84914654,4,0.011
400,230150223.81788355,328127685.4883896,4,0.011
420,215005401.4611865,327457363.7051232,4,0.011
440,201331691.94149977,328486846.51481706,4,0.011
460,195808745.67283273,328837728.69281167,4,0.011
480,191831747.59136564,329758431.0992267,4,0.011
500,194467746.6921451,330133332.0923234,4,0.011
520,203269524.7655898,330650019.61796653,4,0.011
540,212808821.8675742,330109194.7721173,4,0.011
560,222777613.1190142,330684524.8605628,4,0.011
580,230708100.3910306,330172030.9201498,4,0.011
600,232919070.80019873,330472236.8815959,4,0.011
620,231866471.91186503,329655300.3001629,4,0.011
640,225984189.09536573,329731083.2859043,4,0.011
660,221945110.1385702,330099644.7026908,4,0.011
680,216812353.83848453,330907302.0791843,4,0.011
700,212553900.75817177,331231625.7145358,4,0.011
720,211407712.4033396,330333878.51613075,4,0.011
740,210677350.86366668,329738975.8802575,4,0.011
760,208768104.06420347,330607743.4751448,4,0.011
780,210879133.3129127,331716252.7086079,4,0.011
0,273671952.3296318,273671952.3296318,4,0.012
20,274175899.3466114,334174704.3795394,4,0.012
40,271963713.9546937,334465333.91232634,4,0.012
60,270413739.4498065,334638597.1692018,4,0.012
80,269097046.7083002,334800540.06471545,4,0.012
100,267320834.77070224,334627761.76146436,4,0.012
120,262965205.8361402,334625749.6671307,4,0.012
140,261831199.6482252,334254794.43818164,4,0.012
160,260015778.07447824,333549389.19378847,4,0.012
180,256170324.12727815,333430739.60091215,4,0.012
200,251485931.8800524,332212431.4891423,4,0.012
220,245014116.47863135,333178199.0902581,4,0.012
240,242573314.0358872,333703996.93884987,4,0.012
260,244205841.9457845,333211427.3994131,4,0.012
280,246059950.20949024,331866964.7272536,4,0.012
300,243009188.62310916,332381331.8116913,4,0.012
320,244188791.4899136,333310362.1446708,4,0.012
340,253904346.249288,333513245.94666475,4,0.012
360,258323084.4401704,332819155.73559296,4,0.012
380,256299488.143359,332558460.45717096,4,0.012
400,257163836.20531148,333316488.4830307,4,0.012
420,257741417.826822,331923352.6964447,4,0.012
440,255393751.7387922,330220393.9445822,4,0.012
460,248144924.72396615,329889930.0786417,4,0.012
480,241947790.90659928,330478133.77953845,4,0.012
500,237048185.09375343,331258840.68996704,4,0.012
520,238032088.05066183,331602491.9062687,4,0.012
540,234089749.35666072,330624221.0428481,4,0.012
560,224664328.9936459,331566661.208928,4,0.012
580,226107702.74737072,332584962.26856124,4,0.012
600,231795293.0888505,332864520.6294255,4,0.012
620,240748300.39625695,332137781.60517716,4,0.012
640,241850338.00777325,332450423.0214158,4,0.012
660,247743855.89028144,332876381.3268559,4,0.012
680,257651637.9331649,332655005.02031755,4,0.012
700,265440036.04362145,332789157.7168906,4,0.012
720,263341147.4382465,333332512.0325751,4,0.012
740,257462114.17002556,332728041.2458552,4,0.012
760,257856925.99883693,333115201.83112633,4,0.012
780,255934911.53617057,332413366.45436347,4,0.012
0,279755833.19171906,279755833.19171906,4,0.013
20,283850044.8398201,335878453.6126567,4,0.013
40,284181958.5269644,335390158.78388643,4,0.013
60,281955730.1218438,335499489.22118133,4,0.013
80,282107219.03152716,335168051.15236104,4,0.013
100,283190964.9829629,334765794.63837713,4,0.013
120,276847777.6516478,335436853.5344932,4,0.013
140,273104719.6028434,334874113.9741921,4,0.013
160,274900117.7720329,335231096.2796087,4,0.013
180,278452026.9181787,335426759.2613658,4,0.013
200,278400806.5987481,335622015.3100941,4,0.013
220,275672304.7074722,336859841.1990151,4,0.013
240,275507085.4573529,337003677.21096087,4,0.013
260,282107047.11467576,337094284.80978304,4,0.013
280,285089902.3278644,336979832.54372394,4,0.013
300,284493870.2351332,336448224.6280379,4,0.013
320,282532805.13004446,336572072.051734,4,0.013
340,282878518.815869,335968813.4927914,4,0.013
360,280981593.1178182,335950147.1229596,4,0.013
380,280329428.34336483,336120275.3250626,4,0.013
400,279426516.35954326,336168843.8702365,4,0.013
420,275625583.04609656,335257424.7695521,4,0.013
440,275739527.56206226,335752664.2844668,4,0.013
460,280836353.25803727,336435155.85098547,4,0.013
480,286322634.07108915,337136433.69722104,4,0.013
500,286721562.4832358,336661568.1056009,4,0.013
520,282335389.9635109,336476809.3304144,4,0.013
540,281115636.12220013,336524725.5753988,4,0.013
560,279971708.28219694,336957243.31431806,4,0.013
580,279681680.94706666,336518516.41363823,4,0.013
600,280197418.26863915,335267367.9367174,4,0.013
620,277605494.3624588,336412828.9237051,4,0.013
640,277189909.1138524,336487429.92328143,4,0.013
660,278659470.0995256,335463930.7858914,4,0.013
680,279572315.3098299,334606385.76462257,4,0.013
700,281677133.5970564,333983365.6010934,4,0.013
720,285487387.6914799,334639411.2233409,4,0.013
740,290645766.7056495,334461024.9852593,4,0.013
760,292728201.3284932,334643703.16772974,4,0.013
780,290934373.0571652,334854505.1075739,4,0.013
0,187989145.79802123,187989145.79802123,4,0.014
20,192545315.04877555,336625565.4935264,4,0.014
40,201096019.5897442,336084207.94879305,4,0.014
60,216385259.881227,335877482.1265371,4,0.014
80,233309546.09612897,335568894.5700437,4,0.014
100,243055471.1810299,335627289.3037715,4,0.014
120,255620570.2534173,336228817.8360283,4,0.014
140,268958529.58623946,335618948.59808654,4,0.014
160,279318599.83352345,336046764.60752463,4,0.014
180,283234629.4070066,335246601.8437662,4,0.014
200,285472491.40526044,334962746.7360195,4,0.014
220,279801861.16741294,336578170.3072269,4,0.014
240,270375232.7363819,335986336.9243009,4,0.014
260,261429238.39477268,336391757.1220025,4,0.014
280,265035705.91317487,336862480.32877076,4,0.014
300,275014189.4388267,336760552.18563855,4,0.014
320,277368092.9060993,336223342.0821228,4,0.014
340,273311457.37701494,336989628.1377076,4,0.014
360,274202043.5366747,336498845.1539345,4,0.014
380,274795933.039666,336658495.498181,4,0.014
400,274360644.72340125,336585950.38242376,4,0.014
420,270298597.5677842,337103363.55059636,4,0.014
440,253392616.48365203,337467429.8805238,4,0.014
460,240676862.70195073,336467360.0276448,4,0.014
480,245377366.3548793,335832489.7196916,4,0.014
500,260313738.80347297,336287968.7797197,4,0.014
520,271101142.0873767,336611942.10581654,4,0.014
540,278921068.2812873,336559296.39383376,4,0.014
560,278778408.5276741,336859395.085605,4,0.014
580,271538282.94237256,337393497.9853593,4,0.014
600,266840654.3514371,336379141.86245525,4,0.014
620,262814218.02238476,335405024.22665924,4,0.014
640,258526637.33622372,335118599.7770864,4,0.014
660,255614292.25404757,335763477.7547252,4,0.014
680,260126871.04683816,335550860.3175329,4,0.014
700,269586995.08952355,337090348.3145036,4,0.014
720,274634815.5764643,338102895.28171194,4,0.014
740,272944581.2080908,338034255.36343473,4,0.014
760,273956976.76791286,338198060.3077817,4,0.014
780,275481550.6327671,337610522.2870995,4,0.014
0,302644679.5146338,302644679.5146338,4,0.015
20,306289149.90897506,339236843.96301454,4,0.015
40,301426632.66335684,338694675.9689492,4,0.015
60,292467368.50397706,338764507.7534348,4,0.015
80,293615328.0744704,339573344.3646787,4,0.015
100,294665941.40910804,338449015.39418447,4,0.015
120,288132066.81846017,337777803.40261334,4,0.015
140,286304481.54662967,338613080.5152614,4,0.015
160,289495201.2323959,339004729.85025764,4,0.015
180,286681246.56495905,338314668.4756934,4,0.015
200,280577632.69637084,338227364.36637604,4,0.015
220,280571873.66888595,338403582.29437685,4,0.015
240,282875129.4200434,337656680.62901014,4,0.015
260,280112556.5210463,337089450.9990121,4,0.015
280,278785717.105068,336991043.9115798,4,0.015
300,284635838.6125978,336478827.0755067,4,0.015
320,292692890.00455284,337018487.2503038,4,0.015
340,294906373.83706737,338593519.86934406,4,0.015
360,296745177.933449,339103398.9118921,4,0.015
380,299470296.9896482,339812526.6718685,4,0.015
400,303542063.01619804,338887555.2008832,4,0.015
420,299042571.89247566,338825342.9219428,4,0.015
440,292843656.93389213,338316190.7096163,4,0.015
460,290635707.5406595,337736414.0764778,4,0.015
480,290228354.2625067,337073720.65015644,4,0.015
500,287517306.6445875,337243758.34662473,4,0.015
520,281954459.9659357,336909973.2710202,4,0.015
540,281039514.4364692,337015318.67944044,4,0.015
560,288606541.65705943,337211904.0848328,4,0.015
580,287775919.8820238,337119400.70750165,4,0.015
600,282621237.927704,337191333.53691924,4,0.015
620,277429980.57389426,337080626.30032754,4,0.015
640,271946510.48418486,336974067.31806445,4,0.015
660,266906730.2595819,336830981.23368,4,0.015
680,258775985.64191395,337006444.3463593,4,0.015
700,264212030.13819623,337157853.27408546,4,0.015
720,272436378.4313334,338279320.05270374,4,0.015
740,279087811.5641191,339044176.9067656,4,0.015
760,283038534.94180566,338063015.6802238,4,0.015
780,274805180.7091097,337523909.70658755,4,0.015
0,256062324.74297383,256062324.74297383,4,0.016
20,257334043.22063473,337334315.3307728,4,0.016
40,261784411.2648634,336066548.6800122,4,0.016
60,267841959.92409736,337723918.1878728,4,0.016
80,274488992.08671874,338500288.04335797,4,0.016
100,271740031.44823277,339015937.9612461,4,0.016
120,262067763.22923672,339115392.0889855,4,0.016
140,253392899.3704015,338666112.16704357,4,0.016
160,250229005.9473372,337241147.60482246,4,0.016
180,249713301.14791209,338406175.01613873,4,0.016
200,257612924.4770569,338571018.66254324,4,0.016
220,266420139.13576135,337078889.9911961,4,0.016
240,269235603.86644673,337725186.74806654,4,0.016
260,268629226.86628264,338493639.4687034,4,0.016
280,271248784.0064853,339558872.4017551,4,0.016
300,270566689.1322314,339307314.75693053,4,0.016
320,271540403.5109059,339584499.52612686,4,0.016
340,276698232.749064,339869908.9111672,4,0.016
360,284622887.8141359,340188667.2874979,4,0.016
380,296839758.7916438,339380294.55247223,4,0.016
400,304979962.8334484,338511088.9818823,4,0.016
420,306967802.50544554,338299148.1338016,4,0.016
440,307632057.1021382,338441518.5067853,4,0.016
460,310830475.1173699,338504699.7290659,4,0.016
480,308330501.8089224,338209020.4440569,4,0.016
500,306073096.5993429,338280776.1044614,4,0.016
520,307211280.601992,337354071.9750639,4,0.016
540,307335349.31411546,337790479.64557475,4,0.016
560,306046072.2158669,338340269.81539893,4,0.016
580,305747167.88327914,337218472.2003667,4,0.016
600,305969715.9593613,336955224.66400945,4,0.016
620,308123265.23501337,337272242.82064694,4,0.016
640,304903480.4909247,337399324.34396064,4,0.016
660,304779822.814274,338542903.37521195,4,0.016
680,311866030.90314734,339285884.97174597,4,0.016
700,312802617.1800603,340015297.67012,4,0.016
720,312006855.0842662,340199714.65354365,4,0.016
740,312555866.3445051,339975034.1034901,4,0.016
760,315581195.0145989,339472295.8834852,4,0.016
780,313388900.5652218,338880471.5748678,4,0.016
0,278991734.7804271,278991734.7804271,4,0.017
20,282416960.37128127,337567168.04771656,4,0.017
40,283658607.34208614,338958439.80273783,4,0.017
60,288080585.675794,338999325.4613442,4,0.017
80,293255843.8774511,338318449.59189045,4,0.017
100,286493600.57033783,338700547.5802672,4,0.017
120,279678190.2273495,339228123.74336076,4,0.017
140,282097846.0398253,339128323.88189375,4,0.017
160,283979926.07500124,339277191.98624134,4,0.017
180,280112287.27796495,338365182.68741494,4,0.017
200,285023921.9952237,339127033.1281879,4,0.017
220,290500988.0177335,339970869.5727936,4,0.017
240,288731106.60226804,339661413.54540366,4,0.017
260,289774337.9373557,339698925.4910948,4,0.017
280,286419520.38896585,340299259.8922915,4,0.017
300,282285324.9041146,339961899.97825027,4,0.017
320,280603500.46272737,340920932.3791375,4,0.017
340,287440463.10065854,340698698.8975449,4,0.017
360,296714215.745417,340225264.1939995,4,0.017
380,302483475.32823706,339509954.37717795,4,0.017
400,304876965.42962676,339211563.43890375,4,0.017
420,300369195.0710964,338603626.7540113,4,0.017
440,285291198.9985495,338875397.45839804,4,0.017
460,276754391.2478508,338572863.8719035,4,0.017
480,273223205.29070127,339436486.72990835,4,0.017
500,276953730.1755796,338442377.76844126,4,0.017
520,286577552.4327051,337913891.14577633,4,0.017
540,289785518.36230844,339629348.78123176,4,0.017
560,292006367.0928492,339503412.0555407,4,0.017
580,293524605.6107984,339525542.3002128,4,0.017
600,286531195.00104225,339331423.0727061,4,0.017
620,286392357.6892275,339042387.9998895,4,0.017
640,286606946.3819156,338340900.3601597,4,0.017
660,288471946.2922252,337597399.46598697,4,0.017
680,292972251.2392113,337127892.2344692,4,0.017
700,290730218.54094845,336533826.3081846,4,0.017
720,286424947.67827755,336924003.2948415,4,0.017
740,281320067.3042904,337082453.0960448,4,0.017
760,283949099.8193325,337871751.0362468,4,0.017
780,292468689.3015026,338549712.06490505,4,0.017
0,322870402.9189465,322870402.9189465,4,0.018
20,320257481.6887944,339743463.5771994,4,0.018
40,325230048.4719996,340736605.0279513,4,0.018
60,324715647.0480257,339592658.98298866,4,0.018
80,318162823.1970854,339754658.4921968,4,0.018
100,315484278.93553084,339908876.60252815,4,0.018
120,313322964.20772976,339721475.07353437,4,0.018
140,312967810.74055374,339080949.6366856,4,0.018
160,310300973.3001015,338997532.5531148,4,0.018
180,305609471.9503497,339369312.03250074,4,0.018
200,309201979.2718959,339568886.35176295,4,0.018
220,312757648.0471659,338010006.0130502,4,0.018
240,308328219.2090186,337971720.2437098,4,0.018
260,309004126.2558788,336803026.6067084,4,0.018
280,309352180.06079376,336210242.22819376,4,0.018
300,304477005.1709453,336490832.1853702,4,0.018
320,299312943.13715774,337520178.59041834,4,0.018
340,301972891.7415674,337172903.00592244,4,0.018
360,298725638.5265237,337598610.70997465,4,0.018
380,301694508.62840927,338000854.03976536,4,0.018
400,304638999.839354,336883380.5446722,4,0.018
420,304271490.66060966,337016358.0495874,4,0.018
440,310549473.7530595,336889696.9977213,4,0.018
460,309506793.8760716,337778906.31381845,4,0.018
480,311154741.2316983,339475801.77984726,4,0.018
500,310119944.52688605,339700979.45021117,4,0.018
520,301558992.38777024,338140427.0813497,4,0.018
540,300216604.02539694,337109129.3624489,4,0.018
560,303824110.05166996,337268919.4408391,4,0.018
580,302363469.7067004,338607151.98077214,4,0.018
600,306596301.96404815,337917109.271091,4,0.018
620,307303242.06028795,339178182.0033707,4,0.018
640,308514805.4201659,339527729.4237682,4,0.018
660,311554641.4950483,337847433.69689345,4,0.018
680,302775969.9359085,336351885.6381117,4,0.018
700,298152639.84687006,336834383.21198857,4,0.018
720,299789503.40080523,336471291.0940734,4,0.018
740,294823925.1995775,336489174.0299746,4,0.018
760,291028908.71617466,337420011.5972457,4,0.018
780,296479686.0542244,338291410.9736089,4,0.018
0,287099926.30642045,287099926.30642045,4,0.019
20,292727426.09484696,340239650.0710169,4,0.019
40,297658029.26616377,338375472.626198,4,0.019
60,292951748.9298658,338298981.02222896,4,0.019
80,285421095.09377265,338175357.02877665,4,0.019
100,283794861.5884658,337046589.53446484,4,0.019
120,271703700.6633072,338208985.6421852,4,0.019
140,276702411.6800595,339072147.4804349,4,0.019
160,290348862.02919936,337904760.89545846,4,0.019
180,299609088.7818441,338745016.22275925,4,0.019
200,308876608.9722165,339392344.05594444,4,0.019
220,311533019.7352407,339719122.43484783,4,0.019
240,312866554.0383888,340477921.80980647,4,0.019
260,319019089.27121276,341026001.710811,4,0.019
280,317224352.95411336,340568915.22160596,4,0.019
300,314562590.06589556,340324700.81857026,4,0.019
320,316659074.595855,339669757.67800784,4,0.019
340,315546371.6693741,340950083.20596737,4,0.019
360,314060015.5305488,340924164.81825155,4,0.019
380,315967403.429636,339985161.4175776,4,0.019
400,310886772.6035419,340068487.7062559,4,0.019
420,311073082.6786421,340422434.2586998,4,0.019
440,310210659.4606581,339845111.52842546,4,0.019
460,303790252.3851228,340118292.8951986,4,0.019
480,296430283.96153355,338811942.73369396,4,0.019
500,291667269.5174301,338403106.9323299,4,0.019
520,289646772.3570865,338385429.8091762,4,0.019
540,286178284.6325485,337911495.1562411,4,0.019
560,291653342.1729879,337584045.7003014,4,0.019
580,290942934.73253465,337777271.9379777,4,0.019
600,285135785.25975376,339192127.00528526,4,0.019
620,288162286.4773345,337641808.8206948,4,0.019
640,286960829.1281144,338086993.6897955,4,0.019
660,289860516.6873371,339641386.92962706,4,0.019
680,291709798.0887458,338699031.89049035,4,0.019
700,290185719.4075121,340407633.91583055,4,0.019
720,297906118.0348372,341083410.769719,4,0.019
740,296467803.78454995,339134119.58630323,4,0.019
760,293405816.0737434,339557613.54391503,4,0.019
780,288076017.73995936,340469599.57937247,4,0.019
0,301453828.89076614,301453828.89076614,4,0.02
20,302875111.50530064,339629887.0755625,4,0.02
40,300924423.08418584,340420609.1331103,4,0.02
60,307820396.8151314,341535106.55227405,4,0.02
80,314976149.11151767,341301793.4481565,4,0.02
100,317701432.3249633,341317589.0918164,4,0.02
120,322803209.13039,341961510.66821706,4,0.02
140,319018050.70157,341455361.5511111,4,0.02
160,317424947.60844415,341437786.0202557,4,0.02
180,315236345.6546338,341563957.64862764,4,0.02
200,306224757.93981314,341167589.3953277,4,0.02
220,308105621.7770265,341046468.2204648,4,0.02
240,308814805.4205085,341320637.0172178,4,0.02
260,314053128.4244425,340146135.7082632,4,0.02
280,311401299.579604,339762544.55756074,4,0.02
300,308446346.58188045,341155086.07810795,4,0.02
320,305408380.02318776,340322399.8914692,4,0.02
340,302082013.68297267,339979040.94317055,4,0.02
360,299450714.8567458,341369523.84269094,4,0.02
380,304208280.1623735,340251087.3218837,4,0.02
400,310237449.5801966,340608250.52884847,4,0.02
420,313310670.2773357,341459590.00789124,4,0.02
440,311223501.1045003,341935139.32473165,4,0.02
460,315384638.9460875,341377054.98522204,4,0.02
480,315679853.6077661,342042999.8964299,4,0.02
500,314856330.40282345,341966171.1957438,4,0.02
520,304511588.9828119,341180719.9668398,4,0.02
540,298157557.5772079,341693275.52215695,4,0.02
560,289196187.861089,342126427.8653854,4,0.02
580,292850218.87239176,342281179.5012167,4,0.02
600,296583174.188354,342153084.4007522,4,0.02
620,292841803.276729,342626050.79517525,4,0.02
640,291275364.3320372,341887931.42036784,4,0.02
660,289940768.5071885,342135348.8014897,4,0.02
680,284748241.4723047,342736139.38401914,4,0.02
700,276456790.74896693,342121399.4859627,4,0.02
720,267190503.86689484,341246096.2090639,4,0.02
740,261200434.61655188,341002728.23196685,4,0.02
760,262956950.54815623,340594770.73539525,4,0.02
780,275917104.59412456,340535075.27522546,4,0.02
0,232181565.18761662,232181565.18761662,4,0.01
20,234682637.84046322,330467559.5310485,4,0.01
40,237512930.29682922,329798094.5925159,4,0.01
60,239822967.3448386,330089893.63301575,4,0.01
80,241964296.53433725,329281454.7105504,4,0.01
100,243465164.46246675,328926875.172417,4,0.01
120,245419013.86006832,328299522.43675345,4,0.01
140,246167208.03558528,328934109.528548,4,0.01
160,245482108.0896564,329501360.8582914,4,0.01
180,247002507.85841966,329949544.32218355,4,0.01
200,246940205.32629186,331408795.4602506,4,0.01
220,242350737.70110404,330790958.89243567,4,0.01
240,232809143.4692154,331929158.94416887,4,0.01
260,225188488.83464468,331466094.6305554,4,0.01
280,218996333.2416344,332672713.26589835,4,0.01
300,218053725.7189292,331419430.0035097,4,0.01
320,215855243.6588264,330778289.1664305,4,0.01
340,211166778.69515294,330995033.1129426,4,0.01
360,209640569.0804756,331571696.2925639,4,0.01
380,209751518.5368659,332263829.08484334,4,0.01
400,213968594.31542885,332245815.63284,4,0.01
420,213649551.48700112,331906158.3738886,4,0.01
440,208714810.57206142,330809535.51164687,4,0.01
460,199870621.20383626,330662501.96314657,4,0.01
480,188912457.66354734,331545284.35410225,4,0.01
500,178677870.87410393,331544281.83328843,4,0.01
520,174195992.34323442,331639881.8458457,4,0.01
540,178202668.81225023,332025288.672752,4,0.01
560,180826716.586623,332044869.74723065,4,0.01
580,183455481.48803973,331575327.67313623,4,0.01
600,188244991.8660263,331927894.5283755,4,0.01
620,192872194.84940666,331899309.38056505,4,0.01
640,194192775.77795494,331848569.30249155,4,0.01
660,194335881.45865035,331384574.60865587,4,0.01
680,192906500.80652973,331265050.8401737,4,0.01
700,185513746.17882496,329859416.8793913,4,0.01
720,176181326.26818597,330549247.081697,4,0.01
740,162267505.89820498,330321543.97766125,4,0.01
760,149124254.68769968,328720039.5138456,4,0.01
780,134726164.53401744,328945096.9254751,4,0.01
0,173797924.7131286,173797924.7131286,4,0.011
20,164386086.18001804,330431396.15998685,4,0.011
40,156514055.05168664,329414489.37928975,4,0.011
60,148885757.58833677,329788117.139373,4,0.011
80,139410764.40719056,330586136.4077198,4,0.011
100,136511807.68401814,331115552.62162316,4,0.011
120,135646145.5961522,331385739.25337297,4,0.011
140,130979098.07596692,331899594.2899841,4,0.011
160,120110525.7131047,331193344.07474315,4,0.011
180,111075523.92451844,330807812.20591486,4,0.011
200,102501965.22056551,331134134.2273249,4,0.011
220,95750374.37223536,332430955.4847655,4,0.011
240,91297702.34546149,332381629.1967666,4,0.011
260,89133184.01206242,330558608.684004,4,0.011
280,91684524.14905107,330572482.47649455,4,0.011
300,97915797.772963,330672996.98820674,4,0.011
320,102081124.84582514,330834018.5402244,4,0.011
340,103307531.11214265,332284477.4899671,4,0.011
360,100101123.09902658,332124497.0264919,4,0.011
380,103102371.45452926,331052845.4896224,4,0.011
400,104709751.50733137,330696738.8613603,4,0.011
420,100646163.19351585,330366667.855386,4,0.011
440,95644701.79569536,330279868.0815223,4,0.011
460,93387209.14287497,330557173.4717771,4,0.011
480,94824436.64105597,330987014.3369622,4,0.011
500,97437538.14052302,332350370.7717162,4,0.011
520,96649798.62094869,332747904.42988634,4,0.011
540,98786090.11319688,331930903.6218205,4,0.011
560,106682238.84457403,331704409.367837,4,0.011
580,116241676.33858627,331716821.06504023,4,0.011
600,125336209.90684693,331853478.5730952,4,0.011
620,134483035.70279452,331130133.99186856,4,0.011
640,141736658.8906617,331229731.0458369,4,0.011
660,144127000.56327862,330431205.34699744,4,0.011
680,144965808.66769463,330717340.2251617,4,0.011
700,142289302.00506234,330876724.45761967,4,0.011
720,138418729.68458462,329943127.5760255,4,0.011
740,136174724.9018535,329817912.51336956,4,0.011
760,136058617.07938647,329657208.84079635,4,0.011
780,142548127.30124953,330107401.9634109,4,0.011
0,233280553.32526487,233280553.32526487,4,0.012
20,235081326.25602064,334920574.3671973,4,0.012
40,236992024.2261387,334605039.811358,4,0.012
60,237758534.32697177,334484233.06740147,4,0.012
80,240002990.12579235,334133779.75490224,4,0.012
100,243903531.57564276,334076001.7097738,4,0.012
120,245749716.67779884,333855960.62594014,4,0.012
140,248234469.58763492,334365528.16313744,4,0.012
160,250062736.9071834,334559731.73997307,4,0.012
180,251190846.42198426,334625668.39386976,4,0.012
200,249106366.03181845,335142918.1439412,4,0.012
220,248059297.61300498,334011567.2466408,4,0.012
240,247936129.28326792,333941897.61227965,4,0.012
260,249136735.56022426,334252871.3279022,4,0.012
280,250951455.21803704,334109980.9613379,4,0.012
300,249951554.94238067,334228799.04580206,4,0.012
320,251967355.13001102,333783165.9479287,4,0.012
340,255048645.57697365,333168018.536922,4,0.012
360,255303038.26728496,334255622.8341892,4,0.012
380,256167810.78319103,333700988.06510025,4,0.012
400,256468004.48856235,333780426.9894679,4,0.012
420,255800068.35445234,333157122.83491707,4,0.012
440,253224558.29784802,332814228.28952765,4,0.012
460,249850533.11590523,332708663.69365555,4,0.012
480,245628208.66510236,332167279.91689944,4,0.012
500,243159799.80861786,331901803.11990154,4,0.012
520,240453311.67294383,331301618.73769605,4,0.012
540,238399486.8291012,331546985.26371914,4,0.012
560,237924036.21566856,332927843.62784123,4,0.012
580,242360806.57566032,333290431.29723144,4,0.012
600,243303102.48929203,334257283.6107204,4,0.012
620,238645382.85045493,333700017.81893265,4,0.012
640,237105563.18884927,334256645.2214633,4,0.012
660,237292374.12787595,334146580.40557253,4,0.012
680,244949465.4181532,333842992.5722035,4,0.012
700,254132623.42521217,333408376.6722666,4,0.012
720,257743465.06898886,333318252.7990472,4,0.012
740,255523561.86410183,333226988.56227756,4,0.012
760,253367677.00618163,333260759.6815436,4,0.012
780,254626029.03745234,332615567.54262996,4,0.012
0,279028652.40440404,279028652.40440404,4,0.013
20,277064469.43775356,334712127.6462829,4,0.013
40,278492151.629084,334251507.49742794,4,0.013
60,278684174.78214145,334149555.6909609,4,0.013
80,274583581.69459325,334592316.2256391,4,0.013
100,268026622.48242432,335483142.5230627,4,0.013
120,258417588.32846296,335840228.34055495,4,0.013
140,251048470.20331126,335299118.3868606,4,0.013
160,237680581.79830736,334721334.3595271,4,0.013
180,228679110.91955277,334305726.5418163,4,0.013
200,231864240.26957032,335160525.8856311,4,0.013
220,236492977.11910814,335226867.35138756,4,0.013
240,244419060.84661004,333861251.6463417,4,0.013
260,250518092.58309656,332637353.5054108,4,0.013
280,257407892.07369784,333424995.14990914,4,0.013
300,257978323.8741839,335174881.70268655,4,0.013
320,257348954.54622367,335528889.03841853,4,0.013
340,257408577.39599708,335992637.27429426,4,0.013
360,246100293.41625524,336346945.3632112,4,0.013
380,231955472.06137305,335492563.3057302,4,0.013
400,232070644.41557646,335752242.3694384,4,0.013
420,240969172.59043795,335417666.3629156,4,0.013
440,252523743.63283607,334608445.35983264,4,0.013
460,259896818.84300536,334774030.2787752,4,0.013
480,265640512.701541,334313056.18239766,4,0.013
500,267892051.0915319,334249256.1055378,4,0.013
520,265470918.85404384,334162587.8638754,4,0.013
540,258109050.28014535,335035428.48447263,4,0.013
560,250362546.468543,335447637.3234565,4,0.013
580,244284967.4633001,335396237.39288056,4,0.013
600,243942931.888385,334957849.408005,4,0.013
620,247794492.86267132,334804132.42907697,4,0.013
640,256526250.98462176,334731616.0898728,4,0.013
660,266634941.08636537,335148509.9318117,4,0.013
680,276432703.26735324,335686229.45713216,4,0.013
700,280128261.79021436,335240346.6249339,4,0.013
720,280037518.4527305,335604139.8624631,4,0.013
740,276269957.05373174,335947473.2641619,4,0.013
760,270548288.85925686,336134628.2155838,4,0.013
780,257389469.970612,336002645.5296021,4,0.013
0,242570935.87086022,242570935.87086022,4,0.014
20,237183873.8396019,335275301.79991204,4,0.014
40,228977923.78123978,334983865.3911807,4,0.014
60,221637796.37362206,335159552.9196646,4,0.014
80,220876261.47469428,335879291.93942356,4,0.014
100,224479554.5061365,335135513.38136125,4,0.014
120,221229472.21728414,334706394.8095552,4,0.014
140,220984915.23593587,334340276.76250625,4,0.014
160,215262099.51274332,333795140.263771,4,0.014
180,203712600.8878818,332383435.5420873,4,0.014
200,192004141.81727538,332277544.2881411,4,0.014
220,182051894.48267034,333371615.6286233,4,0.014
240,188480767.8944799,334218804.6755663,4,0.014
260,197448213.75025448,333139592.2387143,4,0.014
280,201435680.52179104,334353317.5558156,4,0.014
300,197290037.5254103,336090310.967789,4,0.014
320,192520864.11737576,337098065.49717575,4,0.014
340,189700860.93632224,336478430.0998827,4,0.014
360,181330672.3897871,336585725.1009504,4,0.014
380,171884588.02397826,337127810.71758735,4,0.014
400,165938628.55286753,337396482.2859801,4,0.014
420,159310565.95921445,336066670.83854663,4,0.014
440,156301775.38613695,335942230.01096565,4,0.014
460,163390006.0954105,335953937.24432683,4,0.014
480,173006514.37171558,335617481.4020105,4,0.014
500,188021134.85726953,335580404.44044274,4,0.014
520,207261987.37574926,336043779.45831096,4,0.014
540,221790657.80452856,336105123.1775364,4,0.014
560,225598404.06705335,336988105.651344,4,0.014
580,223763990.35990793,336662743.72321784,4,0.014
600,223457365.28856415,335856303.147197,4,0.014
620,221742151.39758113,335048495.7498633,4,0.014
640,223106491.06332928,333333866.90640825,4,0.014
660,233478507.9691398,333823010.0378487,4,0.014
680,245353960.76753417,333923890.8128914,4,0.014
700,252401061.0123538,335414152.5997158,4,0.014
720,263595612.68041956,336117488.7195866,4,0.014
740,272180228.27219063,336062612.7621244,4,0.014
760,275325626.28284186,336316106.72734505,4,0.014
780,272263284.294023,336255250.3830309,4,0.014
0,304846566.0936634,304846566.0936634,4,0.015
20,299881418.36068684,340087678.1576885,4,0.015
40,292735574.23167264,339756553.9031544,4,0.015
60,286304461.3836524,338579734.75736344,4,0.015
80,280355726.85448825,338386900.8426492,4,0.015
100,278512800.95916754,337679833.48392415,4,0.015
120,280885806.00817645,337902561.7194328,4,0.015
140,285249968.2469896,337692307.7499946,4,0.015
160,283833920.399467,338285559.30397916,4,0.015
180,273333252.72514117,337643375.02395356,4,0.015
200,261161390.3449115,338106369.61371815,4,0.015
220,257701445.0450127,338822262.2112248,4,0.015
240,251822551.70519,338587109.6075885,4,0.015
260,251728939.631037,337668945.0259992,4,0.015
280,254479016.0004704,336541488.34174055,4,0.015
300,254178431.51191038,336622160.1522153,4,0.015
320,254760913.83348823,337159222.1800855,4,0.015
340,253216553.82800674,336504570.3634585,4,0.015
360,250788884.72231963,337039396.8063965,4,0.015
380,253424883.9483999,336894391.5179741,4,0.015
400,256526801.34821495,336518105.1812416,4,0.015
420,256135521.10067347,336025734.193851,4,0.015
440,264219180.38910246,336214870.39511544,4,0.015
460,272515473.6602578,336694854.49439967,4,0.015
480,274586590.10087425,337022153.26872116,4,0.015
500,274770027.607075,337267655.8494317,4,0.015
520,270514157.59947747,336588978.866725,4,0.015
540,264302405.9990731,337029152.68490064,4,0.015
560,259151673.25192255,336831191.73436373,4,0.015
580,254470787.2376749,336553264.24175406,4,0.015
600,247717089.9017838,335828427.5525627,4,0.015
620,249811624.7613702,336915163.9251017,4,0.015
640,253359139.1310178,337681647.235229,4,0.015
660,248686194.4215253,336987679.2368089,4,0.015
680,241830690.7400816,336685895.6161689,4,0.015
700,243556373.78179276,337851487.25037694,4,0.015
720,251624561.64578792,338921411.85691565,4,0.015
740,256983809.72541958,338655561.49786997,4,0.015
760,261531980.12618756,338445383.1999175,4,0.015
780,267611325.91602445,338423490.8578744,4,0.015
0,306989028.9211761,306989028.9211761,4,0.016
20,303542617.93398535,339484981.12422115,4,0.016
40,298908255.7371718,339001862.79806346,4,0.016
60,295262277.38339114,339232584.6730192,4,0.016
80,300313955.568179,338928932.9992249,4,0.016
100,305615748.89575946,338635759.232722,4,0.016
120,307170289.7413012,338850635.55732155,4,0.016
140,306918094.29052913,338916073.3128705,4,0.016
160,309061717.9801265,338433309.2837435,4,0.016
180,308864824.3724971,338534018.23243505,4,0.016
200,311010444.8108227,338256820.6905459,4,0.016
220,312961883.2435453,338661477.8751048,4,0.016
240,312530395.3672612,338866087.86517847,4,0.016
260,310604180.90572745,339106612.4383651,4,0.016
280,313676041.5692265,339213662.96005046,4,0.016
300,311663585.9675086,339005035.5341797,4,0.016
320,306077848.47055936,338369116.28218573,4,0.016
340,312465008.09290016,338124841.9568828,4,0.016
360,312988968.1709309,337384093.0929861,4,0.016
380,309614131.2966619,338308699.02221566,4,0.016
400,311256364.96154654,339025705.57969147,4,0.016
420,307865922.1898459,339496963.13537127,4,0.016
440,303194905.39870113,339412911.9596258,4,0.016
460,302557150.4962593,339487852.0847541,4,0.016
480,305140954.05697644,338645857.2272681,4,0.016
500,301387006.6656213,337817092.46158147,4,0.016
520,300227281.131433,337490598.0977942,4,0.016
540,302758739.344736,337944067.29406893,4,0.016
560,302682785.4981245,338592683.44380844,4,0.016
580,304941129.49073476,339020153.7234793,4,0.016
600,293806217.64026004,338185035.8184104,4,0.016
620,277606134.43194115,338387674.7703613,4,0.016
640,264873213.53914204,339141158.3262615,4,0.016
660,260254034.19484568,338298777.6918709,4,0.016
680,256624598.92684916,338551884.0045886,4,0.016
700,254729780.9681579,339552332.5033177,4,0.016
720,263435654.56912702,338195644.40428555,4,0.016
740,269387518.3189525,338431312.5493145,4,0.016
760,269386286.33043665,338248764.63758004,4,0.016
780,271881545.36974335,338793519.5568263,4,0.016
0,302618845.46334016,302618845.46334016,4,0.017
20,300137102.34803593,338465687.81643367,4,0.017
40,295378181.76452637,337383053.9984211,4,0.017
60,289528108.317786,337558399.2092593,4,0.017
80,286485551.1494274,338710651.6282197,4,0.017
100,281890359.74764395,338374047.356439,4,0.017
120,275787873.4073961,338635529.4287827,4,0.017
140,275213403.5102612,338171341.07194066,4,0.017
160,280675884.2590042,337855098.88756275,4,0.017
180,284395488.19187534,337687524.46708727,4,0.017
200,281918967.80393296,338126492.240936,4,0.017
220,281206034.21525776,339943069.2992713,4,0.017
240,272761812.09481406,340126523.88688695,4,0.017
260,263404549.37336057,338558850.99143696,4,0.017
280,274726749.323666,339245999.8373513,4,0.017
300,294552977.33585083,339610100.64681816,4,0.017
320,303309077.84728295,337639817.63516605,4,0.017
340,300651083.6886473,337358917.59051955,4,0.017
360,302508443.42006326,337721322.3662249,4,0.017
380,308655123.34044063,337260126.6965916,4,0.017
400,312370423.0308551,337502090.2068093,4,0.017
420,313028974.25505996,338528553.3917481,4,0.017
440,310910098.09281313,338218931.2685595,4,0.017
460,306544389.34285045,338345645.2066218,4,0.017
480,308436956.2764598,338572091.6664014,4,0.017
500,308482996.324252,337969795.93765175,4,0.017
520,305487182.6708674,338012718.4428797,4,0.017
540,301846420.7621354,338154933.6103691,4,0.017
560,301681882.8699001,338773333.8464009,4,0.017
580,302887546.9347102,338350027.82474875,4,0.017
600,304256648.9823017,337950879.5130081,4,0.017
620,305472108.29293567,337617520.93307114,4,0.017
640,307237509.4070709,337887045.5989107,4,0.017
660,308346149.1624323,337913337.3513931,4,0.017
680,305170153.50025994,337761518.2680805,4,0.017
700,305159243.8096376,337514909.0839137,4,0.017
720,304214947.5684971,337819900.6807729,4,0.017
740,306502036.38582563,337893519.36195886,4,0.017
760,305999244.36438626,338350769.41773033,4,0.017
780,303480746.43784297,337482549.0335778,4,0.017
0,309033848.91192305,309033848.91192305,4,0.018
20,309568941.0205184,338391999.1658241,4,0.018
40,310264523.59208477,337398624.67101765,4,0.018
60,308414112.5910459,339195226.0648237,4,0.018
80,309324370.78611976,340740932.3371128,4,0.018
100,310297338.94084954,340951828.6740526,4,0.018
120,306598053.54006875,341475297.33218646,4,0.018
140,301520377.2451019,341775584.57625884,4,0.018
160,293845054.3995491,340806227.17668396,4,0.018
180,281679936.5366677,339647652.8082099,4,0.018
200,268995591.48289883,339667568.04579425,4,0.018
220,261330782.58889222,340713582.7915496,4,0.018
240,245848744.1951875,341264078.76751786,4,0.018
260,226472081.30755335,341013502.52118117,4,0.018
280,222728283.5851039,341159548.6177508,4,0.018
300,228298470.80067527,340892856.13498294,4,0.018
320,235522541.58439404,339025726.99998915,4,0.018
340,240825727.3893328,338950560.64676785,4,0.018
360,237832460.66480947,339769176.7885617,4,0.018
380,225534376.25936908,339387512.31697595,4,0.018
400,208722567.60945427,338318855.69772565,4,0.018
420,208363492.48626018,339960082.78649867,4,0.018
440,209867929.68321916,340712431.06126523,4,0.018
460,215508708.0088387,339043869.57889456,4,0.018
480,224709076.58709463,338595343.2913898,4,0.018
500,221345166.24952322,338643435.8078233,4,0.018
520,209555805.13872826,338250490.88548493,4,0.018
540,198397106.415279,336888047.0817124,4,0.018
560,209324601.17741147,338098447.9081683,4,0.018
580,221055724.61879462,339543916.3086481,4,0.018
600,229661990.93260387,339173653.7027749,4,0.018
620,244416780.68286455,338701128.8504133,4,0.018
640,253813579.62991863,338668600.6346299,4,0.018
660,258830989.12314436,338612939.8612967,4,0.018
680,260873844.7318583,338686524.27665174,4,0.018
700,266822979.93426588,338644015.55201423,4,0.018
720,276083644.61064816,338999421.23155177,4,0.018
740,277473503.1959681,339916884.8962983,4,0.018
760,277440164.8754302,340799869.9701736,4,0.018
780,282890478.4907917,340486455.83208346,4,0.018
0,308017136.5290595,308017136.5290595,4,0.019
20,302900334.39362407,338347045.43182003,4,0.019
40,300562693.94268036,339667415.41403484,4,0.019
60,292368215.9851784,340573539.12652695,4,0.019
80,284495019.1775904,340129418.1414472,4,0.019
100,286013332.6383629,339776628.97356814,4,0.019
120,294117045.82443744,340684224.0718131,4,0.019
140,296259682.8079116,339633133.8689263,4,0.019
160,296065736.44831556,339692063.94761026,4,0.019
180,298944510.617922,340039753.9210621,4,0.019
200,290052292.23480856,339956106.799362,4,0.019
220,279770365.07735026,339936101.54502463,4,0.019
240,279855218.94796973,338601723.0124221,4,0.019
260,283429263.3992947,337852146.3242434,4,0.019
280,291397841.1052681,337644033.6292097,4,0.019
300,293252555.8079554,337321688.2341301,4,0.019
320,294941383.33848536,336717105.3130621,4,0.019
340,301235644.3437604,337923597.0496706,4,0.019
360,309382329.00396734,338720696.1695326,4,0.019
380,309914597.09082395,338320281.06450593,4,0.019
400,310742941.18350774,338225368.71779716,4,0.019
420,314045052.7542498,338859690.95713544,4,0.019
440,317059011.6821249,338487848.4688223,4,0.019
460,313450867.15614,338032465.5740951,4,0.019
480,309009119.46710277,339277004.59263736,4,0.019
500,296290493.7105473,340556536.7888452,4,0.019
520,280790582.97712904,339871021.5363277,4,0.019
540,278653321.89939386,339127056.6856265,4,0.019
560,284191452.50537837,340573640.748332,4,0.019
580,284000478.9976363,339115317.27199584,4,0.019
600,280800480.86683303,339040569.81974995,4,0.019
620,272539427.24221504,340697277.4071611,4,0.019
640,255312958.60124192,340742177.82850516,4,0.019
660,233810294.52383813,339124469.46855444,4,0.019
680,236219946.5294934,339944600.2154356,4,0.019
700,246931661.68374476,340366842.6498844,4,0.019
720,248526761.44247085,341089780.85395765,4,0.019
740,254094715.1569797,340964068.72263753,4,0.019
760,256674984.07256982,342015197.6746339,4,0.019
780,262378454.32435718,342086670.63018286,4,0.019
0,298598077.22132695,298598077.22132695,4,0.02
20,300918253.45452744,340855586.7412406,4,0.02
40,305031812.894471,341538946.15390104,4,0.02
60,312694496.1706609,341515718.66606855,4,0.02
80,314518270.1387224,341767574.5882055,4,0.02
100,311795684.087186,341967037.3655472,4,0.02
120,314796818.2010138,339640333.0134899,4,0.02
140,312888401.81627613,338910467.5575001,4,0.02
160,314586633.96573955,340061155.9609864,4,0.02
180,314364064.7891184,339947551.5340632,4,0.02
200,310687418.5809826,340200708.4068229,4,0.02
220,314670521.08940464,341877531.24832803,4,0.02
240,318582781.0379558,342011785.0889044,4,0.02
260,321340630.9653394,341149862.0284874,4,0.02
280,319886011.30556697,340862994.6405971,4,0.02
300,317698079.5979414,340839427.4916268,4,0.02
320,319162000.07400006,339780958.27744806,4,0.02
340,319993504.41467726,341002768.5615326,4,0.02
360,321330508.9235349,342432446.1311972,4,0.02
380,317857168.5904004,342223262.39844894,4,0.02
400,316527623.72342783,342181070.8866866,4,0.02
420,316036388.9107953,341234391.4990787,4,0.02
440,314252343.0171996,341298894.9101939,4,0.02
460,316670891.0025382,341058685.74634093,4,0.02
480,315410605.0251097,341382972.0035118,4,0.02
500,313585021.7259752,342133560.4204975,4,0.02
520,314652441.94368064,341788346.81360877,4,0.02
540,314800935.9434142,341200179.74696493,4,0.02
560,314270013.1898685,340388871.2567769,4,0.02
580,312208220.15890354,340685940.56785274,4,0.02
600,316828989.6850172,340119154.2699023,4,0.02
620,320278091.7245397,340030739.5814704,4,0.02
640,317617783.5684493,339582683.6172341,4,0.02
660,312592007.170003,338826895.0844371,4,0.02
680,311053534.58612293,339395609.5764215,4,0.02
700,315126917.4421315,339841814.3329585,4,0.02
720,310357748.9901526,339560954.348568,4,0.02
740,311219182.88804275,339528212.8533994,4,0.02
760,314522405.3343365,340629480.31577027,4,0.02
780,314868185.33694375,340177477.46424764,4,0.02
